firma.id,firma.nazwa,firma.skroconaNazwa,firma.wlasciciel.imie,firma.wlasciciel.drugieImie,firma.wlasciciel.nazwisko,firma.wlasciciel.pesel,firma.nip,firma.regon,firma.dataRozpoczeciaDzialalnosci,firma.dataZawieszeniaDzialalnosci,firma.dataWznowieniaDzialalnosci,firma.przewazajacePKD,firma.adresDzialalnosci,firma.adresKorespondencyjny,firma.telefon,firma.email,firma.www
FIRMAID-00001,Facebook - Meta,Facebook - Meta,Anna,,Kowalska-Krawczyk,60021406849,1234805466,,2013-01-08,,2024-03-22,70.22.Z,"os. Marszałkowska 1/1, 00-590 Warszawa","os. Marszałkowska 1/1, 00-590 Warszawa",+48 651 641 499,anna.kowalska.krawczyk@gmail.com,
FIRMAID-00002,Polskie Przetwory sp z oo,Polskie Przetwory,Tomasz,Robert,Nowacki,61032108236,1234884655,,2020-01-21,,,64.19.Z,"ul Krakowskie Przedmieście 18, 00-071 Warszawa","ul Krakowskie Przedmieście 18, 00-071 Warszawa",756388594,t.nowacki@outlook.com,https://polskie-przetwory.eu
FIRMAID-00003,Hurtownia Nabiału Mleczko sp. z o. o.,Hurtownia Nabiału Mleczko,Katarzyna,Agnieszka,Wiśniewska,62042809586,1234963840,,2016-05-12,,,64.19.Z,"ulica Floriańska 35, 31-019 Kraków","ulica Floriańska 35, 31-019 Kraków",48-620-545-475,wisniewska.katarzyna@wp.pl,https://www.hurtownia-nabialu-mleczko-group.local
FIRMAID-00004,Agencja Reklamowa Kreatywni Sp. z o.o.,Agencja Reklamowa Kreatywni,Krzysztof,,Wójcik,63050710972,1235043030,,2024-11-13,2022-04-24,2021-07-10,43.22.Z,"Długa 52, 31-147 Kraków","Długa 52, 31-147 Kraków",576 289 815,krzysztofwojcik@onet.pl,https://www.agencja-reklamowa-kreatywni-group.pl
FIRMAID-00005,Kancelaria Prawna Sankcja SP Z O O,Kancelaria Prawna Sankcja,Ewa,Justyna,Kowalczyk,64061412321,1235122226,,2010-06-29,2025-01-04,2025-07-30,62.01.Z,"ul. Piotrkowska 69/53, 90-102 Łódź","ul. Piotrkowska 69/53, 90-102 Łódź",633858657,ewa_kowalczyk@interia.pl,https://www.kancelaria-prawnankcja-group.com.pl
FIRMAID-00006,Śląskie Zakłady Mechaniczne spółka z ograniczoną odpowiedzialnością,Śląskie Zakłady Mechaniczne,Adam,Jan,Kamiński,65072113717,1235201411,,2024-05-14,,2021-11-01,62.01.Z,"ul Zachodnia 86, 90-402 Łódź","ul Zachodnia 86, 90-402 Łódź",(48) 643750916,adam.kaminski75@o2.pl,https://www.slaskie-zaklady-mechaniczne.eu
FIRMAID-00007,Fabryka Okien i Drzwi Profil Spółka z ograniczoną odpowiedzialnością,Fabryka Okien i Drzwi Profil,Monika,,Lewandowska,66082815068,1235280600,,2011-01-05,,2026-10-06,64.19.Z,"ulica Świdnicka 103, 50-066 Wrocław","ulica Świdnicka 103, 50-066 Wrocław",+48 573 617 571,monika.lewandowska@proton.me,
FIRMAID-00008,Przedsiębiorstwo Robót Drogowych S.A.,Przedsiębiorstwo Robót Drgoowych,Marek,Marcin,Zieliński,67090716451,1235359796,,2015-08-15,,2022-06-21,70.22.Z,"Legnicka 120, 54-203 Wrocław","Legnicka 120, 54-203 Wrocław",797779600,m.zielinski@yahoo.com,https://www.przedsiebiorstwo-robot-drogowych-group.pl
FIRMAID-00009,Krakowskie Biuro Nieruchomości SA,Krakowskie Biuro Nieruchomości,Barbara,Karolina,Szymańska,68101417802,1235438981,,2018-05-31,,,43.22.Z,"ul. Święty Marcin 137/15, 61-806 Poznań","ul. Święty Marcin 137/15, 61-806 Poznań",+48 747 985 588,szymanska.barbara@gmail.com,https://www.krakowskie-biuro-nieruchomosci-group.com.pl
FIRMAID-00010,Salon Samochodowy Auto-Hit S. A.,Salon Samochodowy Auto-Hit,Rafał,,Dąbrowski,69112119190,1235518177,,2025-05-21,,2024/15/09,43.22.Z,"ul Głogowska 154, 60-734 Poznań","ul Głogowska 154, 60-734 Poznań",796 657 011,rafaldabrowski@outlook.com,https://www.salonmochodowy-auto-hit-group.eu
FIRMAID-00011,Klinika Stomatologiczna Dent-Med Spółka Akcyjna,Klinika Stomatologiczna Dent-Med,Aleksandra,Małgorzata,Mazur,70122820541,1235597366,,2010-09-04,,2022-10-06,64.19.Z,"ulica Długa 171, 80-831 Gdańsk","ulica Długa 171, 80-831 Gdańsk",+48 630 618 289,aleksandra_mazur@wp.pl,https://www.klinika-stomatologiczna-dent-med.local
FIRMAID-00012,Polski Tytoń sp. z o.o.,Polski Tytoń,Andrzej,Jakub,Krawczyk,71010721939,1235676551,,2010-10-16,20270302,,62.01.Z,"Grunwaldzka 8, 80-236 Gdańsk","Grunwaldzka 8, 80-236 Gdańsk",536 504 415,andrzej.krawczyk81@onet.pl,https://polski-tyton.pl
FIRMAID-00013,Gdańska Stocznia Jachtowa sp z oo,Gdańska Stocznia Jachtowa,Marta,,Woźniak,72021423289,1235755747,,2020-06-12,,2021-05-10,62.01.Z,"ul. Jagiellońska 25/67, 70-435 Szczecin","ul. Jagiellońska 25/67, 70-435 Szczecin",783 640 033,marta.wozniak@interia.pl,
FIRMAID-00014,Wytwórnia Makaronu Jajecznego sp. z o. o.,Wytwórnia Makaronu Jajecznego,Łukasz,Artur,Jankowski,73032124675,1235834932,,2024-07-31,2024-04-05,03/07/2024,64.19.Z,"ul Wyszyńskiego 42, 70-200 Szczecin","ul Wyszyńskiego 42, 70-200 Szczecin",(48) 568190579,l.jankowski@o2.pl,https://www.wytwornia-makaronu-jajecznego-group.eu
FIRMAID-00015,Zakłady Mięsne Tradycja Sp. z o.o.,Zakłady Mięsne Tradycja,Paulina,Iwona,Grabowska,74042826025,1235914128,,2023-04-05,2025-09-10,,70.22.Z,"ulica Mariacka 59, 40-014 Katowice","ulica Mariacka 59, 40-014 Katowice",(48) 654551769,grabowska.paulina@proton.me,https://www.zaklady-miesne-tradycja-group.local
FIRMAID-00016,Spółdzielnia Mleczarska Radomsko SP Z O O,Spółdzielnia Mleczarska Radomsko,Mateusz,,Pawlak,75050727418,1235993317,,2016-11-25,,2022-09-08,70.22.Z,"Warszawska 76, 40-009 Katowice","Warszawska 76, 40-009 Katowice",+48 543 737 124,mateuszpawlak@yahoo.com,https://www.spoldzielnia-mleczarska-radomsko.pl
FIRMAID-00017,Kancelaria Finansowo-Księgowa Bilans spółka z ograniczoną odpowiedzialnością,Kancelaria Finansowo-Księgowa Bilans,Elżbieta,Renata,Michalska,76061428767,1236072507,,2014-07-12,2021-12-03,,43.22.Z,"ul. Krakowskie Przedmieście 93/29, 20-002 Lublin","ul. Krakowskie Przedmieście 93/29, 20-002 Lublin",650958018,elzbieta_michalska@gmail.com,https://kancelaria-finansowo-ksiegowa-bilans.com.pl
FIRMAID-00018,Zarząd Nieruchomości Komercyjnych Spółka z ograniczoną odpowiedzialnością,Zarząd Nieruchomości Komercyjnych,Dawid,Maciej,,77072130157,1236151690,,,,,43.22.Z,"ul Narutowicza 110, 20-004 Lublin","ul Narutowicza 110, 20-004 Lublin",48-624-824-398,dawid.krol87@outlook.com,https://www.zarzad-nieruchomosci-komercyjnych-group.eu
FIRMAID-00019,Polskie Linie Oceaniczne S.A.,Polskie Linie Oceaniczne,Dorota,,Wieczorek,78082831506,1236230886,,2022-05-25,2025-01-16,,70.22.Z,"ulica Lipowa 127, 15-424 Białystok","ulica Lipowa 127, 15-424 Białystok",741 678 246,dorota.wieczorek@wp.pl,
FIRMAID-00020,Hurtownia Materiałów Budowlanych Cegiełka SA,Hurtownia Materiałów Budowlanych Cegiełka,Dariusz,Zbigniew,Jabłoński,79090732890,1236310071,,2013-02-02,2021-03-16,,70.22.Z,"Sienkiewicza 144, Białystok","Sienkiewicza 144, Białystok",(48) 739997998,d.jablonski@onet.pl,https://www.hurtownia-materialow-budowlanych-cegielka-group.pl
FIRMAID-00021,PPHU Studio Projektowe Architektura,PPHU Studio Projektowe Architektura,Beata,Patrycja,Witkowska,80101434241,1236389262,,2014-02-18,,,64.19.Z,"ul. Gdańska 161/81, 85-005 Bydgoszcz","ul. Gdańska 161/81, 85-005 Bydgoszcz",(48) 534569318,witkowska.beata@interia.pl,https://www.studio-projektowe-architektura.com.pl
FIRMAID-00022,Centrum Medycyny Pracy Spółka Akcyjna,Centrum Medycyny Pracy,Sławomir,,Walczak,81112135637,1236468458,,2011-08-10,2022-09-06,2026-03-23,43.22.Z,"ul Dworcowa 178, 85-009 Bydgoszcz","ul Dworcowa 178, 85-009 Bydgoszcz",674 138 360,slawomirwalczak@o2.pl,https://centrum-medycyny-pracy.eu
FIRMAID-00023,Przedsiębiorstwo Energetyki Cieplnej sp. z o.o.,Przedsiębiorstwo Energetyki Cieplnej,Urszula,Wiktoria,Stępień,82122836987,1236547643,,2019-07-25,2023-02-20,2022-10-16,66.22.Z,"ulica Szeroka 15, 87-100 Toruń","ulica Szeroka 15, 87-100 Toruń",505589705,urszula_stepien@proton.me,https://www.przedsiebiorstwo-energetyki-cieplnej-group.local
FIRMAID-00024,Gospodarstwo Rolno-Ogrodnicze sp z oo,Gospodarstwo Rolno-Ogrodnicze,Mariusz,Jacek,Baran,83010738376,1236626839,,2011-10-07,2023-10-28,,62.01.Z,"Chełmińska 32, 87-100 Toruń","Chełmińska 32, 87-100 Toruń",775668736,mariusz.baran93@yahoo.com,https://www.gospodarstwo-rolno-ogrodnicze-group.pl
FIRMAID-00025,Drukarnia Wielkoformatowa Impress sp. z o. o.,Drukarnia Wielkoformatowa Impress,Izabela,,Rutkowska,84021439724,1236706024,,2011-02-28,,2024-08-14,64.19.Z,"ul. 3 Maja 49/43, 35-030 Rzeszów","ul. 3 Maja 49/43, 35-030 Rzeszów",48-663-413-803,izabela.rutkowska@gmail.com,
FIRMAID-00026,Klub Fitness Sylwetka Sp. z o.o.,Klub Fitness Sylwetka,Henryk,Przemysław,Górski,85032141114,1236785213,,2015-11-07,2025-05-01,,43.22.Z,"ul Piłsudskiego 66, 35-074 Rzeszów","ul Piłsudskiego 66, 35-074 Rzeszów",+48 760 870 632,h.gorski@outlook.com,https://www.klub-fitness-sylwetka.eu
FIRMAID-00027,Polska Grupa Energetyczna SP Z O O,Polska Grupa Energetyczna,Weronika,Kinga,Sikora,86042842464,1236864409,,2015-02-21,,,43.22.Z,"ulica Sienkiewicza 83, 25-007 Kielce","ulica Sienkiewicza 83, 25-007 Kielce",(48) 760539030,sikora.weronika@wp.pl,https://polska-grupa-energetyczna.local
FIRMAID-00028,Mazowieckie Zakłady Drobiarskie spółka z ograniczoną odpowiedzialnością,Mazowieckie Zakłady Drobiarskie,Stanisław,,Ostrowski,87050743857,1236943592,,2011-09-15,2022-05-13,2022-10-28,43.22.Z,"Warszawska 100, 25-512 Kielce","Warszawska 100, 25-512 Kielce",48-668-508-929,stanislawostrowski@onet.pl,https://www.mazowieckie-zaklady-drobiarskie-group.pl
FIRMAID-00029,Hurtownia Farmaceutyczna Aptekarz Spółka z ograniczoną odpowiedzialnością,Hurtownia Farmaceutyczna Aptekarz,Zofia,Kamila,Tomaszewska,88061445206,1237022782,,2015-07-03,2023-09-27,2025-09-19,62.01.Z,"ul. Kościuszki 117/5, 10-504 Olsztyn","ul. Kościuszki 117/5, 10-504 Olsztyn",547 684 112,zofia_tomaszewska@interia.pl,https://www.hurtownia-farmaceutyczna-aptekarz-group.com.pl
FIRMAID-00030,Kancelaria Notarialna Lex S.A.,Kancelaria Notarialna Lex,Bartłomiej,Daniel,Zając,89072146593,1237101978,,2019-07-29,,,62.01.Z,"os. Dąbrowszczaków 134, 10-540 Olsztyn","os. Dąbrowszczaków 134, 10-540 Olsztyn",(48) 781608833,bartlomiej.zajac70@o2.pl,https://www.kancelaria-notarialna-lex-group.eu
FIRMAID-00031,Biuro Podróży Wojażer SA,Biuro Podróży Wojażer,Olga,,Pietrzak,90082847941,1237181167,,2018-12-21,,2025-03-07,62.01.Z,"ulica Krakowska 151, 45-018 Opole","ulica Krakowska 151, 45-018 Opole",677332961,olga.pietrzak@proton.me,
FIRMAID-00032,Szkoła Języków Obcych Lingua S. A.,Szkoła Języków Obcych Lingua,Damian,Waldemar,Wójcicki,91090749335,1237260352,,2018-11-27,,,62.01.Z,"Ozimska 168, 45-057 Opole","Ozimska 168, 45-057 Opole",760103482,d.wojcicki@yahoocom,https://szkola-jezykow-obcych-lingua.pl
FIRMAID-00033,Centrum Logistyczne Podlasie Spółka Akcyjna,Centrum Logistyczne Podlasie,Ewelina,Danuta,Czarnecka,92101450680,1247339575,,2010-09-19,07/12/2023,,64.19.Z,"ul. Bohaterów Westerplatte 5/57, 65-034 Zielona Góra","ul. Bohaterów Westerplatte 5/57, 65-034 Zielona Góra",694 973 146,czarnecka.ewelina@gmail.com,https://www.centrum-logistyczne-podlasie-group.com.pl
FIRMAID-00034,Fabryka Mebli Drewnianych Dąb sp. z o.o.,Fabryka Mebli Drewnianych Dąb,Bartosz,,Lis,93112152077,1237418735,,2018-03-31,,2024-01-09,70.22.Z,"ul Kupiecka 22, 65-058 Zielona Góra","ul Kupiecka 22, 65-058 Zielona Góra",48-617-792-243,bartoszlis@outlook.com,https://www.fabryka-mebli-drewnianych-dab-group.eu
FIRMAID-00035,Polskie Sady sp z oo,Polskie Sady,Sylwia,Aneta,Kołodziej,94122853426,1237497924,,2019-02-25,,2025/23/10,66.22.Z,"ulica Świętojańska 39, 81-372 Gdynia","ulica Świętojańska 39, 81-372 Gdynia",557 602 755,sylwia_kolodziej@wp.pl,https://www.polskiedy-group.local
FIRMAID-00036,Wielkopolska Hurtownia Stali sp. z o. o.,Wielkopolska Hurtownia Stali,Leszek,Kacper,Kaczmarek,95010754814,1247577145,,2023-09-29,,2026-12-14,70.22.Z,"10 Lutego 56, 81-364 Gdynia","10 Lutego 56, 81-364 Gdynia",(48) 626824679,leszek.kaczmarek76@onet.pl,https://www.wielkopolska-hurtownia-stali.pl
FIRMAID-00037,Zakład Oczyszczania Miasta Sp. z o.o.,Zakład Oczyszczania Miasta,Grażyna,,Piątek,96021456164,1237656305,,2013-12-07,,2024-05-23,70.22.Z,"ul. Bolesława Prusa 73/19, 05-800 Pruszków","ul. Bolesława Prusa 73/19, 05-800 Pruszków",514435681,grazyna.piatek@interia.pl,
FIRMAID-00038,Przedsiębiorstwo Wodociągów i Kanalizacji SP Z O O,Przedsiębiorstwo Wodociągów i Kanalizacji,Cezary,Szymon,Sadowski,97032157550,1237735499,,2011-03-01,,2024-03-27,70.22.Z,05-500 Piaseczno,05-500 Piaseczno,48-517-354-991,c.sadowski@o2.pl,https://www.przedsiebiorstwo-wodociagow-i-kanalizacji-group.eu
FIRMAID-00039,Instytut Badań Rynkowych spółka z ograniczoną odpowiedzialnością,Instytut Badań Rynkowych,Bożena,Oliwia,Włodarczyk,98042858909,1237814684,,2021-11-26,2020-07-28,2024-05-22,62.01.Z,"ulica Sienkiewicza 107, 32-020 Wieliczka","ulica Sienkiewicza 107, 32-020 Wieliczka",48-708-620-800,wlodarczyk.bozena@proton.me,https://www.instytut-badan-rynkowych-group.local
FIRMAID-00040,Agencja Ochrony Solidna Spółka z ograniczoną odpowiedzialnością,Agencja Ochrony Solidna,Filip,,Borkowski,99050760297,1237893873,,2020-01-09,2024-08-02,,66.22.Z,"Dąbrowskiego 124, 32-600 Oświęcim","Dąbrowskiego 124, 32-600 Oświęcim",48-743-691-441,filipborkowski@yahoo.com,https://www.agencja-ochrony-solidna-group.pl
FIRMAID-00041,Instagram - Meta,Instagram - Meta,Zuzanna,Emilia,Sawicka-Pająk,00261461640,1237973069,,2010-07-31,,,43.22.Z,"ul. Rynek 141/71, 38-400 Krosno","ul. Rynek 141/71, 38-400 Krosno",48-569-153-524,zuzanna_sawicka.pajak@gmail.com,https://www.instagram-meta.com.pl
FIRMAID-00042,Krajowa Izba Gospodarcza SA,Krajowa Izba Gospodarcza,Mikołaj,Ignacy,Dudek,01272163037,1238052259,,2017-05-19,2024-06-04,2024-05-06,70.22.Z,"ul Mickiewicza 158, 39-300 Mielec","ul Mickiewicza 158, 39-300 Mielec",(48) 746803310,mikolaj.dudek82@outlook.com,https://krajowa-izba-gospodarcza.eu
FIRMAID-00043,Polskie Zakłady Lotnicze S. A.,Polskie Zakłady Lotnicze,Lena,,Adamczyk,02282864387,1238131444,,2025-02-08,2024-08-26,2024-10-18,70.22.Z,"175, 58-100 Świdnica","175, 58-100 Świdnica",(48) 730490140,lena.adamczyk@wp.pl,
FIRMAID-00044,Hurtownia Elektryczna Wat Spółka Akcyjna,Hurtownia Elektryczna Wat,Antoni,Leon,Pawłowski,03290765770,1248210665,,2024-11-30,,,64.19.Z,"Wojska Polskiego 12, 57-300 Kłodzko","Wojska Polskiego 12, 57-300 Kłodzko",48-558-899-603,a.pawlowski@onet.pl,https://www.hurtownia-elektryczna-wat-group.pl
FIRMAID-00045,Centrum Ogrodnicze Zielona Oaza sp. z o.o.,Centrum Ogrodnicze Zielona Oaza,Hanna,Dominika,Nowicka,04301467122,1238289820,,2017-04-01,,,43.22.Z,"ul. Chrobrego 29/33, 62-200 Gniezno","ul. Chrobrego 29/33, 62-200 Gniezno",(48) 718340133,nowicka.hanna@interia.pl,https://www.centrum-ogrodnicze-zielona-oaza-group.com.pl
FIRMAID-00046,Piekarnia i Cukiernia Chrupiący Rogalik sp z oo,Piekarnia i Cukiernia Chrupiący Rogalik,Franciszek,,Sokołowski,05312168518,1238369016,,2018-08-15,,,43.22.Z,"ul Słowiańska 46, 64-100 Leszno","ul Słowiańska 46, 64-100 Leszno",695 991 543,franciszeksokolowski@o2.pl,https://www.piekarnia-i-cukiernia-chrupiacy-rogalik.eu
FIRMAID-00047,Zakład Usług Komunalnych sp. z o. o.,Zakład Usług Komunalnych,Amelia,Jagoda,Wróbel,60122869864,1238448201,,2013-04-15,,,66.22.Z,"ulica Gdańska 63, 83-110 Tczew","ulica Gdańska 63, 83-110 Tczew",48-656-311-774,amelia_wrobel@proton.me,https://zaklad-uslug-komunalnych.local
FIRMAID-00048,Polski Komfort Sp. z o.o.,Polski Komfort,Nikodem,Jerzy,Majewski,61010771256,1238527395,,2020-01-03,,,62.01.Z,"Sobieskiego 80, 84-200 Wejherowo","Sobieskiego 80, 84-200 Wejherowo",754 471 062,nikodem.majewski88@yahoo.com,https://www.polski-komfort-group.pl
FIRMAID-00049,Kancelaria Radców Prawnych Partnerzy SP Z O O,Kancelaria Radców Prawnych Partnerzy,Martyna,,Olszewska,62021472604,1238606580,,2024-12-25,,2025-11-28,70.22.Z,"ul. Głęboka 97/85, 43-400 Cieszyn","ul. Głęboka 97/85, 43-400 Cieszyn",511329428,martyna.olszewska@gmail.com,
FIRMAID-00050,Centrum Dystrybucji Alkoholi spółka z ograniczoną odpowiedzialnością,Centrum Dystrybucji Alkoholi,Miłosz,Marian,Jaworski,63032173991,1248685807,,2011-01-14,,2024-12-04,43.22.Z,"114, 42-500 Będzin","114, 42-500 Będzin",48-700-346-992,m.jaworski@pocztaa.pl,https://www.centrum-dystrybucji-alkoholi-group.eu
FIRMAID-00051,Przedsiębiorstwo Spedycyjne Ładunek Spółka z ograniczoną odpowiedzialnością,Przedsiębiorstwo Spedycyjne Ładunek,Agata,Irena,Malinowska,64042875341,1238764965,,2025-02-25,,2024-04-14,66.22.Z,"ulica Królowej Jadwigi 131, 88-100 Inowrocław","ulica Królowej Jadwigi 131, 88-100 Inowrocław",48-509-229-924,malinowska.agata@wp.pl,https://www.przedsiebiorstwo-spedycyjne-ladunek.local
FIRMAID-00052,Fabryka Tekstyliów Splot S.A.,Fabryka Tekstyliów Splot,Tadeusz,,Pająk,65050776734,1238844150,,2010-03-10,,2026-10-26,43.22.Z,"Wybickiego 148, 86-300 Grudziądz","Wybickiego 148, 86-300 Grudziądz",557356137,tadeuszpajak@onet.pl,https://fabryka-tekstyliow-splot.pl
FIRMAID-00053,Górnośląskie Towarzystwo Finansowe SA,Górnośląskie Towarzystwo Finansowe,Helena,Izabela,Szczepańska,66061478084,1238923346,,2019-08-09,,,66.22.Z,"ul. Czarnieckiego 165/47, 14-100 Ostróda","ul. Czarnieckiego 165/47, 14-100 Ostróda",533515663,helena_szczepanska@interia.pl,https://www.gornoslaskie-towarzystwo-finansowe-group.com.pl
FIRMAID-00054,Krajowa Agencja Informacyjna S. A.,Krajowa Agencja Informacyjna,Stefan,Mirosław,Czerwiński,67072179470,1239002536,,2017-11-16,,2024-04-09,62.01.Z,"ul Nieistniejąca 2, 99-999 Nibylandia","ul Nieistniejąca 2, 99-999 Nibylandia",48-680-750-396,stefan.czerwinski94@o2.pl,https://www.krajowa-agencja-informacyjna-group.eu
FIRMAID-00055,Polskie Jagody Spółka Akcyjna,Polskie Jagody,Jadwiga,,Kubiak,68082880822,1239081725,,2021-02-16,,2024-08-31,64.19.Z,"ulica Lubelska 19, 24-100 Puławy","ulica Lubelska 19, 24-100 Puławy",(48) 610826711,jadwiga.kubiak@proton.me,
FIRMAID-00056,Zielony Amber sp. z o.o.,Zielony Amber,Józef,Piotr,Wilk,69090782216,1239160910,,2025-01-04,,31-05-2025,64.19.Z,"Staszica 36, 22-400 Zamość","Staszica 36, 22-400 Zamość",696 914 780,j.wilk@yahoo.com,https://www.zielony-amber.pl
FIRMAID-00057,Zielony Bizon sp z oo,Zielony Bizon,Monika,Maria,Wysocka,70101483567,1239240106,,2015-05-24,,,66.22.Z,"53/9, 16-300 Augustów","53/9, 16-300 Augustów",647164714,wysocka.monika@gmail.com,https://zielony-bizon.com.pl
FIRMAI-00058,Zielony Canyon sp. z o. o.,Zielony Canyon,Edward,,Chmielewski,71112184953,1239319291,,2012-05-24,,2025-09-09,64.19.Z,"ul Kościuszki 70, 16-400 Suwałki","ul Kościuszki 70, 16-400 Suwałki",799343720,edwardchmielewski@outlook.com,https://www.zielony-canyon-group.eu
FIRMAID-00059,Zielony Delfin Sp. z o.o.,Zielony Delfin,Sabina,Joanna,Urbańska,72122886303,1239398480,,2012-06-22,2022-04-30,,64.19.Z,"os. Piastowska 87, 48-300 Nysa","os. Piastowska 87, 48-300 Nysa",+48 548 157 896,sabina_urbanska@wp.pl,https://www.zielony-delfin-group.local
FIRMAID-00060,Zielony Echo SP Z O O,Zielony Echo,Arkadiusz,Paweł,Błaszczyk,73010787692,1239477676,,2016-09-08,2025-01-01,,64.19.Z,"Długa 104, 49-300 Brzeg","Długa 104, 49-300 Brzeg",48-619-329-111,arkadiusz.blaszczyk71@onet.pl,https://www.zielony-echo-group.pl
FIRMAID-00061,P.P.H.U. Zielony Falcon,P.P.H.U. Zielony Falcon,Anna,,Szulc,74021489041,1239556861,,2021-12-20,,,70.22.Z,"ul. Rynek 121/61, 68-200 Żary","ul. Rynek 121/61, 68-200 Żary",734610122,anna.szulc@interia.pl,
FIRMAID-00062,Zielony Gryf Spółka z ograniczoną odpowiedzialnością,Zielony Gryf,Tomasz,Robert,Kozak,75032190430,1239636057,,2018-03-16,2023-01-20,,64.19.Z,"ul Sikorskiego 138, 66-200 Świebodzin","ul Sikorskiego 138, 66-200 Świebodzin",(48) 790368164,t.kozak@o2.pl,https://zielony-gryf.eu
FIRMAID-00063,Zielony Horyzont S.A.,Zielony Horyzont,Katarzyna,Agnieszka,Cieślak,76042891780,1239715242,,2017-11-27,2021-03-11,2026-06-17,66.22.Z,"ulica Armii Krajowej 155, 78-100 Kołobrzeg","ulica Armii Krajowej 155, 78-100 Kołobrzeg",48-583-356-585,cieslak.katarzyna@proton.me,https://www.zielony-horyzont-group.local
FIRMAID-00064,Zielony Ikar SA,Zielony Ikar,Krzysztof,,Andrzejewski,77050793174,1239794431,,2013-09-28,,,64.19.Z,"Piłsudskiego 172, 73-110 Stargard","Piłsudskiego 172, 73-110 Stargard",+48 528 213 044,krzysztofandrzejewski@yahoo.com,https://www.zielony-ikar-group.pl
FIRMAID-00065,Zielony Jantar S. A.,Zielony Jantar,Ewa,Justyna,Gajewska,78061494522,1239873627,,2021-09-28,,,64.19.Z,"ul. Mickiewicza 9/23, 27-600 Sandomierz","ul. Mickiewicza 9/23, 27-600 Sandomierz",597 294 152,ewa_gajewska@gmail.com,https://www.zielony-jantar-group.com.pl
FIRMAID-00066,Zielony Koral Spółka Akcyjna,Zielony Koral,Adam,Jan,Laskowski,79072195918,1239952812,,2024-11-01,2021-03-20,,66.22.Z,"ul Sienkiewicza 26, 27-400 Ostrowiec Świętokrzyski","ul Sienkiewicza 26, 27-400 Ostrowiec Świętokrzyski",693649547,adam.laskowski77@outlook.com,https://www.zielony-koral.eu
FIRMAID-00067,Zielony Lotos sp. z o.o.,Zielony Lotos,Monika,,Mazurek,80082897268,1240032000,,2019-11-09,2024-11-29,2021-08-24,66.22.Z,"ulica Chmielna 43, 00-020 Warszawa","ulica Chmielna 43, 00-020 Warszawa",48-598-818-475,monika.mazurek@wp.pl,
FIRMAID-00068,Zielony Magnolia sp z oo,Zielony Magnolia,Marek,Marcin,Sobczak,81090798651,1240111194,,2010-03-08,,2021-07-05,62.01.Z,"Nowy Świat 60, 00-029 Warszawa","Nowy Świat 60, 00-029 Warszawa",+48 749 449 583,m.sobczak@onet.pl,https://www.zielony-magnolia-group.pl
FIRMAID-00069,Zielony Neon sp. z o. o.,Zielony Neon,Barbara,Karolina,Konieczna,82101400006,1240190383,,2019-08-26,2024-02-02,2026-10-22,62.01.Z,"ul. os. Przyjaźń 77/75, 01-355 Warszawa","ul. os. Przyjaźń 77/75, 01-355 Warszawa",527 893 134,konieczna.barbara@interia.pl,https://www.zielony-neon-group.com.pl
FIRMAID-00070,Zielony Oaza Sp. z o.o.,Zielony Oaza,Rafał,,Brzeziński,83112101393,1240269570,,2017-11-30,,,62.01.Z,"ul Jagiellońska 94, 05-120 Legionowo","ul Jagiellońska 94, 05-120 Legionowo",+48 747 718 270,rafalbrzezinski@o2.pl,https://www.zielony-oaza-group.eu
FIRMAID-00071,Zielony Pegaz SP Z O O,Zielony Pegaz,Aleksandra,Małgorzata,Makowska,84122802742,1240348766,,2013-02-22,2025-10-17,,66.22.Z,"ulica Piłsudskiego 111, 05-270 Marki","ulica Piłsudskiego 111, 05-270 Marki",574 879 543,aleksandra_makowska@proton.me,https://www.zielony-pegaz.local
FIRMAID-00072,Zielony Rubin spółka z ograniczoną odpowiedzialnością,Zielony Rubin,Andrzej,Jakub,Wrona,85010704131,1240427951,,2022-12-09,,2021-09-24,64.19.Z,"Andriollego 128, 05-400 Otwock","Andriollego 128, 05-400 Otwock",581356428,andrzej.wrona83@yahoo.com,https://zielony-rubin.pl
FIRMAID-00073,Zielony Szafir Spółka z ograniczoną odpowiedzialnością,Zielony Szafir,Marta,,Bąk,86021405480,1240507147,,2016-03-18,,2026-10-19,64.19.Z,"ul. Żeromskiego 145/37, 26-600 Radom","ul. Żeromskiego 145/37, 26-600 Radom",793 688 387,marta.bak@gmail.com,
FIRMAID-00074,Zielony Tytan S.A.,Zielony Tytan,Łukasz,Artur,Kucharski,87032106876,1240586336,,2023-11-04,2025-09-23,,62.01.Z,"ul Tumska 162, 09-402 Płock","ul Tumska 162, 09-402 Płock",(48) 746657455,l.kucharski@outlook.com,https://www.zielony-tytan-group.eu
FIRMAID-00075,Zielony Uran SA,Zielony Uran,Paulina,Iwona,Lisowska,88042808226,1240665521,,2017-09-03,,2022-08-08,66.22.Z,"ulica Karmelicka 179, 31-128 Kraków","ulica Karmelicka 179, 31-128 Kraków",782 122 817,lisowska.paulina@wp.pl,https://www.zielony-uran-group.local
FIRMAID-00076,Zielony Wektor S. A.,Zielony Wektor,Mateusz,,Słowik,89050709619,1240744717,,2021-07-08,2025-11-14,,70.22.Z,"os. Na Stoku 16, 31-704 Kraków","os. Na Stoku 16, 31-704 Kraków",48-604-204-328,mateuszslowik@onet.pl,https://www.zielony-wektor.pl
FIRMAID-00077,Zielony Zefir Spółka Akcyjna,Zielony Zefir,Elżbieta,Renata,Kopeć,90061410960,1240823902,,2017-10-02,,2026-06-29,66.22.Z,"ul. Krupówki 33/89, 34-500 Zakopane","ul. Krupówki 33/89, 34-500 Zakopane",(48) 628327986,elzbieta_kopec@interia.pl,https://zielony-zefir.com.pl
FIRMAID-00078,Zielony Żubr sp. z o.o.,Zielony Żubr,Dawid,Maciej,Czajka,91072112357,1240903096,,2011-11-19,2021-07-29,2026-04-22,43.22.Z,"50, 34-600 Mordarka","50, 34-600 Mordarka",552703345,dawid.czajka89@o2.pl,https://www.zielony-zubr-group.eu
FIRMAID-00079,Zielony Sokół sp z oo,Zielony Sokół,Dorota,,Matusiak,92082813706,1240982285,,2023-12-04,2021-09-30,11/06/2023,66.22.Z,"ulica Galicyjska 67, 32-087 Zielonki","ulica Galicyjska 67, 32-087 Zielonki",+48 616 863 799,dorota.matusiak@proton.me,
FIRMAID-00080,Zielony Orzeł sp. z o. o.,Zielony Orzeł,Dariusz,Zbigniew,Gajda,93090715091,1241061475,,2018-08-16,,,70.22.Z,"84, 32-003 Podłęże","84, 32-003 Podłęże",682 506 159,d.gajda@yahoo.com,https://www.zielony-orzel-group.pl
FIRMAID-00081,mBank,mBank,Beata,Patrycja,Klimek-Bednarek,94101416442,1241140660,,2011-03-26,2024-12-03,11-05-2024,64.19.Z,"ul. Wałowa 101/51, 33-100 Tarnów","ul. Wałowa 101/51, 33-100 Tarnów",+48 620 744 475,klimek.bednarek.beata@gmail.com,https://www.mbank.com.pl
FIRMAID-00082,Zielony Barycz SP Z O O,Zielony Barycz,Sławomir,,Madej,95112117838,1241219858,,2013-07-26,,2022-08-16,43.22.Z,"ul Narutowicza 118, 90-135 Łódź","ul Narutowicza 118, 90-135 Łódź",+48 613 660 826,slawomirmadej@outlook.com,https://zielony-barycz.eu
FIRMAID-00083,Zielony Noteć spółka z ograniczoną odpowiedzialnością,Zielony Noteć,Urszula,Wiktoria,Krupa,96122819189,1241299047,,2014-05-08,2025-08-28,2025-03-04,64.19.Z,"ulica os. Retkinia 135, 94-004 Łódź","ulica os. Retkinia 135, 94-004 Łódź",787918944,urszula_krupa@wp.pl,https://www.zielony-notec-group.local
FIRMAID-00084,Zielony Pilica Spółka z ograniczoną odpowiedzialnością,Zielony Pilica,Mariusz,Jacek,Kaczmarczyk,97010720570,1241378232,,2012-03-02,2022-05-21,2024-02-24,64.19.Z,"Zamkowa 152, 95-200","Zamkowa 152, 95-200",676 236 446,mariusz.kaczmarczyk95@onet.pl,https://www.zielony-pilica-group.pl
FIRMAID-00085,Zielony Narew S.A.,Zielony Narew,Izabela,,Wrona,98021421928,1241457428,,2017-05-18,2020-08-20,2022-05-31,62.01.Z,"ul. Długa 169/13, 95-100 Zgierz","ul. Długa 169/13, 95-100 Zgierz",48-561-380-721,izabela.wrona@interia.pl,
FIRMAID-00086,Zielony Jodełka SA,Zielony Jodełka,Henryk,Przemysław,Wasilewski,99032123315,1241536613,,2014-09-20,,,64.19.Z,"ul Rynek 6, 50-101 Wrocław","ul Rynek 6, 50-101 Wrocław",(48) 794655769,h.wasilewski@o2.pl,https://www.zielony-jodelka.eu
FIRMAID-00087,Zielony Kaktus S. A.,Zielony Kaktus,Weronika,Kinga,Kalinowska,00242824660,1241615809,,2021-09-05,,2026-04-03,62.01.Z,"ulica Jedności Narodowej 23, 50-260 Wrocław","ulica Jedności Narodowej 23, 50-260 Wrocław",(48) 509423758,kalinowska.weronika@proton.me,https://zielony-kaktus.local
FIRMAID-00088,Zielony Szmaragd Spółka Akcyjna,Zielony Szmaragd,Stanisław,,Zarychta,01250726054,1241694996,,2025-03-20,,,62.01.Z,"os. Konstytucji 3 Maja 40, 58-540 Karpacz","os. Konstytucji 3 Maja 40, 58-540 Karpacz",(48) 596260155,stanislawzarychta@yahoo.com,https://www.zielony-szmaragd-group.pl
FIRMAID-00089,Zielony Topaz sp. z o.o.,Zielony Topaz,Zofia,Kamila,Przybylska,02261427402,,,2025-06-14,,2021-02-13,43.22.Z,"ul. Odrodzenia 57/65, 59-300 Lubin","ul. Odrodzenia 57/65, 59-300 Lubin",698227880,zofia_przybylska@gmail.com,https://www.zielony-topaz-group.com.pl
FIRMAID-00090,Zielony Granit sp z oo,Zielony Granit,Bartłomiej,Daniel,Michalak,03272128799,1241853377,,2010-05-25,,2022-05-13,62.01.Z,"ul Słowackiego 74, 58-300 Wałbrzych","ul Słowackiego 74, 58-300 Wałbrzych",+48 556 444 268,bartlomiej.michalak72@outlook.com,https://www.zielony-granit-group.eu
FIRMAID-00091,Zielony Marmur sp. z o. o.,Zielony Marmur,Olga,,Szatkowska,04282830142,1241932562,,2010-02-16,,2026-12-26,66.22.Z,"ulica Półwiejska 91, 61-888 Poznań","ulica Półwiejska 91, 61-888 Poznań",+48 727 934 295,olga.szatkowska@wp.pl,
FIRMAID-00092,Zielony Syrena Sp. z o.o.,Zielony Syrena,Damian,Waldemar,Bednarek,05290731535,1242011752,,2010-04-12,,,70.22.Z,"os. Bolesława Chrobrego 108, 60-681 Poznań","os. Bolesława Chrobrego 108, 60-681 Poznań",699 674 865,d.bednarek@onet.pl,https://zielony-syrena.pl
FIRMAID-00093,Zielony Zodiak SP Z O O,Zielony Zodiak,Ewelina,Danuta,Podgórska,60101432883,1242090941,,2022-04-06,01/12/2022,,43.22.Z,"ul. Główny Rynek 125/27, 62-800 Kalisz","ul. Główny Rynek 125/27, 62-800 Kalisz",667 173 073,podgorska.ewelina@interia.pl,https://www.zielony-zodiak-group.com.pl
FIRMAID-00094,Zielony Olimp spółka z ograniczoną odpowiedzialnością,Zielony Olimp,Bartosz,,Śliwiński,61112134270,1242170137,,2023-01-10,,,62.01.Z,"ul Kaliska 142, 63-400 Ostrów Wielkopolski","ul Kaliska 142, 63-400 Ostrów Wielkopolski",48-517-946-798,bartoszsliwinski@o2.pl,https://www.zielony-olimp-group.eu
FIRMAID-00095,Zielony Zorza Spółka z ograniczoną odpowiedzialnością,Zielony Zorza,Sylwia,Aneta,Czajkowska,62122835629,1242249324,,2022-03-23,2024-05-17,,64.19.Z,"ulica Ogarna 159, 80-826 Gdańsk","ulica Ogarna 159, 80-826 Gdańsk",+48 787 763 335,sylwia_czajkowska@proton.me,https://www.zielony-zorza-group.local
FIRMAID-00096,Zielony Krokus S.A.,Zielony Krokus,Leszek,Kacper,Biernat,63010737018,1252328545,,2017-12-31,2020-05-22,,64.19.Z,"os. Jasień 176, 80-180 Gdańsk","os. Jasień 176, 80-180 Gdańsk",516 317 653,leszek.biernat78@yahoo.com,https://www.zielony-krokus.pl
FIRMAID-00097,Zielony Narcyz SA,Zielony Narcyz,Grażyna,,Panek,64021438367,1242407705,,2015-03-10,,2025-09-16,62.01.Z,"ul. Bohaterów Monte Cassino 13/79, 81-759 Sopot","ul. Bohaterów Monte Cassino 13/79, 81-759 Sopot",511528242,grazyna.panek@gmail.com,
FIRMAID-00098,Zielony Giewont S. A.,Zielony Giewont,Cezary,Szymon,Prus,65032139753,1242486892,,2020-10-14,2021-10-11,20220109,66.22.Z,"30, 80-209 Chwaszczyno","30, 80-209 Chwaszczyno",737 928 423,c.prus@outlook.com,https://www.zielony-giewont-group.eu
FIRMAID-00099,Zielony Rysy Spółka Akcyjna,Zielony Rysy,Bożena,Oliwia,Janik,66042841106,1242566088,,2011-04-22,,,62.01.Z,"ulica 3 Maja 47, 40-096 Katowice","ulica 3 Maja 47, 40-096 Katowice",597 264 419,janik.bozena@wp.pl,https://www.zielony-rysy-group.local
FIRMAID-00100,Zielony Kasprowy sp. z o.o.,Zielony Kasprowy,Filip,,Kowalski,67050742490,1242645273,,2010-06-18,,,43.22.Z,"os. Paderewskiego 64, 40-282 Katowice","os. Paderewskiego 64, 40-282 Katowice",+48 786 665 136,filipkowalski@gmai1.com,https://www.zielony-kasprowy-group.pl
FIRMAID-00101,PPHU Zielony Beskid,PPHU Zielony Beskid,Zuzanna,Emilia,Nowacka,68061443848,1242724469,,2019-07-01,,,70.22.Z,"ul. Zwycięstwa 81/41, 44-100 Gliwice","ul. Zwycięstwa 81/41, 44-100 Gliwice",+48 777 535 026,zuzanna_nowacka@interia.pl,https://www.zielony-beskid.com.pl
FIRMAID-00102,Zielony Bieszczady sp. z o. o.,Zielony Bieszczady,Mikołaj,Ignacy,Wiśniewski,69072145235,1242803654,,2025-06-03,2023-01-16,,64.19.Z,ul Bocheńskiego 98,ul Bocheńskiego 98,795 672 152,mikolaj.wisniewski84@o2.pl,https://zielony-bieszczady.eu
FIRMAID-00103,Zielony Karpaty Sp. z o.o.,Zielony Karpaty,Lena,,Wójcik,70082846584,1242882843,,2021-09-04,,,70.22.Z,"ulica Najświętszej Maryi Panny 115, 42-200 Częstochowa","ulica Najświętszej Maryi Panny 115, 42-200 Częstochowa",+48 624 420 080,lena.wojcik@proton.me,
FIRMAID-00104,Zielony Bałtyk SP Z O O,Zielony Bałtyk,Antoni,Leon,Kowalczyk,71090747977,1242962039,,2013-07-17,2023-06-27,,62.01.Z,"11 Listopada 132, 43-300 Bielsko-Biała","11 Listopada 132, 43-300 Bielsko-Biała",48-627-192-066,a.kowalczyk@yahoo.com,https://www.zielony-baltyk-group.pl
FIRMAID-00105,Zielony Sudety spółka z ograniczoną odpowiedzialnością,Zielony Sudety,Hanna,Dominika,Kamińska,72101449329,1243041229,,2019-04-19,,,66.22.Z,"149/3, 36-047 Niechobrz","149/3, 36-047 Niechobrz",763401548,kaminska.hanna@gmail.com,https://www.zielony-sudety-group.com.pl
FIRMAID-00106,Niebieski Amber Spółka z ograniczoną odpowiedzialnością,Niebieski Amber,Franciszek,,Lewandowski,73112150718,1243120414,,2025-03-31,,,62.01.Z,"ul Franciszkańska 166, 37-700 Przemyśl","ul Franciszkańska 166, 37-700 Przemyśl",564 342 000,franciszeklewandowski@outlook.com,https://www.niebieski-amber.eu
FIRMAID-00107,Niebieski Bizon S.A.,Niebieski Bizon,Amelia,Jagoda,Zielińska,74122852069,1243199605,,2010-05-19,20260220,,64.19.Z,"ulica Kościuszki 3, 38-500 Sanok","ulica Kościuszki 3, 38-500 Sanok",626571879,amelia_zielinska@wp.pl,https://niebieski-bizon.local
FIRMAID-00108,Niebieski Caynon SA,Niebieski Canyon,Nikodem,Jerzy,Szymański,75010753457,1243278799,,2021-02-17,2022-02-13,20261102,43.22.Z,"Suraska 20, 15-422 Białystok","Suraska 20, 15-422 Białystok",598 810 563,nikodem.szymanski90@onet.pl,https://www.niebieski-canyon-group.pl
FIRMAID-00109,Niebieski Delfin S. A.,Niebieski Delfin,Martyna,,Dąbrowska,76021454805,1243357984,,2020-10-29,,,70.22.Z,"37/55, 16-030 Ogrodniczki","37/55, 16-030 Ogrodniczki",536201309,martyna.dabrowska@interia.pl,
FIRMAID-00110,Niebieski Echo Spółka Akcyjna,Niebieski Echo,Miłosz,Marian,Mazur,77032156193,1253437207,,2013-09-05,2021-04-30,2021-12-30,62.01.Z,"ul 3 Maja 54, 17-200 Hajnówka","ul 3 Maja 54, 17-200 Hajnówka",+48 546 412 435,m.mazur@o2.pl,https://www.niebieski-echo-group.eu
FIRMAID-00111,Niebieski Falcon sp. z o.o.,Niebieski Falcon,Agata,Irena,Krawczyk,78042857542,1243516365,,2010-07-22,2023-05-08,,70.22.Z,"ulica os. LSM 71, 20-400 Lublin","ulica os. LSM 71, 20-400 Lublin",48-766-296-903,krawczyk.agata@proton.me,https://www.niebieski-falcon.local
FIRMAID-00112,Niebieski Gryf sp z oo,Niebieski Gryf,Tadeusz,,Woźniak,79050758935,1243595554,,2011-06-10,,,62.01.Z,"88, 24-120 Mięćmierz","88, 24-120 Mięćmierz",(48) 556760835,tadeuszwozniak@yahoo.com,https://niebieski-gryf.pl
FIRMAID-00113,Niebieski Horyzont sp. z o. o.,Niebieski Horyzont,Helena,Izabela,Jankowska,80061460287,1253674775,,2014-01-27,2025-12-28,2021-01-21,64.19.Z,"ul. Brzeska 105/17, 21-500 Biała Podlaska","ul. Brzeska 105/17, 21-500 Biała Podlaska",48-583-409-310,helena_jankowska@gmail.com,https://www.niebieski-horyzont-group.com.pl
FIRMAID-00114,Niebieski Ikar Sp. z o.o.,Niebieski Ikar,Stefan,Mirosław,Grabowski,81072161673,1243753935,,2018-03-24,,2023-08-13,66.22.Z,"ul Rynek Staromiejski 122, 87-100 Toruń","ul Rynek Staromiejski 122, 87-100 Toruń",(48) 574365711,stefan.grabowski96@outlook.com,https://www.niebieski-ikar-group.eu
FIRMAID-00115,Niebieski Jantar SP Z O O,Niebieski Jantar,Jadwiga,,Pawlak,82082863023,1243833120,,2015-01-27,2023-06-19,2023-01-02,43.22.Z,"ulica Mostowa 139, 85-110 Bydgoszcz","ulica Mostowa 139, 85-110 Bydgoszcz",(48) 505840739,jadwiga.pawlak@wp.pl,
FIRMAID-00116,Niebieski Koral spółka z ograniczoną odpowiedzialnością,Niebieski Koral,Józef,Piotr,Michalski,93090764416,1243912316,,2021-05-03,2021-07-20,2024-02-15,43.22.Z,"Stare Miasto 156, 10-026 Olsztyn","Stare Miasto 156, 10-026 Olsztyn",48-510-267-498,j.michalski@onet.pl,https://www.niebieski-koral.pl
FIRMAID-00117,Niebieski Lotos Spółka z ograniczoną odpowiedzialnością,Niebieski Lotos,Monika,Maria,Król,84101465768,1243991505,,2024-09-15,2020-01-19,,70.22.Z,"os. Warszawska 173/69, 11-700 Mrągowo","os. Warszawska 173/69, 11-700 Mrągowo",(48) 699883037,krol.monika@interia.pl,https://niebieski-lotos.com.pl
FIRMAID-00118,Niebieski Magnolia S.A.,Niebieski Magnolia,Edward,,Wieczorek,85112167155,1244070693,,2024-10-14,13/01/2025,,62.01.Z,"ul Wojska Polskiego 10, 70-470 Szczecin","ul Wojska Polskiego 10, 70-470 Szczecin",+48 665 497 640,edwardwieczorek@o2.pl,https://www.niebieski-magnolia-group.eu
FIRMAID-00119,Niebieski Neon SA,Niebieski Neon,Sabina,Joanna,Jabłońska,86122868504,1244149880,,2010-07-07,,2025-01-09,66.22.Z,"ulica Monte Cassino 27, 72-600 Świnoujście","ulica Monte Cassino 27, 72-600 Świnoujście",(48) 677993343,sabina_jablonska@proton.me,https://www.niebieski-neon-group.local
FIRMAID-00120,Niebieski Oaza S. A.,Niebieski Oaza,Arkadiusz,Paweł,Witkowski,87010769893,1244229076,,2010-04-26,,,62.01.Z,"Rynek 44, Opole","Rynek 44, Opole",675662303,arkadiusz.witkowski73@yahoo.com,https://www.niebieski-oaza-group.pl
FIRMAID-00121,X - Twitter,X - Twitter,Anna,,Walczak-Czarnecka,88021471245,1244308261,,2024-10-22,2024-10-31,2024-07-22,62.01.Z,"ul. Byczyńska 61/31, 46-200 Kluczbork","ul. Byczyńska 61/31, 46-200 Kluczbork",48-730-542-284,anna.walczak.czarnecka@gmail.com,
FIRMAID-00122,Niebieski Rubin sp. z o.o.,Niebieski Rubin,Tomasz,Robert,Stępień,89032172631,1244387450,,2014-08-16,,2025-05-31,62.01.Z,"ul Chrobrego 78, 66-400 Gorzów Wielkopolski","ul Chrobrego 78, 66-400 Gorzów Wielkopolski",+48 604 486 823,t.stepien@outlook.com,https://niebieski-rubin.eu
FIRMAID-00123,Niebieski Szafir sp z oo,Niebieski Szafir,Katarzyna,Agnieszka,Baran,90042873980,1244466646,,2019-04-22,2024-05-02,2025-04-17,62.01.Z,"ulica 30 Stycznia 95, 66-300 Międzyrzecz","ulica 30 Stycznia 95, 66-300 Międzyrzecz",48-619-976-718,baran.katarzyna@wp.pl,https://www.niebieski-szafir-group.local
FIRMAID-00124,Niebieski Tytan sp. z o. o.,Niebieski Tytan,Krzysztof,,Rutkowski,91050775374,1244545831,,2021-09-30,,2023-03-22,64.19.Z,"Paderewskiego 112, 25-004 Kielce","Paderewskiego 112, 25-004 Kielce",572 597 286,krzysztofrutkowski@onet.pl,https://www.niebieski-tytan-group.pl
FIRMAID-00125,Niebieski Uran Sp. z o.o.,Niebieski Uran,Ewa,Justyna,Górska,92061476722,1244625027,,2024-02-20,,2026-12-31,70.22.Z,"ul. 1 Maja 129/83, 28-100 Busko-Zdrój","ul. 1 Maja 129/83, 28-100 Busko-Zdrój",615940598,ewa_gorska@interia.pl,https://www.niebieski-uran-group.com.pl
FIRMAID-00126,Niebieski Wektor SP Z O O,Niebieski Wektor,Adam,Jan,Sikora,93072178119,1244704212,,2016-07-29,2025-08-11,,62.01.Z,"ul Marszałkowska 146, 00-590 Warszawa","ul Marszałkowska 146, 00-590 Warszawa",545596668,adam.sikora79@o2.pl,https://www.niebieski-wektor.eu
FIRMAID-00127,Niebieski Zefir spółka z ograniczoną odpowiedzialnością,Niebieski Zefir,Monika,,Ostrowska,94082879469,1244783401,,2019-05-26,,2021-01-23,70.22.Z,"ulica Krakowskie Przedmieście 163, 00-071 Warszawa","ulica Krakowskie Przedmieście 163, 00-071 Warszawa",612 435 642,monika.ostrowska@proton.me,
FIRMAID-00128,Niebieski Żubr Spółka z ograniczoną odpowiedzialnością,Niebieski Żubr,Marek,Marcin,Tomaszewski,95090780855,2244862595,,2013-03-11,,,43.22.Z,"Floriańska 180, 31-019 Kraków","Floriańska 180, 31-019 Kraków",48-764-104-893,m.tomaszewski@yahoo.com,https://www.niebieski-zubr-group.pl
FIRMAID-00129,Niebieski Sokół S.A.,Niebieski Sokół,Barbara,Karolina,Zając,96101482207,1244941780,,2017-11-20,,2024-04-28,43.22.Z,"ul. Długa 17/45, 31-147 Kraków","ul. Długa 17/45, 31-147 Kraków",48-545-556-356,zajac.barbara@gmail.com,https://www.niebieski-sokol-group.com.pl
FIRMAID-00130,Niebieski Orzeł SA,Niebieski Orzeł,Rafał,,Pietrzak,97112183594,1245020970,,2021-09-25,,,43.22.Z,"ul Piotrkowska 34, 90-102 Łódź","ul Piotrkowska 34, 90-102 Łódź",(48) 682130059,rafalpietrzak@outlook.com,https://www.niebieski-orzel-group.eu
FIRMAID-00131,Niebieski Kormoran S. A.,Niebieski Kormoran,Aleksandra,Małgorzata,Wójcicka,98122884943,1245100166,,2025-01-06,,2023-10-15,70.22.Z,"ulica Zachodnia 51, 90-402 Łódź","ulica Zachodnia 51, 90-402 Łódź",48-627-969-895,aleksandra_wojcicka@wp.pl,https://www.niebieski-kormoran.local
FIRMAID-00132,Niebieski Barycz Spółka Akcyjna,Niebieski Barycz,Andrzej,Jakub,Czarnecki,99010786332,1245179357,,2018-05-02,2025-06-21,2021-06-22,62.01.Z,"Świdnicka 68, 50-066 Wrocław","Świdnicka 68, 50-066 Wrocław",780 302 450,andrzej.czarnecki85onet.pl,https://niebieski-barycz.pl
FIRMAID-00133,Niebieski Noteć sp. z o.o.,Niebieski Noteć,Marta,,Lis,00221487686,1245258542,,2010-12-12,2022-09-26,2025-08-16,66.22.Z,"ul. Legnicka 85/7, 54-203 Wrocław","ul. Legnicka 85/7, 54-203 Wrocław",653 611 016,marta.lis@interia.pl,
FIRMAID-00134,Niebieski Pilica sp z oo,Niebieski Pilica,Łukasz,Artur,Kołodziej,01232189073,1245337738,,2024-06-07,2024-12-11,,62.01.Z,"ul Święty Marcin 102, 61-806 Poznań","ul Święty Marcin 102, 61-806 Poznań",+48 578 762 425,l.kolodziej@o2.pl,https://www.niebieski-pilica-group.eu
FIRMAID-00135,Niebieski Narew sp. z o. o.,Niebieski Narew,Paulina,Iwona,Kaczmarek,02242890425,1245416923,,2013-04-27,2021-06-09,2022-12-15,43.22.Z,"ulica Głogowska 119, 60-734 Poznań","ulica Głogowska 119, 60-734 Poznań",+48 784 488 352,kaczmarek.paulina@proton.me,https://www.niebieski-narew-group.local
FIRMAID-00136,Niebieski Jodełka Sp. z o.o.,Niebieski Jodełka,Mateusz,,Piątek,03250791818,1245496112,,2012-07-05,2020-12-23,,62.01.Z,"Długa 136, 80-831 Gdańsk","Długa 136, 80-831 Gdańsk",607152367,mateuszpiatek@yahoo.com,https://www.niebieski-jodelka.pl
FIRMAID-00137,Niebieski Kaktus SP Z O O,Niebieski Kaktus,Elżbieta,Renata,Sadowska,04261493168,1245575308,,2021-07-31,2023-09-03,,62.01.Z,"ul. Grunwaldzka 153/59, 80-236 Gdańsk","ul. Grunwaldzka 153/59, 80-236 Gdańsk",719 237 219,elzbieta_sadowska@gmail.com,https://niebieski-kaktus.com.pl
FIRMAID-00138,Niebieski Szmaragd spółka z ograniczoną odpowiedzialnością,Niebieski Szmaragd,Dawid,Maciej,Włodarczyk,05272194554,1245654491,,2015-11-06,2024-06-19,,43.22.Z,70-435 Szczecin,70-435 Szczecin,+48 695 779 333,dawid.wlodarczyk91@outlook.com,https://www.niebieski-szmaragd-group.eu
FIRMAID-00139,Niebieski Topaz Spółka z ograniczoną odpowiedzialnością,Niebieski Topaz,Dorota,,Borkowska,60082895909,1245733687,,2018-03-29,2021-05-16,,62.01.Z,"ulica Wyszyńskiego 7, 70-200 Szczecin","ulica Wyszyńskiego 7, 70-200 Szczecin",(48) 527279097,dorota.borkowska@wp.pl,
FIRMAID-00140,Niebieski Granit S.A.,Niebieski Granit,Dariusz,Zbigniew,Sawicki,61090797294,1245812872,,2019-04-11,,2024-11-29,70.22.Z,"Mariacka 24, 40-014 Katowice","Mariacka 24, 40-014 Katowice",+48 731 884 701,d.sawicki@onet.pl,https://www.niebieski-granit-group.pl
FIRMAID-00141,P.P.H.U. Niebieski Marmur,P.P.H.U. Niebieski Marmur,Beata,Patrycja,Dudek,62101498645,1245892061,,2015-10-11,2023-11-03,,70.22.Z,"ul. Warszawska 41/21, 40-009 Katowice","ul. Warszawska 41/21, 40-009 Katowice",48-543-999-037,dudek.beata@interia.pl,https://www.niebieski-marmur.com.pl
FIRMAID-00142,Niebieski Syrena S. A.,Niebieski Syrena,Sławomir,,Adamczyk,63112100035,1245971257,,2024-03-02,2022-06-15,2025-12-15,66.22.Z,"ul Krakowskie Przedmieście 58, 20-002 Lublin","ul Krakowskie Przedmieście 58, 20-002 Lublin",541710371,slawomiradamczyk@o2.pl,https://niebieski-syrena.eu
FIRMAID-00143,Niebieski Zodiak Spółka Akcyjna,Niebieski Zodiak,Urszula,Wiktoria,Pawłowska,64122801385,1246050447,,2010-12-31,2021-07-22,20251023,62.01.Z,"ulica Narutowicza 75, 20-004 Lublin","ulica Narutowicza 75, 20-004 Lublin",48-595-462-248,urszula_pawlowska@proton.me,https://www.niebieski-zodiak-group.local
FIRMAID-00144,Niebieski Olimp sp. z o.o.,Niebieski Olimp,Mariusz,Jacek,Nowicki,65010702773,1246129634,,2017-08-16,2025-11-27,02/11/2026,43.22.Z,"Lipowa 92, 15-424 Białystok","Lipowa 92, 15-424 Białystok",48-674-861-062,mariusz.nowicki97@yahoo.com,https://www.niebieski-olimp-group.pl
FIRMAID-00145,Niebieski Zorza sp z oo,Niebieski Zorza,Izabela,,Sokołowska,66021404122,1256208855,,2018-02-23,2024-08-11,2025/07/01,43.22.Z,"ul. Sienkiewicza 109/73, 15-092 Białystok","ul. Sienkiewicza 109/73, 15-092 Białystok",48-511-990-435,izabela.sokolowska@gmail.com,
FIRMAID-00146,Niebieski Krokus sp. z o. o.,Niebieski Krokus,Henryk,Przemysław,Wróbel,67032105518,1246288019,,2022-08-13,,2022-06-09,70.22.Z,"os. Gdańska 126, 85-005 Bydgoszcz","os. Gdańska 126, 85-005 Bydgoszcz",760278445,h.wrobel@outlook.com,https://www.niebieski-krokus.eu
FIRMAID-00147,Niebieski Narcyz Sp. z o.o.,Niebieski Narcyz,Weronika,Kinga,Majewska,68042806868,1246367204,,2021-01-06,,,70.22.Z,"ulica Dworcowa 143, 85-009 Bydgoszcz","ulica Dworcowa 143, 85-009 Bydgoszcz",556 651 798,majewska.weronika@wp.pl,https://niebieski-narcyz.local
FIRMAID-00148,Niebieski Giewont SP Z O O,Niebieski Giewont,Stanisław,,Olszewski,69050708252,1246446398,,2023-01-27,2023-01-31,,43.22.Z,"Szeroka 160, 87-100 Toruń","Szeroka 160, 87-100 Toruń",48-501-150-944,stanislawolszewski@onet.pl,https://www.niebieski-giewont-group.pl
FIRMAID-00149,Niebieski Rysy spółka z ograniczoną odpowiedzialnością,Niebieski Rysy,Zofia,Kamila,Jaworska,70061409609,1246525583,,2014-06-21,2025-01-05,2023-11-22,43.22.Z,"ul. Chełmińska 177/35, 87-100 Toruń","ul. Chełmińska 177/35, 87-100 Toruń",665 862 355,zofia_jaworska@interia.pl,https://www.niebieski-rysy-group.com.pl
FIRMAID-00150,Niebieski Kasprowy Spółka z ograniczoną odpowiedzialnością,Niebieski Kasprowy,Bartłomiej,Daniel,Malinowski,71072110999,1246604779,,2014-12-15,2023-09-28,,64.19.Z,"ul 3 Maja 14, 35-030 Rzeszów","ul 3 Maja 14, 35-030 Rzeszów",583430742,bartlomiej.malinowski74@abxza.pl,https://www.niebieski-kasprowy-group.eu
,Amber Budownictwo S.A.,Amber Budownictwo,Olga,,Pająk,72082812349,1246683968,,,2022-11-10,2022-01-17,70.22.Z,"ulica Piłsudskiego 31, 35-074 Rzeszów","ulica Piłsudskiego 31, 35-074 Rzeszów",48-603-151-651,olga.pajak@proton.me,
FIRMAID-00152,Amber Transport SA,Amber Transport,Damian,Waldemar,Szczepański,73090713732,1246763153,,2011-08-24,2024-08-09,,70.22.Z,"Sienkiewicza 48, 25-007 Kielce","Sienkiewicza 48, 25-007 Kielce",+48 608 400 162,d.szczepanski@yahoo.com,https://amber-transport.pl
FIRMAID-00153,Amber Spedycja S. A.,Amber Spedycja,Ewelina,Danuta,Czerwińska,74101415085,1246842349,,2020-03-11,,,64.19.Z,"ul. Warszawska 65/87, 25-512 Kielce","ul. Warszawska 65/87, 25-512 Kielce",48-739-250-873,czerwinska.ewelina@gmail.com,https://www.amber-spedycja-group.com.pl
FIRMAID-00154,Amber Logistyka Spółka Akcyjna,Amber Logistyka,Bartosz,,Kubiak,75112116471,1246921534,,2011-12-30,,,62.01.Z,"ul Kościuszki 82, 10-504 Olsztyn","ul Kościuszki 82, 10-504 Olsztyn",776 558 193,bartoszkubiak@outlook.com,https://www.amber-logistyka-group.eu
FIRMAID-00155,Amber Handel sp. z o.o.,Amber Handel,Sylwia,Aneta,Wilk,76122817820,1247000724,,2010-03-16,,2023-07-21,66.22.Z,"ulica Dąbrowszczaków 99, 10-540 Olsztyn","ulica Dąbrowszczaków 99, 10-540 Olsztyn",(48) 560486239,sylwia_wilk@wp.pl,https://www.amber-handel-group.local
FIRMAID-00156,Amber Usługi sp z oo,Amber Usługi,Leszek,Kacper,Wysocki,77010719219,1247079915,,2014-12-26,2027-02-03,,70.22.Z,"Krakowska 116, 45-018 Opole","Krakowska 116, 45-018 Opole",677 413 901,leszek.wysocki80@onet.pl,https://www.amber-uslugi.pl
FIRMAID-00157,Amber Finanse sp. z o. o.,Amber Finanse,Grażyna,,Chmielewska,78021420561,1247159100,,2021-12-16,,2026-07-05,70.22.Z,"ul. Ozimska 133/49, 45-057 Opole","ul. Ozimska 133/49, 45-057 Opole",48-716-121-132,grazyna.chmielewska@interia.pl,
FIRMAID-00158,Amber Doradztwo Sp. z o.o.,Ambe Doradztwo,Cezary,Szymon,Urbański,79032121957,1247238294,,2021-01-02,2022-10-19,2025-02-18,64.19.Z,"ul Bohaterów Westerplatte 150, 65-034 Zielona Góra","ul Bohaterów Westerplatte 150, 65-034 Zielona Góra",(48) 672249542,c.urbanski@o2.pl,https://www.amber-doradztwo-group.eu
FIRMAID-00159,Amber Szkolenia SP Z O O,Amber Szkolenia,Bożena,Oliwia,Błaszczyk,80042823306,1257317517,,2012-10-08,,,62.01.Z,"ulica Kupiecka 167, 65-058 Zielona Góra","ulica Kupiecka 167, 65-058 Zielona Góra",607777907,blaszczyk.bozena@proton.me,https://www.amber-szkolenia-group.local
FIRMAID-00160,Amber Media spółka z ograniczoną odpowiedzialnością,Amber Media,Filip,,Szulc,81050724690,1247396679,,2021-11-30,,,64.19.Z,"Świętojańska 4, 81-372 Gdynia","Świętojańska 4, 81-372 Gdynia",48-552-297-795,filipszulc@yahoo.com,https://www.amber-media-group.pl
FIRMAID-00161,Facebook - Meta,Facebook - Meta,Zuzanna,Emilia,Kozak-Bąk,82061426049,1247475864,,2011-04-05,,2026-04-13,70.22.Z,"ul. 10 Lutego 21/11, 81-364 Gdynia","ul. 10 Lutego 21/11, 81-364 Gdynia",632 607 894,zuzanna_kozak.bak@gmail.com,https://www.facebook-meta.com.pl
FIRMAID-00162,Amber Marketing S.A.,Amber Marketing,Mikołaj,Ignacy,Cieślak,83072127435,1257555085,,2025-12-12,,,66.22.Z,"ul Bolesława Prusa 38, 05-800 Pruszków","ul Bolesława Prusa 38, 05-800 Pruszków",48-551-768-025,mikolaj.cieslak86@outlook.com,https://amber-marketing.eu
FIRMAID-00163,Amber Druk SA,Amber Druk,Lena,,Andrzejewska,84082828785,1247634245,,2022-02-21,2024-02-01,,64.19.Z,"ulica Kościuszki 55, 05-500 Piaseczno","ulica Kościuszki 55, 05-500 Piaseczno",746 311 724,lena.andrzejewska@wp.pl,
FIRMAID-00164,Amber Informatyka S. A.,Amber Informatyka,Antoni,Leon,Gajewski,85090730172,1247713430,,2014-11-19,2022/30/10,2025-05-24,70.22.Z,"Sienkiewicza 72, 32-020 Wieliczka","Sienkiewicza 72, 32-020 Wieliczka",(48) 661137208,a.gajewski@onet.pl,https://www.amber-informatyka-group.pl
FIRMAID-00165,Amber Oprogramowanie Spółka Akcyjna,Amber Oprogramowanie,Hanna,Dominika,Laskowska,86101431523,1257792655,,2020-03-23,2025-10-15,,66.22.Z,"ul. Dąbrowskiego 89/63, 32-600 Oświęcim","ul. Dąbrowskiego 89/63, 32-600 Oświęcim",48-603-245-337,laskowska.hanna@interia.pl,https://www.amber-oprogramowanie-group.com.pl
FIRMAID-00166,Amber Rolnictwo sp. z o.o.,Amber Rolnictwo,Franciszek,,Mazurek,87112132919,1247871815,,2015-12-05,2024-04-01,,64.19.Z,"ul Rynek 106, 38-400 Krosno","ul Rynek 106, 38-400 Krosno",48-532-279-432,franciszekmazurek@o2.pl,https://www.amber-rolnictwo.eu
FIRMAID-00167,Amber Ogrodnictwo sp z oo,Amber Ogrodnictwo,Amelia,Jagoda,Sobczak,88122834260,1247951000,,2025-10-15,,,62.01.Z,"ulica Mickiewicza 123, 39-300 Mielec","ulica Mickiewicza 123, 39-300 Mielec",(48) 787352871,amelia_sobczak@proton.me,https://amber-ogrodnictwo.local
FIRMAID-00168,Amber Produkcja sp. z o. o.,Amber Produkcja,Nikodem,Jerzy,Konieczny,89010735658,1248030199,,2010-12-14,2024-10-14,,70.22.Z,"Długa 140, 58-100 Świdnica","Długa 140, 58-100 Świdnica",728376413,nikodem.konieczny92@yahoo.com,https://www.amber-produkcja-group.pl
FIRMAID-00169,Amber Przemysł Sp. z o.o.,Amber Przemysł,Martyna,,Brzezińska,90021437006,1248109386,,2025-03-26,,2026-08-18,43.22.Z,"157/25, 57-300 Kłodzko","157/25, 57-300 Kłodzko",579 630 235,martyna.brzezinska@gmail.com,
FIRMAID-00170,Amber Ekologia SP Z O O,Amber Ekologia,Miłosz,Marian,Makowski,91032138393,1248188575,,2010-09-23,,,70.22.Z,"ul Chrobrego 174, 62-200 Gniezno","ul Chrobrego 174, 62-200 Gniezno",+48 792 401 492,m.makowski@outlook.com,https://www.amber-ekologia-group.eu
FIRMAID-00171,Amber Energetyka spółka z ograniczoną odpowiedzialnością,Amber Energetyka,Agata,Irena,Wrona,92042839742,1248267760,,2019-08-03,2024-06-08,05-10-2024,62.01.Z,"ulica Słowiańska 11, 64-100 Leszno","ulica Słowiańska 11, 64-100 Leszno",+48 572 859 056,wrona.agata@wp.pl,https://www.amber-energetyka.local
FIRMAID-00172,Amber Instalacje Spółka z ograniczoną odpowiedzialnością,Amber Instalacje,Tadeusz,,Bąk,93050741139,1248346956,,2017-07-20,2025-01-13,,66.22.Z,"Gdańska 28, 83-110 Tczew","Gdańska 28, 83-110 Tczew",732723788,tadeuszbak@onet.pl,https://amber-instalacje.pl
FIRMAID-00173,Amber Nieruchomości S.A.,Amber Nieruchomości,Helena,Izabela,Kucharska,94061442488,1248426141,,2017-01-31,,,64.19.Z,"ul. Sobieskiego 45/77, 84-200 Wejherowo","ul. Sobieskiego 45/77, 84-200 Wejherowo",48-668-951-840,helena_kucharska@interia.pl,https://www.amber-nieruchomosci-group.com.pl
FIRMAID-00174,Amber Inwestycje SA,Amber Inwestycje,Stefan,Mirosław,Lisowski,95072143874,1248505337,,2023-05-29,,,43.22.Z,"ul Głęboka 62, 43-400 Cieszyn","ul Głęboka 62, 43-400 Cieszyn",(48) 789804456,stefan.lisowski98@o2.pl,https://www.amber-inwestycje-group.eu
FIRMAID-00175,Amber Medycyna S. A.,Amber Medycyna,Jadwiga,,Słowik,96082845224,1248584526,,2010-09-26,,2023-01-01,66.22.Z,"os. Małachowskiego 79, 42-500 Będzin","os. Małachowskiego 79, 42-500 Będzin",+48 512 223 491,jadwiga.slowik@proton.me,
FIRMAID-00176,Amber Zdrowie Spółka Akcyjna,Amber Zdrowie,Józef,Piotr,Kopeć,97090746617,1248663711,,2020-05-22,2021-04-18,,62.01.Z,"Królowej Jadwigi 96, 88-100 Inowrocław","Królowej Jadwigi 96, 88-100 Inowrocław",576 933 678,j.kopec@yahoo.com,https://www.amber-zdrowie.pl
FIRMAID-00177,Amber Urody sp. z o.o.,Amber Urody,Monika,Maria,Czajka,98101447969,1248742907,,2012-05-25,,2026-12-06,43.22.Z,"ul. Wybickiego 113/39, 86-300 Grudziądz","ul. Wybickiego 113/39, 86-300 Grudziądz",+48 751 103 892,czajka.monika@gmail.com,https://amber-urody.com.pl
FIRMAID-00178,Amber Turystyka sp z oo,Amber Turystyka,Edward,,Matusiak,99112149356,1248822090,,2022-01-20,2022-05-15,2021-03-21,66.22.Z,"ul Czarnieckiego 130, 14-100 Ostróda","ul Czarnieckiego 130, 14-100 Ostróda",+48 516 676 179,edwardmatusiak@outlook.com,https://www.amber-turystyka-group.eu
FIRMAID-00179,Amber Rozrywka sp. z o. o.,Amber Rozrywka,Sabina,Joanna,Gajda,00322850703,1248901286,,2013-09-23,2026/20/02,,66.22.Z,"ulica Warszawska 147, 11-500 Giżycko","ulica Warszawska 147, 11-500 Giżycko",(48) 595433713,sabina_gajda@wp.pl,https://www.amber-rozrywka-group.local
FIRMAID-00180,Amber Gastronomia Sp. z o.o.,Amber Gastronomia,Arkadiusz,Paweł,Klimek,01210752093,1248980475,,2020-10-14,2025-04-30,2026/02/11,66.22.Z,"Lubelska 164, 24-100 Puławy","Lubelska 164, 24-100 Puławy",(48) 535954282,arkadiusz.klimek75@onet.pl,https://www.amber-gastronomia-group.pl
FIRMAID-00181,PPHU Amber Moda,PPHU Amber Moda,Anna,,Madej,02221453441,1249059667,,2019-10-30,2025-07-08,,70.22.Z,"ul. Staszica 1/1, 22-400 Zamość","ul. Staszica 1/1, 22-400 Zamość",(48) 740964229,anna.madej@interia.pl,
FIRMAID-00182,Amber Tekstylia spółka z ograniczoną odpowiedzialnością,Amber Tekstylia,Tomasz,Robert,Krupa,03232154837,1249138852,,2025-02-04,,,70.22.Z,"ul 3 Maja 18, 16-300 Augustów","ul 3 Maja 18, 16-300 Augustów",48-567-814-416,t.krupa@o2.pl,https://amber-tekstylia.eu
FIRMAID-00183,Amber Motoryzacja Spółka z ograniczoną odpowiedzialnością,Amber Motoryzacja,Katarzyna,Agnieszka,Kaczmarczyk,04242856188,1249218048,,2019-09-03,2025-08-07,2021-01-21,43.22.Z,"ulica Kościuszki 35, 16-400 Suwałki","ulica Kościuszki 35, 16-400 Suwałki",676370298,kaczmarczyk.katarzyna@proton.me,https://www.amber-motoryzacja-group.local
FIRMAID-00184,Amber Ubezpieczenia S.A.,Amber Ubezpieczenia,Krzysztof,,Wrona,05250757571,1249297237,,2012-09-29,2022-11-08,,64.19.Z,"Piastowska 52, 48-300","Piastowska 52, 48-300",(48) 720248171,krzysztofwrona@yahoo.com,https://www.amber-ubezpieczenia-group.pl
FIRMAID-00185,Amber Spawalnictwo SA,Amber Spawalnictwo,Ewa,Justyna,Wasilewska,60061458925,1249376422,,2018-06-12,2022-11-06,,62.01.Z,"ul. Długa 69/53, 49-300 Brzeg","ul. Długa 69/53, 49-300 Brzeg",+48 724 962 688,ewa_wasilewska@gmail.com,https://www.amber-spawalnictwo-group.com.pl
FIRMAID-00186,Amber Ślusarstwo S. A.,Amber Ślusarstwo,Adam,Jan,Kalinowski,61072160315,1249455618,,2016-11-08,2022-03-05,,43.22.Z,"ul Rynek 86, 68-200 Żary","ul Rynek 86, 68-200 Żary",501 836 127,adam.kalinowski81@outlook.com,https://www.amber-slusarstwo.eu
FIRMAID-00187,Amber Krawiectwo Spółka Akcyjna,Amber Krawiectwo,Monika,,Zarychta,62082861665,1249534803,,2020-10-29,2024-07-21,,62.01.Z,"ulica Nieistniejąca 103, 99-999 Nibylandia","ulica Nieistniejąca 103, 99-999 Nibylandia",640 153 142,monika.zarychta@wp.pl,
FIRMAID-00188,Amber Ochrona sp. z o.o.,Amber Ochrona,Marek,Marcin,Przybylski,63090763059,1249613997,,2014-03-11,,,66.22.Z,"Armii Krajowej 120, 78-100 Kołobrzeg","Armii Krajowej 120, 78-100 Kołobrzeg",+48 622 127 477,m.przybylski@onet.pl,https://www.amber-ochrona-group.pl
FIRMAID-00189,Amber Catering sp z oo,Amber Catering,Barbara,Karolina,Michalak,64101464400,1249693186,,2018-06-24,,,64.19.Z,"ul. Piłsudskiego 137/15, 73-110 Stargard","ul. Piłsudskiego 137/15, 73-110 Stargard",+48 799 202 103,michalak.barbara@interia.pl,https://www.amber-catering-group.com.pl
FIRMAID-00190,Amber Księgowość sp. z o. o.,Amber Księgowość,Rafał,,Szatkowski,65112165797,1249772371,,2022-01-26,,,64.19.Z,"154, 27-600 Sandomierz","154, 27-600 Sandomierz",+48 690 748 182,rafalszatkowski@o2.pl,https://www.amber-ksiegowosc-group.eu
FIRMAID-00191,Bizon Budownictwo Sp. z o.o.,Bizon Budownictwo,Aleksandra,Małgorzata,Bednarek,66122867147,1249851567,,2019-02-23,2025-10-29,,62.01.Z,"ulica Sienkiewicza 171, 27-400 Ostrowiec Świętokrzyski","ulica Sienkiewicza 171, 27-400 Ostrowiec Świętokrzyski",584 121 174,aleksandra_bednarek@proton.me,https://www.bizon-budownictwo.local
FIRMAID-00192,Bizon Transport SP Z O O,Bizon Transport,Andrzej,Jakub,Podgórski,67010768535,1249930752,,2010-07-10,,2021-04-13,43.22.Z,"Chmielna 8, 00-020 Warszawa","Chmielna 8, 00-020 Warszawa",48-745-482-019,andrzej.podgorski87@yahoo.com,https://bizon-transport.pl
FIRMAID-00193,Bizon Spedycja spółka z ograniczoną odpowiedzialnością,Bizon Spedycja,Marta,,Śliwińska,68021469884,1250009942,,2016-03-26,,2024-11-03,70.22.Z,"ul. Nowy Świat 25/67, 00-029 Warszawa","ul. Nowy Świat 25/67, 00-029 Warszawa",+48 636 543 245,marta.sliwinska@gmail.com,
FIRMAID-00194,Bizon Logistyka Spółka z ograniczoną odpowiedzialnością,Bizon Logistyka,Łukasz,Artur,Czajkowski,69032171274,1250089131,,2012-10-05,,2022-04-09,62.01.Z,"ul os. Przyjaźń 42, 01-355 Warszawa","ul os. Przyjaźń 42, 01-355 Warszawa",(48) 674108654,l.czajkowski@outlook.com,https://www.bizon-logistyka-group.eu
FIRMAID-00195,Bizon Handel S.A.,Bizon Handel,Paulina,Iwona,Biernat,70042872622,1250168327,,2022-05-28,,2025-03-05,70.22.Z,"ulica Jagiellońska 59, 05-120 Legionowo","ulica Jagiellońska 59, 05-120 Legionowo",717 683 785,biernat.paulina@wp.pl,https://www.bizon-handel-group.local
FIRMAID-00196,Bizon Usługi SA,Bizon Usługi,Mateusz,,Panek,71050774016,1250247512,,2014-07-28,2022-06-30,2022-04-10,70.22.Z,"Piłsudskiego 76, 05-270 Marki","Piłsudskiego 76, 05-270 Marki",+48 758 542 656,mateuszpanek@onet.pl,https://www.bizon-uslugi.pl
FIRMAID-00197,Bizon Finanse S. A.,Bizon Finanse,Elżbieta,Renata,Prus,72061475365,1250326708,,2014-09-13,,,62.01.Z,"ul. Andriollego 93/29, 05-400 Otwock","ul. Andriollego 93/29, 05-400 Otwock",+48 556 245 058,elzbieta_prus@interia.pl,https://bizon-finanse.com.pl
FIRMAID-00198,Bizon Doradztwo Spółka Akcyjna,Bizon Doradztwo,Dawid,Maciej,Janik,73072176751,1250405891,,2016-11-19,,2022-09-17,66.22.Z,"ul Żeromskiego 110, 26-600 Radom","ul Żeromskiego 110, 26-600 Radom",+48 794 894 882,dawid.janik93@o2.pl,https://www.bizon-doradztwo-group.eu
FIRMAID-00199,Bizon Szkolenia sp. z o.o.,Bizon Szkolenia,Dorota,,Kowalska,74082878101,1250485080,,2024-03-09,,,64.19.Z,"ulica Tumska 127, 09-402 Płock","ulica Tumska 127, 09-402 Płock",781813828,dorota.kowalska@proton.me,
FIRMAID-00200,Bizon Media sp z oo,Bizon Media,Dariusz,Zbigniew,Nowacki,75090779495,1250564276,,2011-09-09,,,66.22.Z,"Karmelicka 144, 31-128 Kraków","Karmelicka 144, 31-128 Kraków",574 892 192,d.nowacki@uuu.xs,https://www.bizon-media-group.pl
