LEI,LegalName,FirstAddressLine,City,PostalCode,Country,LegalJurisdiction,EntityLegalFormCode,RegistrationStatus,InitialRegistrationDate,LastUpdateDate,NextRenewalDate,ManagingLOU,ValidationSources,ValidationAuthorityID,ValidationAuthorityEntityID,DirectParentLEI,DirectParentName,DirectParentRelationshipType,DirectParentRelationshipStatus,DirectParentRelationshipStartDate,DirectParentRelationshipEndDate,UltimateParentLEI,UltimateParentName,UltimateParentRelationshipType,UltimateParentRelationshipStatus,UltimateParentRelationshipStartDate,UltimateParentRelationshipEndDate
6AOMOX4975QME7BD2G22,Polaris Capital Markets SP Z O O,Głogowska 78,Olsztyn,28-662,PL,PL,PL-SPZOO,LAPSED,2018-04-12T00:00:00Z,2025-06-16T00:00:00Z,2026-03-13T00:00:00Z,529900T8BM49AURSDO55,FULLY_CORROBORATED,RA000585,0000910002,Q4NDMGE60EL914K2I3Z7,Lumen Advisory S.A.,IS_DIRECTLY_CONSOLIDATED_BY,ACTIVE,2025-12-23T00:00:00Z,2025-02-07T00:00:00Z,0BN4HAMSD1X7S9ZFQTGJ,Nova Data sp z oo,IS_ULTIMATELY_CONSOLIDATED_BY,ACTIVE,2025-12-23T00:00:00Z,
BYY9HLGWDXM629Q6FTD9,Optima Trade spółka z ograniczoną odpowiedzialnością,ulica Leśna 108,Rzeszów,88-143,PL,PL,PL-SPZOO,LAPSED,2019-02-07T00:00:00Z,2025-06-18T00:00:00Z,2026-01-24T00:00:00Z,529900T8BM49AURSDO55,FULLY_CORROBORATED,RA000585,0000764271,837VTUOGINOE4M5HQ3PU,,IS_DIRECTLY_CONSOLIDATED_BY,ACTIVE,2022-12-10T00:00:00Z,2026-09-09T00:00:00Z,,,IS_ULTIMATELY_CONSOLIDATED_BY,ACTIVE,2022-12-10T00:00:00Z,
10W6V97C3CSPQEE1FLTX,Amber Payments spółka z ograniczoną odpowiedzialnością,ul. Kościuszki 174,Opole,03-377,PL,PL,PL-SA,LAPSED,2016-03-29T00:00:00Z,2024-09-27T00:00:00Z,2027-03-27T00:00:00Z,529900T8BM49AURSDO55,FULLY_CORROBORATED,RA000585,0000358675,,Helios Markets Spółka Akcyjna,IS_DIRECTLY_CONSOLIDATED_BY,ACTIVE,2021-03-31T00:00:00Z,2024-05-24T00:00:00Z,1W0KK7LDBMGDXOCF2QGC,,IS_ULTIMATELY_CONSOLIDATED_BY,ACTIVE,2021-03-31T00:00:00Z,
ZG0QS8QM34OGSW5U4UKM,Vistula Fintech Services sp z oo,ulica Krótka 122/64,Wrocław,46-241,PL,PL,PL-SA,ISSUED,2025-03-30T00:00:00Z,2024-09-23T00:00:00Z,2027-01-22T00:00:00Z,529900T8BM49AURSDO55,PARTIALLY_CORROBORATED,RA000585,0000146984,8WCI2JVFU23DCITGTXMA,Polaris Capital SP Z O O,IS_DIRECTLY_CONSOLIDATED_BY,ACTIVE,2024-11-18T00:00:00Z,2025-02-21T00:00:00Z,,Astra Finance sp z oo,IS_ULTIMATELY_CONSOLIDATED_BY,ACTIVE,2024-11-18T00:00:00Z,
Q8D771X78JIR6ODQQB6Y,Nova Data Technologie S.A.,54-172 Rzeszów,Rzeszów,54-172,PL,PL,PL-SA,ISSUED,2021-03-04T00:00:00Z,2024-03-03T00:00:00Z,2027-01-18T00:00:00Z,529900T8BM49AURSDO55,PARTIALLY_CORROBORATED,RA000585,0000205498,4V83AKXM0SPEPO28YBTD,Vistula Fintech Spółka Akcyjna,IS_DIRECTLY_CONSOLIDATED_BY,ACTIVE,2021-01-17T00:00:00Z,2024-02-19T00:00:00Z,,Silesia Invest Technologie sp z oo,IS_ULTIMATELY_CONSOLIDATED_BY,ACTIVE,2021-01-17T00:00:00Z,
932KZO2XECLMH9FGPJX6,Nova Data S.A.,ulica Kwiatowa 164,Olsztyn,59-184,PL,PL,PL-SPZOO,ISSUED,2019-05-19T00:00:00Z,2026-04-14T00:00:00Z,2027-03-08T00:00:00Z,529900T8BM49AURSDO55,FULLY_CORROBORATED,RA000585,0000294290,U7QDU4VLOCLFWW53ZY4G,Amber Payments S.A.,IS_DIRECTLY_CONSOLIDATED_BY,ACTIVE,2022-06-16T00:00:00Z,2024-02-24T00:00:00Z,,Vistula Fintech SP Z O O,IS_ULTIMATELY_CONSOLIDATED_BY,ACTIVE,2022-06-16T00:00:00Z,
E3XL1DJYZ3MEW27H6X5C,Orbis Retail Solutions sp. z o.o.,Głogowska 161/66,Gdańsk,47-434,PL,PL,PL-SPZOO,LAPSED,2017-02-05T00:00:00Z,2026-08-09T00:00:00Z,2026-06-16T00:00:00Z,529900T8BM49AURSDO55,FULLY_CORROBORATED,RA000585,0000821089,A2JEXCWPZ9NEUKHXY1TM,,IS_DIRECTLY_CONSOLIDATED_BY,ACTIVE,2018-07-08T00:00:00Z,2026-01-12T00:00:00Z,,,IS_ULTIMATELY_CONSOLIDATED_BY,ACTIVE,2018-07-08T00:00:00Z,
RDD4T8URW6BCO398YD3W,Vistula Fintech S.A.,Topolowa 28,Bydgoszcz,60-220,PL,PL,PL-SPZOO,ISSUED,2017-07-24T00:00:00Z,2025-08-06T00:00:00Z,2026-08-03T00:00:00Z,529900T8BM49AURSDO55,FULLY_CORROBORATED,RA000585,0000251643,,,IS_DIRECTLY_CONSOLIDATED_BY,ACTIVE,2018-12-04T00:00:00Z,,,Helios Markets sp. z o.o.,IS_ULTIMATELY_CONSOLIDATED_BY,ACTIVE,2018-12-04T00:00:00Z,
OTF60OODZXEJAZNKZAU4,Astra Finance Holding Spółka Akcyjna,Leśna 135/54,Gdynia,72-274,PL,PL,PL-SPZOO,ISSUED,2016-12-19T00:00:00Z,2025-01-19T00:00:00Z,2026-10-18T00:00:00Z,529900T8BM49AURSDO55,PARTIALLY_CORROBORATED,RA000585,0000456371,3NFU5S7X9ZY0B7D2UCME,,IS_DIRECTLY_CONSOLIDATED_BY,ACTIVE,2025-11-10T00:00:00Z,2025-03-29T00:00:00Z,VGW8EOKPCWSK9PCQOQFV,Baltic Med Supply Polska sp. z o.o.,IS_ULTIMATELY_CONSOLIDATED_BY,ACTIVE,2025-11-10T00:00:00Z,
APFMMZ7KBY9GVPL8PSNT,Baltic Med Supply Finanse S.A.,ul. Kościuszki 175/19,Toruń,87-832,PL,PL,PL-SA,LAPSED,2025-03-05T00:00:00Z,2024-03-20T00:00:00Z,2026-07-24T00:00:00Z,529900T8BM49AURSDO55,PARTIALLY_CORROBORATED,RA000585,0000766715,,Mazovia Broker S.A.,IS_DIRECTLY_CONSOLIDATED_BY,ACTIVE,2025-10-31T00:00:00Z,,,,IS_ULTIMATELY_CONSOLIDATED_BY,ACTIVE,2025-10-31T00:00:00Z,
BVGGIMPNPJQVDO8PVGPO,Amber Payments Spółka Akcyjna,ulica Łąkowa 64,Szczecin,22-227,PL,PL,PL-SPZOO,ISSUED,2021-02-19T00:00:00Z,2025-09-04T00:00:00Z,2027-09-10T00:00:00Z,529900T8BM49AURSDO55,FULLY_CORROBORATED,RA000585,0000929318,VWBAHZGA4EGUON9IDWEF,Orbis Retail Solutions SP Z O O,IS_DIRECTLY_CONSOLIDATED_BY,ACTIVE,2018-10-07T00:00:00Z,,9FFSDIOOV3718WCG8BXC,,IS_ULTIMATELY_CONSOLIDATED_BY,ACTIVE,2018-10-07T00:00:00Z,
YN7LICQV97PDDR23855H,Silesia Invest Services sp. z o.o.,13-980 Gdynia,Gdynia,13-980,PL,PL,PL-SA,ISSUED,2020-06-01T00:00:00Z,2026-08-23T00:00:00Z,2027-11-13T00:00:00Z,529900T8BM49AURSDO55,PARTIALLY_CORROBORATED,RA000585,0000834200,,Aurum Invest Polska spółka z ograniczoną odpowiedzialnością,IS_DIRECTLY_CONSOLIDATED_BY,ACTIVE,2020-01-19T00:00:00Z,,,Aurum Invest Technologi SP Z O O,IS_ULTIMATELY_CONSOLIDATED_BY,ACTIVE,2020-01-19T00:00:00Z,
35UJYV99WNNPG5MJSP8M,Polaris Capital Technologie sp z oo,ulica Wiosenna 97/79,Katowice,85-768,PL,PL,PL-SA,ISSUED,2021-06-04T00:00:00Z,2024-09-06T00:00:00Z,2027-08-13T00:00:00Z,529900T8BM49AURSDO55,FULLY_CORROBORATED,RA000585,0000443167,V1XBJ9W2D02BON0I75WQ,,IS_DIRECTLY_CONSOLIDATED_BY,ACTIVE,2023-06-10T00:00:00Z,,TY1NAOFAIZT7MWQILM35,,IS_ULTIMATELY_CONSOLIDATED_BY,ACTIVE,2023-06-10T00:00:00Z,
TCQDHK5PVU4ZV8ROI2BO,Baltic Med Supply sp. z o.o.,ulica Wiosenna 102,Rzeszów,22-973,PL,PL,PL-SA,ISSUED,2021-08-20T00:00:00Z,2025-11-04T00:00:00Z,2026-09-05T00:00:00Z,529900T8BM49AURSDO55,FULLY_CORROBORATED,RA000585,0000072879,1MDPM9ZNY48PU1MRHUHP,Orbis Retail Solutions S.A.,IS_DIRECTLY_CONSOLIDATED_BY,ACTIVE,2019-11-30T00:00:00Z,,,Baltic Med Supply S.A.,IS_ULTIMATELY_CONSOLIDATED_BY,ACTIVE,2019-11-30T00:00:00Z,
PD7DLXCE0136KY5THIJ0,Silesia Invest sp. z o.o.,ulica Topolowa 50,Łódź,81-651,PL,PL,PL-SA,ISSUED,2018-08-05T00:00:00Z,2026-03-26T00:00:00Z,2027-11-14T00:00:00Z,529900T8BM49AURSDO55,PARTIALLY_CORROBORATED,RA000585,0000756311,,Quantum Services spółka z ograniczoną odpowiedzialnością,IS_DIRECTLY_CONSOLIDATED_BY,ACTIVE,2022-03-15T00:00:00Z,2026-08-08T00:00:00Z,3MG1B9H88QM99O9IC1KN,Silesia Invest sp. z o.o.,IS_ULTIMATELY_CONSOLIDATED_BY,ACTIVE,2022-03-15T00:00:00Z,
3OE72V3VRJCBJ07LI627,Silesia Invest Holding Spółka Akcyjna,Jarzębinowa 54,Kraków,47-766,PL,PL,PL-PSA,LAPSED,2024-12-24T00:00:00Z,2024-06-26T00:00:00Z,2027-02-17T00:00:00Z,529900T8BM49AURSDO55,FULLY_CORROBORATED,RA000585,0000861168,,,IS_DIRECTLY_CONSOLIDATED_BY,ACTIVE,2021-04-07T00:00:00Z,,XL5VNCT1TRRW538OHSRF,Helios Markets S.A.,IS_ULTIMATELY_CONSOLIDATED_BY,ACTIVE,2021-04-07T00:00:00Z,
B9MWSV1MO4F1ZTBT2FEE,Polaris Capital SP Z O O,17-922 Olsztyn,Olsztyn,17-922,PL,PL,PL-SA,ISSUED,2021-01-22T00:00:00Z,2024-02-11T00:00:00Z,2027-05-02T00:00:00Z,529900T8BM49AURSDO55,FULLY_CORROBORATED,RA000585,0000906977,,Astra Finance S.A.,IS_DIRECTLY_CONSOLIDATED_BY,ACTIVE,2019-05-11T00:00:00Z,,,Silesia Invest Holding Spółka Akcyjna,IS_ULTIMATELY_CONSOLIDATED_BY,ACTIVE,2019-05-11T00:00:00Z,
0RQY1REETFOEVWGCOT40,Lumen Advisory SP Z O O,ul. Krótka 28,Białystok,82-986,PL,PL,PL-PSA,ISSUED,2022-03-17T00:00:00Z,2024-08-04T00:00:00Z,2026-07-18T00:00:00Z,529900T8BM49AURSDO55,FULLY_CORROBORATED,RA000585,0000347545,3HL6K924Z2DB331JW2AH,Astra Finance Markets sp z oo,IS_DIRECTLY_CONSOLIDATED_BY,ACTIVE,2018-06-23T00:00:00Z,,W523JXZ5XPF24FSG03M1,,IS_ULTIMATELY_CONSOLIDATED_BY,ACTIVE,2018-06-23T00:00:00Z,
9FFSDIOOV3718WCG8BXC,Silesia Invest Markets sp z oo,ul. Głogowska 122,Olsztyn,71-559,PL,PL,PL-SPZOO,ISSUED,2018-06-08T00:00:00Z,2026-02-03T00:00:00Z,2026-04-01T00:00:00Z,529900T8BM49AURSDO55,FULLY_CORROBORATED,RA000585,0000900333,LVBY9AOC5R441CEHCUSW,Silesia Invest Finanse SP Z O O,IS_DIRECTLY_CONSOLIDATED_BY,ACTIVE,2021-10-15T00:00:00Z,2026-02-14T00:00:00Z,,Nova Data sp. z o.o.,IS_ULTIMATELY_CONSOLIDATED_BY,ACTIVE,2021-10-15T00:00:00Z,
FKZ86LW3HP9QT4F9UO06,Astra Finance SP Z O O,ulica Łąkowa 104/39,Lublin,26-106,PL,PL,PL-PSA,ISSUED,2017-01-09T00:00:00Z,2024-08-06T00:00:00Z,2027-03-08T00:00:00Z,529900T8BM49AURSDO55,FULLY_CORROBORATED,RA000585,0000148818,VDZ8CRPXHK1WRXJCANL0,Nova Data S.A.,IS_DIRECTLY_CONSOLIDATED_BY,ACTIVE,2020-12-28T00:00:00Z,,,,IS_ULTIMATELY_CONSOLIDATED_BY,ACTIVE,2020-12-28T00:00:00Z,
5E2NMZX8NU7P7UXPUPOZ,Lumen Advisory SP Z O O,ulica Żeromskiego 132,Opole,99-437,PL,PL,PL-SA,LAPSED,2020-01-09T00:00:00Z,2024-02-18T00:00:00Z,2026-08-25T00:00:00Z,529900T8BM49AURSDO55,FULLY_CORROBORATED,RA000585,0000586455,,Optima Trade sp. z o.o.,IS_DIRECTLY_CONSOLIDATED_BY,ACTIVE,2022-04-07T00:00:00Z,,VGC9Q9N5N0PPQL7UAUWN,Optima Trade Holding sp z oo,IS_ULTIMATELY_CONSOLIDATED_BY,ACTIVE,2022-04-07T00:00:00Z,
HCVSVBVO40WO9ZWV3Y9I,Silesia Invest sp. z o.o.,Jarzębinowa 28,Warszawa,67-932,PL,PL,PL-SPZOO,LAPSED,2019-02-05T00:00:00Z,2025-04-05T00:00:00Z,2026-04-09T00:00:00Z,529900T8BM49AURSDO55,FULLY_CORROBORATED,RA000585,0000604729,MWXRALBPLHSUZGB7XX49,Nova Data Finanse S.A.,IS_DIRECTLY_CONSOLIDATED_BY,ACTIVE,2025-10-30T00:00:00Z,2026-07-25T00:00:00Z,56PLCZKT9JZQTF5G9CL9,,IS_ULTIMATELY_CONSOLIDATED_BY,ACTIVE,2025-10-30T00:00:00Z,
F6U2O386FVJFNZEPEC92,Nova Data sp z oo,13-154 Lublin,Lublin,13-154,PL,PL,PL-PSA,LAPSED,2024-03-17T00:00:00Z,2026-05-16T00:00:00Z,2027-08-25T00:00:00Z,529900T8BM49AURSDO55,PARTIALLY_CORROBORATED,RA000585,0000685310,,Lumen Advisory spółka z ograniczoną odpowiedzialnością,IS_DIRECTLY_CONSOLIDATED_BY,ACTIVE,2018-06-08T00:00:00Z,,EIZ63RFOD9EBOMU8CQ9A,Nebula Analytics SP Z O O,IS_ULTIMATELY_CONSOLIDATED_BY,ACTIVE,2018-06-08T00:00:00Z,
IDC54XRLECMO6IETW1GF,Baltic Med Supply sp. z o.o.,ul. Głogowska 136,Poznań,00-162,PL,PL,PL-SPZOO,LAPSED,2021-02-08T00:00:00Z,2025-03-27T00:00:00Z,2026-09-10T00:00:00Z,529900T8BM49AURSDO55,PARTIALLY_CORROBORATED,RA000585,0000937803,LFR0R8KAF4M8ZN0H48IO,,IS_DIRECTLY_CONSOLIDATED_BY,ACTIVE,2025-07-12T00:00:00Z,2026-07-15T00:00:00Z,,Lumen Advisory SP Z O O,IS_ULTIMATELY_CONSOLIDATED_BY,ACTIVE,2025-07-12T00:00:00Z,
B7CDC18T9HY0PV3LHUOV,Optima Trade Spółka Akcyjna,ul. Srebrna 136/65,Kielce,39-325,PL,PL,PL-SA,LAPSED,2016-02-02T00:00:00Z,2026-04-25T00:00:00Z,2026-06-03T00:00:00Z,529900T8BM49AURSDO55,PARTIALLY_CORROBORATED,RA000585,0000393021,QUGRGU3TWKSQRJF6OQD4,Nebula Analytics Services spółka z ograniczoną odpowiedzialnością,IS_DIRECTLY_CONSOLIDATED_BY,ACTIVE,2020-10-09T00:00:00Z,,VHVU8P6JLZK05CM075M0,Nebula Analytics Polska S.A.,IS_ULTIMATELY_CONSOLIDATED_BY,ACTIVE,2020-10-09T00:00:00Z,
2EM3ZL3VFAC5EAVZHBPE,Orbis Retail Solutions Services S.A.,ulica Łąkowa 170/18,Lublin,94-438,PL,PL,PL-SPZOO,ISSUED,2022-07-18T00:00:00Z,2026-12-01T00:00:00Z,2026-05-30T00:00:00Z,529900T8BM49AURSDO55,PARTIALLY_CORROBORATED,RA000585,0000146060,RPPBSMBPEMH82FV3Z5CG,Silesia Invest Spółka Akcyjna,IS_DIRECTLY_CONSOLIDATED_BY,ACTIVE,2020-05-31T00:00:00Z,2025-12-28T00:00:00Z,RDD4T8URW6BCO398YD3W,Vistula Fintech S.A.,IS_ULTIMATELY_CONSOLIDATED_BY,ACTIVE,2020-05-31T00:00:00Z,
7C4SR7M5ON5A8DFIFPWT,Helios Markets Polska sp. z o.o.,Krótka 139/27,Katowice,13-843,PL,PL,PL-SPZOO,ISSUED,2016-03-17T00:00:00Z,2025-02-16T00:00:00Z,2027-10-02T00:00:00Z,529900T8BM49AURSDO55,FULLY_CORROBORATED,RA000585,0000055381,0XXMRI6V4ON1AMZL90MH,Polaris Capital Finanse sp z oo,IS_DIRECTLY_CONSOLIDATED_BY,ACTIVE,2025-07-29T00:00:00Z,,,Orbis Retail Solutions sp. z o.o.,IS_ULTIMATELY_CONSOLIDATED_BY,ACTIVE,2025-07-29T00:00:00Z,
3MG1B9H88QM99O9IC1KN,Silesia Invest sp. z o.o.,ul. Żeromskiego 79,Rzeszów,37-801,PL,PL,PL-SA,ISSUED,2017-01-01T00:00:00Z,2024-09-17T00:00:00Z,2027-07-28T00:00:00Z,529900T8BM49AURSDO55,FULLY_CORROBORATED,RA000585,0000437306,,Amber Payments sp z oo,IS_DIRECTLY_CONSOLIDATED_BY,ACTIVE,2019-05-19T00:00:00Z,2025-05-17T00:00:00Z,,Vistula Fintech S.A.,IS_ULTIMATELY_CONSOLIDATED_BY,ACTIVE,2019-05-19T00:00:00Z,
TGUWYZHS534YRUQFWSUK,Silesia Invest sp z oo,ul. Głogowska 106/57,Poznań,66-858,PL,PL,PL-SA,ISSUED,2017-06-16T00:00:00Z,2025-02-14T00:00:00Z,2027-03-25T00:00:00Z,529900T8BM49AURSDO55,PARTIALLY_CORROBORATED,RA000585,0000045564,X14CJEC54N6I0RJWOY5N,Silesia Invest Spółka Akcyjna,IS_DIRECTLY_CONSOLIDATED_BY,ACTIVE,2022-11-28T00:00:00Z,2026-01-11T00:00:00Z,RP1YL0WFYIEHWT1C8XHY,,IS_ULTIMATELY_CONSOLIDATED_BY,ACTIVE,2022-11-28T00:00:00Z,
AIJ1GCA2DB2ROEVR2VN5,Aurum Invest Holding Spółka Akcyjna,81-844 Toruń,Toruń,81-844,PL,PL,PL-PSA,ISSUED,2019-01-15T00:00:00Z,2026-02-12T00:00:00Z,2026-03-29T00:00:00Z,529900T8BM49AURSDO55,PARTIALLY_CORROBORATED,RA000585,0000732802,AQPYV7DS9VFP791OKVWE,Helios Markets sp. z o.o.,IS_DIRECTLY_CONSOLIDATED_BY,ACTIVE,2025-07-31T00:00:00Z,2025-08-13T00:00:00Z,22F5S30NPS5SG2G481KJ,,IS_ULTIMATELY_CONSOLIDATED_BY,ACTIVE,2025-07-31T00:00:00Z,
PTMZ64K6UCF2OTZ7F3EM,Silesia Invest SP Z O O,ulica Kwiatowa 76/33,Białystok,03-183,PL,PL,PL-SPZOO,ISSUED,2019-03-22T00:00:00Z,2024-09-13T00:00:00Z,2026-10-12T00:00:00Z,529900T8BM49AURSDO55,PARTIALLY_CORROBORATED,RA000585,0000958920,K2UPVVF035SYPTQE09P9,Polaris Capital SP Z O O,IS_DIRECTLY_CONSOLIDATED_BY,ACTIVE,2025-08-10T00:00:00Z,2025-03-18T00:00:00Z,BKKA1OW7C2BSGRRZE844,Vistula Fintech S.A.,IS_ULTIMATELY_CONSOLIDATED_BY,ACTIVE,2025-08-10T00:00:00Z,
3IYJ5GEES4P1LME75V8R,Optima Trade Spółka Akcyjna,ulica Topolowa 30,Rzeszów,56-428,PL,PL,PL-SA,ISSUED,2022-03-16T00:00:00Z,2025-09-26T00:00:00Z,2026-05-16T00:00:00Z,529900T8BM49AURSDO55,FULLY_CORROBORATED,RA000585,0000384616,ZX4HT3U8UL7ME1UPMQXF,Polaris Capital sp z oo,IS_DIRECTLY_CONSOLIDATED_BY,ACTIVE,2024-01-03T00:00:00Z,,,,IS_ULTIMATELY_CONSOLIDATED_BY,ACTIVE,2024-01-03T00:00:00Z,
8TFQDZBYN0XSKIIS1HI1,Optima Trade SP Z O O,ul. Długa 111,Olsztyn,95-394,PL,PL,PL-SPZOO,LAPSED,2018-06-07T00:00:00Z,2026-08-12T00:00:00Z,2027-09-21T00:00:00Z,529900T8BM49AURSDO55,FULLY_CORROBORATED,RA000585,0000680877,BVGGIMPNPJQVDO8PVGPO,Amber Payments Spółka Akcyjna,IS_DIRECTLY_CONSOLIDATED_BY,ACTIVE,2023-06-08T00:00:00Z,,7C4SR7M5ON5A8DFIFPWT,Helios Markets Polska sp. z o.o.,IS_ULTIMATELY_CONSOLIDATED_BY,ACTIVE,2023-06-08T00:00:00Z,
ST58JW8IVY4HYN9T4IIE,Nova Data Polska S.A.,49-301 Olsztyn,Olsztyn,49-301,PL,PL,PL-SPZOO,ISSUED,2018-05-19T00:00:00Z,2024-02-28T00:00:00Z,2027-07-10T00:00:00Z,529900T8BM49AURSDO55,PARTIALLY_CORROBORATED,RA000585,0000146542,,Polaris Capital sp. z o.o.,IS_DIRECTLY_CONSOLIDATED_BY,ACTIVE,2018-05-20T00:00:00Z,2024-09-25T00:00:00Z,,Amber Payments sp. z o.o.,IS_ULTIMATELY_CONSOLIDATED_BY,ACTIVE,2018-05-20T00:00:00Z,
ILYYF3SRXM1M7JV0GJDS,Astra Finance Technologie spółka z ograniczoną odpowiedzialnością,ulica Kwiatowa 72/79,Łódź,81-489,PL,PL,PL-PSA,ISSUED,2017-07-09T00:00:00Z,2026-07-18T00:00:00Z,2026-04-09T00:00:00Z,529900T8BM49AURSDO55,FULLY_CORROBORATED,RA000585,0000078956,Q4NDMGE60EL914K2I3Z7,Lumen Advisory S.A.,IS_DIRECTLY_CONSOLIDATED_BY,ACTIVE,2023-09-06T00:00:00Z,2026-07-08T00:00:00Z,,,IS_ULTIMATELY_CONSOLIDATED_BY,ACTIVE,2023-09-06T00:00:00Z,
D74MBV5TGCY8FTMBAKJ9,Aurum Invest Polska spółka z ograniczoną odpowiedzialnością,ulica Piłsudskiego 124,Kielce,19-804,PL,PL,PL-SPZOO,LAPSED,2020-04-28T00:00:00Z,2024-04-22T00:00:00Z,2026-09-09T00:00:00Z,529900T8BM49AURSDO55,PARTIALLY_CORROBORATED,RA000585,0000319686,E083PBR5UXBHIAOI7Z8O,Baltic Med Supply spółka z ograniczoną odpowiedzialnością,IS_DIRECTLY_CONSOLIDATED_BY,ACTIVE,2024-05-14T00:00:00Z,,3MG1B9H88QM99O9IC1KN,Silesia Invest sp. z o.o.,IS_ULTIMATELY_CONSOLIDATED_BY,ACTIVE,2024-05-14T00:00:00Z,
56PLCZKT9JZQTF5G9CL9,Amber Payments sp z oo,95-129 Szczecin,Szczecin,95-129,PL,PL,PL-SPZOO,ISSUED,2023-06-05T00:00:00Z,2024-06-21T00:00:00Z,2026-07-06T00:00:00Z,529900T8BM49AURSDO55,FULLY_CORROBORATED,RA000585,0000186206,,Polaris Capital SP Z O O,IS_DIRECTLY_CONSOLIDATED_BY,ACTIVE,2025-12-10T00:00:00Z,2024-06-18T00:00:00Z,QUGRGU3TWKSQRJF6OQD4,Nebula Analytics Services spółka z ograniczoną odpowiedzialnością,IS_ULTIMATELY_CONSOLIDATED_BY,ACTIVE,2025-12-10T00:00:00Z,
7C6WSCS81SH1DMT2INM7,Astra Finance SP Z O O,ul. Kościuszki 133,Warszawa,29-273,PL,PL,PL-SPZOO,ISSUED,2020-07-26T00:00:00Z,2024-06-01T00:00:00Z,2026-03-11T00:00:00Z,529900T8BM49AURSDO55,PARTIALLY_CORROBORATED,RA000585,0000571661,NKVIQYUZNL3NZ9A576CQ,Astra Finance Finanse spółka z ograniczoną odpowiedzialnością,IS_DIRECTLY_CONSOLIDATED_BY,ACTIVE,2021-03-07T00:00:00Z,,,Amber Payments S.A.,IS_ULTIMATELY_CONSOLIDATED_BY,ACTIVE,2021-03-07T00:00:00Z,
ZATJLDSNP8R3OBC17CJE,Orbis Retail Solutions sp z oo,ulica Polna 1,Białystok,68-311,PL,PL,PL-SA,ISSUED,2020-12-12T00:00:00Z,2025-06-18T00:00:00Z,2026-02-22T00:00:00Z,529900T8BM49AURSDO55,PARTIALLY_CORROBORATED,RA000585,0000505217,Y7VSR1SUIQVH2LUJTI4S,Nova Data Spółka Akcyjna,IS_DIRECTLY_CONSOLIDATED_BY,ACTIVE,2021-10-16T00:00:00Z,,,,IS_ULTIMATELY_CONSOLIDATED_BY,ACTIVE,2021-10-16T00:00:00Z,
TLONP829YEZOTR37GBNU,Astra Finance Finanse S.A.,Bałtycka 73,Kielce,78-638,PL,PL,PL-PSA,LAPSED,2019-08-08T00:00:00Z,2024-09-28T00:00:00Z,2026-06-02T00:00:00Z,529900T8BM49AURSDO55,FULLY_CORROBORATED,RA000585,0000940818,FSY6B2EY9RPXYCEE7IYD,Polaris Capital SP Z O O,IS_DIRECTLY_CONSOLIDATED_BY,ACTIVE,2020-01-10T00:00:00Z,2026-01-06T00:00:00Z,LBBF2SDVUW1NO0RWVLKK,,IS_ULTIMATELY_CONSOLIDATED_BY,ACTIVE,2020-01-10T00:00:00Z,
K0ROEVHZGH2IRF5509JY,Astra Finance Spółka Akcyjna,ul. Leśna 168,Gdańsk,87-753,PL,PL,PL-SPZOO,LAPSED,2020-01-04T00:00:00Z,2024-12-02T00:00:00Z,2026-11-18T00:00:00Z,529900T8BM49AURSDO55,FULLY_CORROBORATED,RA000585,0000411103,I1YR8KBBTJ33VG6O2UNZ,,IS_DIRECTLY_CONSOLIDATED_BY,ACTIVE,2022-08-31T00:00:00Z,2024-04-30T00:00:00Z,,Quantum Services S.A.,IS_ULTIMATELY_CONSOLIDATED_BY,ACTIVE,2022-08-31T00:00:00Z,
TR3VJXC6MM2I45ROYG5V,Astra Finance S.A.,ulica Portowa 133,Gdynia,15-622,PL,PL,PL-SPZOO,LAPSED,2020-10-07T00:00:00Z,2026-12-21T00:00:00Z,2027-11-11T00:00:00Z,529900T8BM49AURSDO55,PARTIALLY_CORROBORATED,RA000585,0000004578,QRAVCF4V12G6NV0A9ZY0,Lumen Advisory SP Z O O,IS_DIRECTLY_CONSOLIDATED_BY,ACTIVE,2024-01-28T00:00:00Z,,F9X0P88MP1QABACJ19CI,,IS_ULTIMATELY_CONSOLIDATED_BY,ACTIVE,2024-01-28T00:00:00Z,
R4PX7RW1BE2S7D0LUWZ5,Orbis Retail Solutions Technologie sp. z o.o.,ulica Bałtycka 97/87,Zielona Góra,00-389,PL,PL,PL-SPZOO,ISSUED,2025-07-15T00:00:00Z,2024-02-19T00:00:00Z,2027-07-18T00:00:00Z,529900T8BM49AURSDO55,FULLY_CORROBORATED,RA000585,0000395515,,,IS_DIRECTLY_CONSOLIDATED_BY,ACTIVE,2020-11-15T00:00:00Z,2024-03-06T00:00:00Z,,Polaris Capital SP Z O O,IS_ULTIMATELY_CONSOLIDATED_BY,ACTIVE,2020-11-15T00:00:00Z,
V1XBJ9W2D02BON0I75WQ,Baltic Med Supply Services Spółka Akcyjna,Głogowska 130/88,Katowice,76-203,PL,PL,PL-SPZOO,ISSUED,2017-01-25T00:00:00Z,2026-01-28T00:00:00Z,2026-07-07T00:00:00Z,529900T8BM49AURSDO55,PARTIALLY_CORROBORATED,RA000585,0000841598,OYYDUAVF2G8XJCLO9T2H,,IS_DIRECTLY_CONSOLIDATED_BY,ACTIVE,2021-02-07T00:00:00Z,,Z8LNMZWC3E814TGJCU3M,Optima Trade Finanse S.A.,IS_ULTIMATELY_CONSOLIDATED_BY,ACTIVE,2021-02-07T00:00:00Z,
8UFLK4E4BGTX8UODK1V1,Orbis Retail Solutions sp z oo,75-648 Wrocław,Wrocław,75-648,PL,PL,PL-SPZOO,ISSUED,2023-01-12T00:00:00Z,2024-09-07T00:00:00Z,2026-05-19T00:00:00Z,529900T8BM49AURSDO55,FULLY_CORROBORATED,RA000585,0000656242,,,IS_DIRECTLY_CONSOLIDATED_BY,ACTIVE,2019-06-23T00:00:00Z,,3FM3RPV56RIZ0DEX5Z28,,IS_ULTIMATELY_CONSOLIDATED_BY,ACTIVE,2019-06-23T00:00:00Z,
VALDECFXHD0KDZXD3I2Y,Quantum Services Services spółka z ograniczoną odpowiedzialnością,ulica Żeromskiego 30/31,Warszawa,97-419,PL,PL,PL-SPZOO,ISSUED,2018-01-06T00:00:00Z,2026-12-24T00:00:00Z,2027-05-02T00:00:00Z,529900T8BM49AURSDO55,FULLY_CORROBORATED,RA000585,0000714629,2QSZOC84KBKP9MJ7C98O,Orbis Retail Solutions Polska sp. z o.o.,IS_DIRECTLY_CONSOLIDATED_BY,ACTIVE,2020-01-25T00:00:00Z,2025-03-05T00:00:00Z,,,IS_ULTIMATELY_CONSOLIDATED_BY,ACTIVE,2020-01-25T00:00:00Z,
ZH1JIPHEH64LQFZ1JQTH,Aurum Invest Spółka Akcyjna,ul. Kwiatowa 112/81,Lublin,10-277,PL,PL,PL-SPZOO,ISSUED,2018-12-18T00:00:00Z,2024-01-25T00:00:00Z,2027-08-30T00:00:00Z,529900T8BM49AURSDO55,FULLY_CORROBORATED,RA000585,0000997850,,,IS_DIRECTLY_CONSOLIDATED_BY,ACTIVE,2019-09-15T00:00:00Z,2025-07-09T00:00:00Z,,,IS_ULTIMATELY_CONSOLIDATED_BY,ACTIVE,2019-09-15T00:00:00Z,
OYDGNUUSDE7Q2KAAYTTY,Orbis Retail Solutions spółka z ograniczoną odpowiedzialnością,Portowa 100/92,Lublin,34-387,PL,PL,PL-SA,LAPSED,2019-03-26T00:00:00Z,2026-06-18T00:00:00Z,2026-06-09T00:00:00Z,529900T8BM49AURSDO55,PARTIALLY_CORROBORATED,RA000585,0000305604,QYXWIITISEZ5ZIMLU406,Orbis Retail Solutions Holding SP Z O O,IS_DIRECTLY_CONSOLIDATED_BY,ACTIVE,2025-06-21T00:00:00Z,,0Q2K1DI6W9GHSURD6DO7,,IS_ULTIMATELY_CONSOLIDATED_BY,ACTIVE,2025-06-21T00:00:00Z,
CA48SFC1GI3FGA78RB94,Vistula Fintech Holding sp z oo,ul. Jarzębinowa 83,Lublin,41-691,PL,PL,PL-SPZOO,ISSUED,2021-10-03T00:00:00Z,2024-12-25T00:00:00Z,2027-08-19T00:00:00Z,529900T8BM49AURSDO55,FULLY_CORROBORATED,RA000585,0000877494,K3O9DVY09M688ZDPWXPZ,Orbis Retail Solutions Services S.A.,IS_DIRECTLY_CONSOLIDATED_BY,ACTIVE,2022-03-30T00:00:00Z,2024-10-20T00:00:00Z,,Baltic Med Supply Polska S.A.,IS_ULTIMATELY_CONSOLIDATED_BY,ACTIVE,2022-03-30T00:00:00Z,
I0N80M3NG77D02C07DV7,Astra Finance SP Z O O,Mickiewicza 30,Gdańsk,49-129,PL,PL,PL-SA,ISSUED,2017-03-15T00:00:00Z,2025-12-20T00:00:00Z,2026-09-23T00:00:00Z,529900T8BM49AURSDO55,PARTIALLY_CORROBORATED,RA000585,0000503294,U8MCX84LC87W5L7JWANL,,IS_DIRECTLY_CONSOLIDATED_BY,ACTIVE,2025-01-23T00:00:00Z,2026-09-13T00:00:00Z,,,IS_ULTIMATELY_CONSOLIDATED_BY,ACTIVE,2025-01-23T00:00:00Z,
P56MHC0PSR45DU39MI8B,Helios Markets sp. z o.o.,ul. Kościuszki 60/65,Szczecin,77-585,PL,PL,PL-SPZOO,ISSUED,2019-07-11T00:00:00Z,2026-01-30T00:00:00Z,2027-07-13T00:00:00Z,529900T8BM49AURSDO55,PARTIALLY_CORROBORATED,RA000585,0000456103,,,IS_DIRECTLY_CONSOLIDATED_BY,ACTIVE,2021-05-12T00:00:00Z,2025-05-16T00:00:00Z,UI35AQ13SSLLHXP8838E,,IS_ULTIMATELY_CONSOLIDATED_BY,ACTIVE,2021-05-12T00:00:00Z,
MLPD1AI0YVOBI2QAEYID,Optima Trade S.A.,32-317 Lublin,Lublin,32-317,PL,PL,PL-PSA,ISSUED,2021-10-22T00:00:00Z,2026-07-09T00:00:00Z,2026-08-03T00:00:00Z,529900T8BM49AURSDO55,FULLY_CORROBORATED,RA000585,0000299278,BB6SNQ0WEZD4KDG0AXLD,Orbis Retail Solutions Markets sp z oo,IS_DIRECTLY_CONSOLIDATED_BY,ACTIVE,2025-05-03T00:00:00Z,,,,IS_ULTIMATELY_CONSOLIDATED_BY,ACTIVE,2025-05-03T00:00:00Z,
YBPL9QSXY4Y53QH4ZBE3,Mazovia Broker Services S.A.,29-402 Gdańsk,Gdańsk,29-402,PL,PL,PL-SA,ISSUED,2016-02-07T00:00:00Z,2024-12-05T00:00:00Z,2026-10-17T00:00:00Z,529900T8BM49AURSDO55,PARTIALLY_CORROBORATED,RA000585,0000172886,,Helios Markets Finanse S.A.,IS_DIRECTLY_CONSOLIDATED_BY,ACTIVE,2020-10-07T00:00:00Z,,B9MWSV1MO4F1ZTBT2FEE,Polaris Capital SP Z O O,IS_ULTIMATELY_CONSOLIDATED_BY,ACTIVE,2020-10-07T00:00:00Z,
WAK1CZ3VGJ0VYNL753XO,Helios Markets Services spółka z ograniczoną odpowiedzialnością,ulica Łąkowa 47,Toruń,39-199,PL,PL,PL-PSA,ISSUED,2021-10-06T00:00:00Z,2024-07-23T00:00:00Z,2027-02-19T00:00:00Z,529900T8BM49AURSDO55,FULLY_CORROBORATED,RA000585,0000398579,,Amber Payments S.A.,IS_DIRECTLY_CONSOLIDATED_BY,ACTIVE,2020-01-30T00:00:00Z,2026-10-26T00:00:00Z,Y8R021G0MJIQPNPXBF3J,Nebula Analytics Spółka Akcyjna,IS_ULTIMATELY_CONSOLIDATED_BY,ACTIVE,2020-01-30T00:00:00Z,
Y7VSR1SUIQVH2LUJTI4S,Nova Data Spółka Akcyjna,ulica Słoneczna 87/41,Katowice,64-921,PL,PL,PL-SA,LAPSED,2018-08-07T00:00:00Z,2024-03-25T00:00:00Z,2027-12-15T00:00:00Z,529900T8BM49AURSDO55,FULLY_CORROBORATED,RA000585,0000338167,4RYFRH4R11KAGAFBV3DY,Amber Payments S.A.,IS_DIRECTLY_CONSOLIDATED_BY,ACTIVE,2022-04-19T00:00:00Z,,,Polaris Capital sp. z o.o.,IS_ULTIMATELY_CONSOLIDATED_BY,ACTIVE,2022-04-19T00:00:00Z,
2S8T25LDM9LC9XHJR0IP,Helios Markets Finanse S.A.,ul. Głogowska 78/54,Katowice,34-193,PL,PL,PL-SPZOO,ISSUED,2025-10-03T00:00:00Z,2026-02-26T00:00:00Z,2026-08-15T00:00:00Z,529900T8BM49AURSDO55,PARTIALLY_CORROBORATED,RA000585,0000518267,P56MHC0PSR45DU39MI8B,Helios Markets sp. z o.o.,IS_DIRECTLY_CONSOLIDATED_BY,ACTIVE,2020-10-25T00:00:00Z,2024-12-27T00:00:00Z,B6JLTF2TMB22GZ26J8SZ,,IS_ULTIMATELY_CONSOLIDATED_BY,ACTIVE,2020-10-25T00:00:00Z,
MAG06ML0C90E3R9V8K91,Orbis Retail Solutions sp. z o.o.,Głogowska 78/72,Wrocław,45-465,PL,PL,PL-PSA,LAPSED,2024-11-13T00:00:00Z,2026-08-26T00:00:00Z,2027-05-01T00:00:00Z,529900T8BM49AURSDO55,FULLY_CORROBORATED,RA000585,0000271994,N51TXBQAX8JQQ80ASXQG,Polaris Capital SP Z O O,IS_DIRECTLY_CONSOLIDATED_BY,ACTIVE,2025-09-14T00:00:00Z,2024-11-10T00:00:00Z,,,IS_ULTIMATELY_CONSOLIDATED_BY,ACTIVE,2025-09-14T00:00:00Z,
OWLKO13U9G0WU7GXVF15,Polaris Capital Markets sp. z o.o.,ulica Kościuszki 172,Poznań,21-408,PL,PL,PL-PSA,LAPSED,2021-04-15T00:00:00Z,2025-07-25T00:00:00Z,2027-07-13T00:00:00Z,529900T8BM49AURSDO55,PARTIALLY_CORROBORATED,RA000585,0000837437,,,IS_DIRECTLY_CONSOLIDATED_BY,ACTIVE,2025-04-28T00:00:00Z,,7UO10XPGNF4KV7KH68MU,,IS_ULTIMATELY_CONSOLIDATED_BY,ACTIVE,2025-04-28T00:00:00Z,
3KE7AHY81VKN31Y9BC8E,Aurum Invest spółka z ograniczoną odpowiedzialnością,ulica Krótka 26/91,Toruń,79-186,PL,PL,PL-SA,ISSUED,2020-05-12T00:00:00Z,2025-07-26T00:00:00Z,2026-10-30T00:00:00Z,529900T8BM49AURSDO55,PARTIALLY_CORROBORATED,RA000585,0000246890,35UJYV99WNNPG5MJSP8M,,IS_DIRECTLY_CONSOLIDATED_BY,ACTIVE,2021-06-09T00:00:00Z,2026-01-21T00:00:00Z,R4PX7RW1BE2S7D0LUWZ5,Orbis Retail Solutions Technologie sp. z o.o.,IS_ULTIMATELY_CONSOLIDATED_BY,ACTIVE,2021-06-09T00:00:00Z,
XL5VNCT1TRRW538OHSRF,Helios Markets S.A.,ulica Jarzębinowa 146,Białystok,06-472,PL,PL,PL-PSA,ISSUED,2019-03-05T00:00:00Z,2024-12-18T00:00:00Z,2026-12-06T00:00:00Z,529900T8BM49AURSDO55,FULLY_CORROBORATED,RA000585,0000530503,2M092475PR2YVKQZB6K5,Vistula Fintech Technologie sp z oo,IS_DIRECTLY_CONSOLIDATED_BY,ACTIVE,2025-12-14T00:00:00Z,,BKW4T20RZ47EA4POOU09,Nova Data SP Z O O,IS_ULTIMATELY_CONSOLIDATED_BY,ACTIVE,2025-12-14T00:00:00Z,
X14CJEC54N6I0RJWOY5N,Silesia Invest Spółka Akcyjna,39-981 Olsztyn,Olsztyn,39-981,PL,PL,PL-PSA,ISSUED,2021-02-11T00:00:00Z,2026-10-20T00:00:00Z,2026-09-02T00:00:00Z,529900T8BM49AURSDO55,PARTIALLY_CORROBORATED,RA000585,0000832336,G39XNR7TEGE8247Z3O5X,Helios Markets sp. z o.o.,IS_DIRECTLY_CONSOLIDATED_BY,ACTIVE,2024-08-30T00:00:00Z,,ZH1JIPHEH64LQFZ1JQTH,,IS_ULTIMATELY_CONSOLIDATED_BY,ACTIVE,2024-08-30T00:00:00Z,
CQ3T7LNCCD2B2824II5G,Baltic Med Supply SP Z O O,ulica Polna 82,Gdynia,34-151,PL,PL,PL-PSA,ISSUED,2022-04-22T00:00:00Z,2024-03-05T00:00:00Z,2027-09-17T00:00:00Z,529900T8BM49AURSDO55,FULLY_CORROBORATED,RA000585,0000443456,0RQY1REETFOEVWGCOT40,Lumen Advisory SP Z O O,IS_DIRECTLY_CONSOLIDATED_BY,ACTIVE,2019-10-17T00:00:00Z,,53CPGZ3ZRQZL0KNZCJDG,Lumen Advisory Holding Spółka Akcyjna,IS_ULTIMATELY_CONSOLIDATED_BY,ACTIVE,2019-10-17T00:00:00Z,
A44VGNO0W9HVASL0IDYH,Mazovia Broker spółka z ograniczoną odpowiedzialnością,ulica Portowa 98/45,Bydgoszcz,94-552,PL,PL,PL-PSA,ISSUED,2017-07-16T00:00:00Z,2025-05-14T00:00:00Z,2027-09-21T00:00:00Z,529900T8BM49AURSDO55,PARTIALLY_CORROBORATED,RA000585,0000109057,O9WJD89C811VC2JQNJVE,Nebula Analytics SP Z O O,IS_DIRECTLY_CONSOLIDATED_BY,ACTIVE,2022-04-15T00:00:00Z,,W6NLUI5GZUX1SPX1QXM1,,IS_ULTIMATELY_CONSOLIDATED_BY,ACTIVE,2022-04-15T00:00:00Z,
2YET0JFP6POBGBMRUCYO,Mazovia Broker S.A.,ul. Piłsudskiego 165/68,Kielce,77-792,PL,PL,PL-PSA,LAPSED,2018-08-20T00:00:00Z,2025-05-29T00:00:00Z,2027-10-05T00:00:00Z,529900T8BM49AURSDO55,FULLY_CORROBORATED,RA000585,0000195232,,Aurum Invest spółka z ograniczoną odpowiedzialnością,IS_DIRECTLY_CONSOLIDATED_BY,ACTIVE,2019-10-31T00:00:00Z,,8BLUY0QFGQE41H8QQTQ8,,IS_ULTIMATELY_CONSOLIDATED_BY,ACTIVE,2019-10-31T00:00:00Z,
7BYVHRCXBQH35T3B21WF,Baltic Med Supply S.A.,71-185 Łódź,Łódź,71-185,PL,PL,PL-PSA,ISSUED,2025-10-10T00:00:00Z,2024-08-14T00:00:00Z,2027-01-20T00:00:00Z,529900T8BM49AURSDO55,PARTIALLY_CORROBORATED,RA000585,0000549358,,Aurum Invest Markets sp. z o.o.,IS_DIRECTLY_CONSOLIDATED_BY,ACTIVE,2019-04-12T00:00:00Z,,,Baltic Med Supply Finanse S.A.,IS_ULTIMATELY_CONSOLIDATED_BY,ACTIVE,2019-04-12T00:00:00Z,
5KPLM0RGITHYGEW5E821,Amber Payments sp z oo,ul. Topolowa 153/30,Lublin,66-576,PL,PL,PL-SPZOO,ISSUED,2024-08-04T00:00:00Z,2024-01-10T00:00:00Z,2026-06-19T00:00:00Z,529900T8BM49AURSDO55,PARTIALLY_CORROBORATED,RA000585,0000633126,,Aurum Invest sp. z o.o.,IS_DIRECTLY_CONSOLIDATED_BY,ACTIVE,2024-01-12T00:00:00Z,2026-12-02T00:00:00Z,J1GD4CVZJG4C9ANS3M2E,Nebula Analytics S.A.,IS_ULTIMATELY_CONSOLIDATED_BY,ACTIVE,2024-01-12T00:00:00Z,
ZX4HT3U8UL7ME1UPMQXF,Polaris Capital sp z oo,95-801 Bydgoszcz,Bydgoszcz,95-801,PL,PL,PL-PSA,ISSUED,2016-01-16T00:00:00Z,2026-03-10T00:00:00Z,2026-08-27T00:00:00Z,529900T8BM49AURSDO55,PARTIALLY_CORROBORATED,RA000585,0000492704,2M092475PR2YVKQZB6K5,Vistula Fintech Technologie sp z oo,IS_DIRECTLY_CONSOLIDATED_BY,ACTIVE,2020-12-10T00:00:00Z,,,Nebula Analytics Finanse sp. z o.o.,IS_ULTIMATELY_CONSOLIDATED_BY,ACTIVE,2020-12-10T00:00:00Z,
KXUIJTTPFQTQDXIZWB3M,Quantum Services sp z oo,43-664 Warszawa,Warszawa,43-664,PL,PL,PL-SA,ISSUED,2023-01-21T00:00:00Z,2026-08-03T00:00:00Z,2027-04-25T00:00:00Z,529900T8BM49AURSDO55,FULLY_CORROBORATED,RA000585,0000155427,9YW6C6AGKNMND8FW99IX,Astra Finance Technologie sp z oo,IS_DIRECTLY_CONSOLIDATED_BY,ACTIVE,2025-04-16T00:00:00Z,,43BAERQTPXQNID2KIWQU,Helios Markets sp z oo,IS_ULTIMATELY_CONSOLIDATED_BY,ACTIVE,2025-04-16T00:00:00Z,
9RHKTCQ7V1MW5A80BJ34,Polaris Capital sp. z o.o.,ulica Bałtycka 122,Lublin,44-400,PL,PL,PL-PSA,ISSUED,2016-12-05T00:00:00Z,2025-03-17T00:00:00Z,2026-08-27T00:00:00Z,529900T8BM49AURSDO55,FULLY_CORROBORATED,RA000585,0000216423,TD6Q6ARO7OT9NTLBC5M6,Aurum Invest spółka z ograniczoną odpowiedzialnością,IS_DIRECTLY_CONSOLIDATED_BY,ACTIVE,2021-12-13T00:00:00Z,,,,IS_ULTIMATELY_CONSOLIDATED_BY,ACTIVE,2021-12-13T00:00:00Z,
M2N5SI8QVDRA6E3GDF0E,Amber Payments Services sp. z o.o.,Żeromskiego 85,Bydgoszcz,43-416,PL,PL,PL-SA,ISSUED,2025-12-30T00:00:00Z,2024-03-27T00:00:00Z,2026-04-26T00:00:00Z,529900T8BM49AURSDO55,PARTIALLY_CORROBORATED,RA000585,0000112656,H2QM6MCGPYUI5NLDJ8DB,,IS_DIRECTLY_CONSOLIDATED_BY,ACTIVE,2025-03-29T00:00:00Z,,APFMMZ7KBY9GVPL8PSNT,Baltic Med Supply Finanse S.A.,IS_ULTIMATELY_CONSOLIDATED_BY,ACTIVE,2025-03-29T00:00:00Z,
XVB9XWK7QWT9XUGGFF7S,Orbis Retail Solutions Spółka Akcyjna,Srebrna 156/18,Opole,22-438,PL,PL,PL-SPZOO,ISSUED,2016-03-07T00:00:00Z,2024-02-02T00:00:00Z,2027-04-03T00:00:00Z,529900T8BM49AURSDO55,PARTIALLY_CORROBORATED,RA000585,0000661262,WB2UE2YCJ9MX7Q1UEOW3,Optima Trade sp. z o.o.,IS_DIRECTLY_CONSOLIDATED_BY,ACTIVE,2024-11-13T00:00:00Z,,,Mazovia Broker Markets Spółka Akcyjna,IS_ULTIMATELY_CONSOLIDATED_BY,ACTIVE,2024-11-13T00:00:00Z,
VD4HYQCL4S8S18VFWFH0,Orbis Retail Solutions Services SP Z O O,ulica Jarzębinowa 163/31,Łódź,22-109,PL,PL,PL-SA,LAPSED,2024-03-22T00:00:00Z,2026-05-29T00:00:00Z,2027-04-13T00:00:00Z,529900T8BM49AURSDO55,PARTIALLY_CORROBORATED,RA000585,0000999671,K3O9DVY09M688ZDPWXPZ,Orbis Retail Solutions Services S.A.,IS_DIRECTLY_CONSOLIDATED_BY,ACTIVE,2023-07-01T00:00:00Z,,YWXR3KNYUOGILN2B8AW6,,IS_ULTIMATELY_CONSOLIDATED_BY,ACTIVE,2023-07-01T00:00:00Z,
YRPIVY75154O9W36912W,Nova Data Markets sp z oo,Jarzębinowa 85/65,Szczecin,94-395,PL,PL,PL-SPZOO,LAPSED,2017-01-25T00:00:00Z,2026-04-20T00:00:00Z,2026-03-26T00:00:00Z,529900T8BM49AURSDO55,PARTIALLY_CORROBORATED,RA000585,0000296690,B6JLTF2TMB22GZ26J8SZ,Helios Markets spółka z ograniczoną odpowiedzialnością,IS_DIRECTLY_CONSOLIDATED_BY,ACTIVE,2023-05-08T00:00:00Z,,YHULEBKLNCL4NK98WUR5,Nebula Analytics sp z oo,IS_ULTIMATELY_CONSOLIDATED_BY,ACTIVE,2023-05-08T00:00:00Z,
6SJ0UF7NU64AUF5BDV4S,Aurum Invest sp. z o.o.,ul. Łąkowa 120/16,Olsztyn,63-645,PL,PL,PL-SA,ISSUED,2016-09-17T00:00:00Z,2024-06-06T00:00:00Z,2027-07-24T00:00:00Z,529900T8BM49AURSDO55,FULLY_CORROBORATED,RA000585,0000564937,,,IS_DIRECTLY_CONSOLIDATED_BY,ACTIVE,2018-10-06T00:00:00Z,2024-11-19T00:00:00Z,K2UPVVF035SYPTQE09P9,Polaris Capital SP Z O O,IS_ULTIMATELY_CONSOLIDATED_BY,ACTIVE,2018-10-06T00:00:00Z,
RA9VS1WKFTZN6Y850XAM,Optima Trade sp. z o.o.,Srebrna 39/41,Wrocław,76-886,PL,PL,PL-SPZOO,ISSUED,2025-10-19T00:00:00Z,2025-03-23T00:00:00Z,2027-10-21T00:00:00Z,529900T8BM49AURSDO55,FULLY_CORROBORATED,RA000585,0000249826,,,IS_DIRECTLY_CONSOLIDATED_BY,ACTIVE,2022-05-03T00:00:00Z,2025-11-21T00:00:00Z,SKSAR0B4333HI04BWXHC,,IS_ULTIMATELY_CONSOLIDATED_BY,ACTIVE,2022-05-03T00:00:00Z,
3HL6K924Z2DB331JW2AH,Astra Finance Markets sp z oo,Głogowska 12,Zielona Góra,61-653,PL,PL,PL-SA,ISSUED,2023-01-17T00:00:00Z,2026-03-31T00:00:00Z,2026-06-21T00:00:00Z,529900T8BM49AURSDO55,FULLY_CORROBORATED,RA000585,0000880995,F6U2O386FVJFNZEPEC92,,IS_DIRECTLY_CONSOLIDATED_BY,ACTIVE,2025-08-11T00:00:00Z,2026-10-16T00:00:00Z,S2XTFLEBWNC6WNAN327S,Astra Finance Finanse sp. z o.o.,IS_ULTIMATELY_CONSOLIDATED_BY,ACTIVE,2025-08-11T00:00:00Z,
2P9NBIQQAC3XPR9CTLCB,Optima Trade Markets spółka z ograniczoną odpowiedzialnością,41-780 Toruń,Toruń,41-780,PL,PL,PL-SPZOO,ISSUED,2020-07-22T00:00:00Z,2026-10-03T00:00:00Z,2027-08-10T00:00:00Z,529900T8BM49AURSDO55,FULLY_CORROBORATED,RA000585,0000010791,JNDKZN06209X11PXMM6D,Optima Trade spółka z ograniczoną odpowiedzialnością,IS_DIRECTLY_CONSOLIDATED_BY,ACTIVE,2022-04-15T00:00:00Z,2025-11-17T00:00:00Z,52A54U8RCLH5LX8H2FMD,Optima Trade Polska sp z oo,IS_ULTIMATELY_CONSOLIDATED_BY,ACTIVE,2022-04-15T00:00:00Z,
ROMIZIKZ3BFFRHONO5D0,Mazovia Broker Technologie Spółka Akcyjna,ul. Polna 5/11,Kielce,19-780,PL,PL,PL-SPZOO,LAPSED,2018-10-09T00:00:00Z,2026-11-03T00:00:00Z,2027-10-27T00:00:00Z,529900T8BM49AURSDO55,PARTIALLY_CORROBORATED,RA000585,0000421770,O6M7YPBT1MDEC20LDJGZ,Helios Markets Finanse sp. z o.o.,IS_DIRECTLY_CONSOLIDATED_BY,ACTIVE,2024-07-09T00:00:00Z,2025-09-22T00:00:00Z,S1KYQNB6J8I95R4W86KL,,IS_ULTIMATELY_CONSOLIDATED_BY,ACTIVE,2024-07-09T00:00:00Z,
YLNARTCL2V9BQO2E4A43,Aurum Invest Technologie Spółka Akcyjna,ul. Polna 54,Poznań,71-139,PL,PL,PL-SA,ISSUED,2024-11-14T00:00:00Z,2025-10-22T00:00:00Z,2027-05-04T00:00:00Z,529900T8BM49AURSDO55,FULLY_CORROBORATED,RA000585,0000651230,H87GGCMV2JGW4ZNKDBG6,Nebula Analytics sp z oo,IS_DIRECTLY_CONSOLIDATED_BY,ACTIVE,2020-12-14T00:00:00Z,2025-06-23T00:00:00Z,,Optima Trade sp z oo,IS_ULTIMATELY_CONSOLIDATED_BY,ACTIVE,2020-12-14T00:00:00Z,
FJ59KFLSWCLL7CKB4DXA,Nova Data Spółka Akcyjna,ul. Srebrna 96,Łódź,07-320,PL,PL,PL-PSA,ISSUED,2025-11-10T00:00:00Z,2024-03-17T00:00:00Z,2026-01-11T00:00:00Z,529900T8BM49AURSDO55,PARTIALLY_CORROBORATED,RA000585,0000247629,VXODYX34IKMMG3HC238N,Helios Markets Finanse Spółka Akcyjna,IS_DIRECTLY_CONSOLIDATED_BY,ACTIVE,2018-06-05T00:00:00Z,,DD6MN7KNEC52G6PP9HM9,Baltic Med Supply sp. z o.o.,IS_ULTIMATELY_CONSOLIDATED_BY,ACTIVE,2018-06-05T00:00:00Z,
SYIT6D5ZTFRDCX36HIUI,Astra Finance sp. z o.o.,ulica Piłsudskiego 96,Kraków,05-986,PL,PL,PL-SA,ISSUED,2025-05-09T00:00:00Z,2024-01-04T00:00:00Z,2027-12-28T00:00:00Z,529900T8BM49AURSDO55,FULLY_CORROBORATED,RA000585,0000710025,MZAMWM5P4TAHEZVYWGTB,Quantum Services sp. z o.o.,IS_DIRECTLY_CONSOLIDATED_BY,ACTIVE,2020-06-18T00:00:00Z,2026-08-05T00:00:00Z,,,IS_ULTIMATELY_CONSOLIDATED_BY,ACTIVE,2020-06-18T00:00:00Z,
TD6Q6ARO7OT9NTLBC5M6,Aurum Invest spółka z ograniczoną odpowiedzialnością,93-710 Gdynia,Gdynia,93-710,PL,PL,PL-SA,LAPSED,2019-07-02T00:00:00Z,2024-03-04T00:00:00Z,2027-10-30T00:00:00Z,529900T8BM49AURSDO55,FULLY_CORROBORATED,RA000585,0000473502,F8DOLQX2CSPM57M5OBGU,Orbis Retail Solutions spółka z ograniczoną odpowiedzialnością,IS_DIRECTLY_CONSOLIDATED_BY,ACTIVE,2024-10-07T00:00:00Z,2025-11-16T00:00:00Z,EIZ63RFOD9EBOMU8CQ9A,Nebula Analytics SP Z O O,IS_ULTIMATELY_CONSOLIDATED_BY,ACTIVE,2024-10-07T00:00:00Z,
S1KYQNB6J8I95R4W86KL,Polaris Capital Services spółka z ograniczoną odpowiedzialnością,ulica Głogowska 35,Szczecin,91-852,PL,PL,PL-PSA,ISSUED,2024-11-27T00:00:00Z,2025-04-15T00:00:00Z,2026-02-14T00:00:00Z,529900T8BM49AURSDO55,PARTIALLY_CORROBORATED,RA000585,0000034752,,,IS_DIRECTLY_CONSOLIDATED_BY,ACTIVE,2024-11-11T00:00:00Z,,,,IS_ULTIMATELY_CONSOLIDATED_BY,ACTIVE,2024-11-11T00:00:00Z,
POCXZSCKYPWN7PFY03C8,Lumen Advisory sp z oo,ulica Wiosenna 45,Toruń,92-770,PL,PL,PL-SPZOO,ISSUED,2018-08-31T00:00:00Z,2025-05-24T00:00:00Z,2026-07-24T00:00:00Z,529900T8BM49AURSDO55,PARTIALLY_CORROBORATED,RA000585,0000846328,E083PBR5UXBHIAOI7Z8O,Baltic Med Supply spółka z ograniczoną odpowiedzialnością,IS_DIRECTLY_CONSOLIDATED_BY,ACTIVE,2022-05-19T00:00:00Z,2025-09-16T00:00:00Z,BKUZ3JGLBMYL8H98DR5P,Nebula Analytics sp z oo,IS_ULTIMATELY_CONSOLIDATED_BY,ACTIVE,2022-05-19T00:00:00Z,
1LGLGNSC8M8IIVS35LPD,Quantum Services Spółka Akcyjna,38-684 Toruń,Toruń,38-684,PL,PL,PL-PSA,LAPSED,2017-01-27T00:00:00Z,2026-06-23T00:00:00Z,2026-12-12T00:00:00Z,529900T8BM49AURSDO55,FULLY_CORROBORATED,RA000585,0000612745,VWLHEMWI50W4D1RGPVWR,Mazovia Broker SP Z O O,IS_DIRECTLY_CONSOLIDATED_BY,ACTIVE,2019-02-14T00:00:00Z,,PRF8AOEUF5WZRI4VD02M,,IS_ULTIMATELY_CONSOLIDATED_BY,ACTIVE,2019-02-14T00:00:00Z,
ZWTKID8YV4NJ1QCHZCAU,Lumen Advisory spółka z ograniczoną odpowiedzialnością,ulica Jarzębinowa 135,Wrocław,71-712,PL,PL,PL-PSA,ISSUED,2020-08-16T00:00:00Z,2024-10-18T00:00:00Z,2026-04-27T00:00:00Z,529900T8BM49AURSDO55,FULLY_CORROBORATED,RA000585,0000518860,,,IS_DIRECTLY_CONSOLIDATED_BY,ACTIVE,2025-10-22T00:00:00Z,2024-09-28T00:00:00Z,,Polaris Capital sp. z o.o.,IS_ULTIMATELY_CONSOLIDATED_BY,ACTIVE,2025-10-22T00:00:00Z,
3FM3RPV56RIZ0DEX5Z28,Vistula Fintech Polska Spółka Akcyjna,91-622 Toruń,Toruń,91-622,PL,PL,PL-SPZOO,ISSUED,2017-05-26T00:00:00Z,2024-01-13T00:00:00Z,2027-11-04T00:00:00Z,529900T8BM49AURSDO55,FULLY_CORROBORATED,RA000585,0000645286,,,IS_DIRECTLY_CONSOLIDATED_BY,ACTIVE,2019-08-30T00:00:00Z,,,Aurum Invest spółka z ograniczoną odpowiedzialnością,IS_ULTIMATELY_CONSOLIDATED_BY,ACTIVE,2019-08-30T00:00:00Z,
E2VTTVNC9ZPWBM9YV3BQ,Polaris Capital Spółka Akcyjna,ulica Długa 78/67,Poznań,57-767,PL,PL,PL-SA,ISSUED,2020-08-25T00:00:00Z,2025-06-19T00:00:00Z,2027-06-08T00:00:00Z,529900T8BM49AURSDO55,FULLY_CORROBORATED,RA000585,0000647598,,Silesia Invest sp. z o.o.,IS_DIRECTLY_CONSOLIDATED_BY,ACTIVE,2019-12-08T00:00:00Z,2025-02-15T00:00:00Z,K3O9DVY09M688ZDPWXPZ,Orbis Retail Solutions Services S.A.,IS_ULTIMATELY_CONSOLIDATED_BY,ACTIVE,2019-12-08T00:00:00Z,
Q5BUFDYVE4TWSNZ9ABQW,Baltic Med Supply SP Z O O,Żeromskiego 141/75,Łódź,82-623,PL,PL,PL-PSA,ISSUED,2020-08-23T00:00:00Z,2025-05-11T00:00:00Z,2026-01-29T00:00:00Z,529900T8BM49AURSDO55,FULLY_CORROBORATED,RA000585,0000416481,,Polaris Capital sp. z o.o.,IS_DIRECTLY_CONSOLIDATED_BY,ACTIVE,2020-06-02T00:00:00Z,,,Baltic Med Supply SP Z O O,IS_ULTIMATELY_CONSOLIDATED_BY,ACTIVE,2020-06-02T00:00:00Z,
J7ABA5GBNPNUSJROVECI,Baltic Med Supply Polska Spółka Akcyjna,93-880 Zielona Góra,Zielona Góra,93-880,PL,PL,PL-PSA,LAPSED,2024-04-08T00:00:00Z,2025-01-27T00:00:00Z,2027-07-11T00:00:00Z,529900T8BM49AURSDO55,FULLY_CORROBORATED,RA000585,0000953737,W63DH374DV42DARZBHHO,Aurum Invest Technologi SP Z O O,IS_DIRECTLY_CONSOLIDATED_BY,ACTIVE,2022-07-12T00:00:00Z,2025-05-07T00:00:00Z,,,IS_ULTIMATELY_CONSOLIDATED_BY,ACTIVE,2022-07-12T00:00:00Z,
HDZKFQDCN2TACBCQMOLJ,Orbis Retail Solutions Markets spółka z ograniczoną odpowiedzialnością,Wiosenna 40,Olsztyn,14-302,PL,PL,PL-SPZOO,ISSUED,2023-04-13T00:00:00Z,2025-11-13T00:00:00Z,2026-02-03T00:00:00Z,529900T8BM49AURSDO55,PARTIALLY_CORROBORATED,RA000585,0000318243,S3Y6MB0V3KZP7Y8U4VCE,,IS_DIRECTLY_CONSOLIDATED_BY,ACTIVE,2025-09-12T00:00:00Z,2024-06-26T00:00:00Z,ROMIZIKZ3BFFRHONO5D0,Mazovia Broker Technologie Spółka Akcyjna,IS_ULTIMATELY_CONSOLIDATED_BY,ACTIVE,2025-09-12T00:00:00Z,
USSZIE6G94QRNN09HHI4,Quantum Services Markets sp. z o.o.,ulica Kościuszki 39/82,Wrocław,00-496,PL,PL,PL-PSA,ISSUED,2024-03-25T00:00:00Z,2025-03-06T00:00:00Z,2027-10-11T00:00:00Z,529900T8BM49AURSDO55,PARTIALLY_CORROBORATED,RA000585,0000725853,E2VTTVNC9ZPWBM9YV3BQ,Polaris Capital Spółka Akcyjna,IS_DIRECTLY_CONSOLIDATED_BY,ACTIVE,2020-09-28T00:00:00Z,,,,IS_ULTIMATELY_CONSOLIDATED_BY,ACTIVE,2020-09-28T00:00:00Z,
E083PBR5UXBHIAOI7Z8O,Baltic Med Supply spółka z ograniczoną odpowiedzialnością,63-631 Olsztyn,Olsztyn,63-631,PL,PL,PL-SPZOO,ISSUED,2020-10-30T00:00:00Z,2026-03-19T00:00:00Z,2026-07-18T00:00:00Z,529900T8BM49AURSDO55,PARTIALLY_CORROBORATED,RA000585,0000987144,9YW6C6AGKNMND8FW99IX,Astra Finance Technologie sp z oo,IS_DIRECTLY_CONSOLIDATED_BY,ACTIVE,2021-12-01T00:00:00Z,,CJXUC5815V0R1CQ6XG76,Helios Markets sp z oo,IS_ULTIMATELY_CONSOLIDATED_BY,ACTIVE,2021-12-01T00:00:00Z,
MFG55QHW409GQ83UGD2V,Silesia Invest sp z oo,Prtowa 120/30,Poznań,14-830,PL,PL,PL-SPZOO,LAPSED,2023-11-30T00:00:00Z,2024-04-27T00:00:00Z,2026-12-10T00:00:00Z,529900T8BM49AURSDO55,FULLY_CORROBORATED,RA000585,0000041143,T2OCG0DWPZ1619C13Q7V,Mazovia Broker sp. z o.o.,IS_DIRECTLY_CONSOLIDATED_BY,ACTIVE,2019-12-18T00:00:00Z,2024-05-16T00:00:00Z,,Polaris Capital spółka z ograniczoną odpowiedzialnością,IS_ULTIMATELY_CONSOLIDATED_BY,ACTIVE,2019-12-18T00:00:00Z,
93CGX2JGQT1VW95F4IAI,Quantum Services Finanse sp z oo,ul. Żeromskiego 57/23,Kielce,98-379,PL,PL,PL-PSA,LAPSED,2018-11-06T00:00:00Z,2024-05-17T00:00:00Z,2027-08-09T00:00:00Z,529900T8BM49AURSDO55,PARTIALLY_CORROBORATED,RA000585,0000460977,ZYD1188H5OVZQX3NE1G4,Optima Trade sp. z o.o.,IS_DIRECTLY_CONSOLIDATED_BY,ACTIVE,2025-01-10T00:00:00Z,2025-04-14T00:00:00Z,,Astra Finance SP Z O O,IS_ULTIMATELY_CONSOLIDATED_BY,ACTIVE,2025-01-10T00:00:00Z,
RT7K8SVDJ44OCNKPCREP,Lumen Advisory spółka z ograniczoną odpowiedzialnością,ulica Polna 36,Kraków,83-940,PL,PL,PL-SA,ISSUED,2025-09-07T00:00:00Z,2025-12-01T00:00:00Z,2026-04-08T00:00:00Z,529900T8BM49AURSDO55,PARTIALLY_CORROBORATED,RA000585,0000486259,,Aurum Invest Technologie Spółka Akcyjna,IS_DIRECTLY_CONSOLIDATED_BY,ACTIVE,2022-02-17T00:00:00Z,2026-09-17T00:00:00Z,SUS4NYFLP94MQ72REF40,,IS_ULTIMATELY_CONSOLIDATED_BY,ACTIVE,2022-02-17T00:00:00Z,
RFEN5DBDO6UMP639YVY6,Aurum Invest SP Z O O,79-107 Zielona Góra,Zielona Góra,79-107,PL,PL,PL-SPZOO,ISSUED,2018-03-06T00:00:00Z,2025-03-28T00:00:00Z,2026-09-21T00:00:00Z,529900T8BM49AURSDO55,PARTIALLY_CORROBORATED,RA000585,0000734069,2ISBW294RWXWQTS0EZBA,,IS_DIRECTLY_CONSOLIDATED_BY,ACTIVE,2024-12-16T00:00:00Z,2024-09-04T00:00:00Z,,,IS_ULTIMATELY_CONSOLIDATED_BY,ACTIVE,2024-12-16T00:00:00Z,
HI408CCU0CUYHTEH1ET8,Orbis Retail Solutions sp. z o.o.,ulica Mickiewicza 104/32,Poznań,01-145,PL,PL,PL-PSA,ISSUED,2020-05-10T00:00:00Z,2026-05-13T00:00:00Z,2027-03-14T00:00:00Z,529900T8BM49AURSDO55,FULLY_CORROBORATED,RA000585,0000903502,DKUL96CJHC30CM6IJVY1,,IS_DIRECTLY_CONSOLIDATED_BY,ACTIVE,2020-02-22T00:00:00Z,,,Vistula Fintech sp. z o.o.,IS_ULTIMATELY_CONSOLIDATED_BY,ACTIVE,2020-02-22T00:00:00Z,
6O3B0204NE1XNNDZTU09,Vistula Fintech sp. z o.o.,20-576 Katowice,Katowice,20-576,PL,PL,PL-SPZOO,ISSUED,2019-01-12T00:00:00Z,2024-05-16T00:00:00Z,2027-01-02T00:00:00Z,529900T8BM49AURSDO55,FULLY_CORROBORATED,RA000585,0000642286,CJXUC5815V0R1CQ6XG76,Helios Markets sp z oo,IS_DIRECTLY_CONSOLIDATED_BY,ACTIVE,2022-03-29T00:00:00Z,,,,IS_ULTIMATELY_CONSOLIDATED_BY,ACTIVE,2022-03-29T00:00:00Z,
2PE4UWWFGHDLAZJ02RDJ,Optima Trade S.A.,34-238 Łódź,Łódź,34-238,PL,PL,PL-SPZOO,ISSUED,2018-01-11T00:00:00Z,2024-09-09T00:00:00Z,2026-07-19T00:00:00Z,529900T8BM49AURSDO55,PARTIALLY_CORROBORATED,RA000585,0000578609,RDD4T8URW6BCO398YD3W,Vistula Fintech S.A.,IS_DIRECTLY_CONSOLIDATED_BY,ACTIVE,2022-02-07T00:00:00Z,2026-09-14T00:00:00Z,XT8XR3OW7TBUZ6AVDN9A,,IS_ULTIMATELY_CONSOLIDATED_BY,ACTIVE,2022-02-07T00:00:00Z,
8OIGGUZ4D3TMWANGCHS4,Nova Data Spółka Akcyjna,Bałtycka 84,Gdańsk,37-972,PL,PL,PL-PSA,LAPSED,2016-06-13T00:00:00Z,2024-09-21T00:00:00Z,2026-08-11T00:00:00Z,529900T8BM49AURSDO55,FULLY_CORROBORATED,RA000585,0000243803,Y1D8EK035BEG4GTUE3HC,Orbis Retail Solutions SP Z O O,IS_DIRECTLY_CONSOLIDATED_BY,ACTIVE,2022-12-11T00:00:00Z,2025-11-28T00:00:00Z,3NFU5S7X9ZY0B7D2UCME,Amber Payments Spółka Akcyjna,IS_ULTIMATELY_CONSOLIDATED_BY,ACTIVE,2022-12-11T00:00:00Z,
RS9YAEIU847ICHXHPBH1,Nebula Analytics Polska Spółka Akcyjna,Słoneczna 74,Zielona Góra,36-741,PL,PL,PL-PSA,ISSUED,2025-06-03T00:00:00Z,2026-02-11T00:00:00Z,2027-07-01T00:00:00Z,529900T8BM49AURSDO55,FULLY_CORROBORATED,RA000585,0000226006,DFESHTQKQ4QRBVO6FINH,,IS_DIRECTLY_CONSOLIDATED_BY,ACTIVE,2024-12-25T00:00:00Z,,,Nova Data Polska SP Z O O,IS_ULTIMATELY_CONSOLIDATED_BY,ACTIVE,2024-12-25T00:00:00Z,
U8MCX84LC87W5L7JWANL,Optima Trade sp z oo,Wiosenna 80/81,Szczecin,87-360,PL,PL,PL-SA,LAPSED,2023-11-11T00:00:00Z,2026-04-17T00:00:00Z,2026-05-04T00:00:00Z,529900T8BM49AURSDO55,PARTIALLY_CORROBORATED,RA000585,0000741852,,Baltic Med Supply sp. z o.o.,IS_DIRECTLY_CONSOLIDATED_BY,ACTIVE,2018-08-05T00:00:00Z,,,,IS_ULTIMATELY_CONSOLIDATED_BY,ACTIVE,2018-08-05T00:00:00Z,
KQMPFAKBD6R9VH6UM8QT,Lumen Advisory spółka z ograniczoną odpowiedzialnością,ulica Kwiatowa 154/91,Poznań,18-491,PL,PL,PL-SA,ISSUED,2023-04-07T00:00:00Z,2025-04-04T00:00:00Z,2026-11-08T00:00:00Z,529900T8BM49AURSDO55,FULLY_CORROBORATED,RA000585,0000746555,,Aurum Invest spółka z ograniczoną odpowiedzialnością,IS_DIRECTLY_CONSOLIDATED_BY,ACTIVE,2023-06-15T00:00:00Z,2024-08-05T00:00:00Z,,Nova Data Technologie S.A.,IS_ULTIMATELY_CONSOLIDATED_BY,ACTIVE,2023-06-15T00:00:00Z,
IIKES02EEIVTDT9QOG50,Orbis Retail Solutions SP Z O O,ulica Topolowa 43/89,Łódź,02-950,PL,PL,PL-SPZOO,LAPSED,2025-10-13T00:00:00Z,2024-08-24T00:00:00Z,2026-08-20T00:00:00Z,529900T8BM49AURSDO55,FULLY_CORROBORATED,RA000585,0000855562,S47FPD50EB7B35XLPQPD,Silesia Invest Polska SP Z O O,IS_DIRECTLY_CONSOLIDATED_BY,ACTIVE,2022-06-19T00:00:00Z,2025-04-24T00:00:00Z,,,IS_ULTIMATELY_CONSOLIDATED_BY,ACTIVE,2022-06-19T00:00:00Z,
Z9QPM3E4KY65S8SUDMER,Optima Trade Finanse spółka z ograniczoną odpowiedzialnością,ulica Piłsudskiego 8,Łódź,51-444,PL,PL,PL-SA,ISSUED,2025-02-27T00:00:00Z,2025-01-14T00:00:00Z,2026-06-08T00:00:00Z,529900T8BM49AURSDO55,PARTIALLY_CORROBORATED,RA000585,0000570793,QZ3SCIB4CCV6F57Q948V,Nebula Analytics sp z oo,IS_DIRECTLY_CONSOLIDATED_BY,ACTIVE,2020-02-23T00:00:00Z,,,,IS_ULTIMATELY_CONSOLIDATED_BY,ACTIVE,2020-02-23T00:00:00Z,
UPZU7QHC9HMGI8QY1VY3,Aurum Invest Technologie SP Z O O,ulica Topolowa 61/25,Olsztyn,78-516,PL,PL,PL-SPZOO,ISSUED,2018-10-07T00:00:00Z,2024-02-03T00:00:00Z,2026-09-07T00:00:00Z,529900T8BM49AURSDO55,PARTIALLY_CORROBORATED,RA000585,0000625358,53RW82943XIZ1O7NJXMC,Aurum Invest S.A.,IS_DIRECTLY_CONSOLIDATED_BY,ACTIVE,2024-05-12T00:00:00Z,,,Optima Trade Polska sp z oo,IS_ULTIMATELY_CONSOLIDATED_BY,ACTIVE,2024-05-12T00:00:00Z,
R4UNKPTFSTNEU2380ZU5,Baltic Med Supply Holding S.A.,ulica Łąkowa 29,Poznań,74-813,PL,PL,PL-PSA,ISSUED,2017-10-29T00:00:00Z,2026-02-02T00:00:00Z,2027-05-23T00:00:00Z,529900T8BM49AURSDO55,FULLY_CORROBORATED,RA000585,0000661139,7SAOFXL23N5S70M320FM,Polaris Capital spółka z ograniczoną odpowiedzialnością,IS_DIRECTLY_CONSOLIDATED_BY,ACTIVE,2020-06-20T00:00:00Z,,,Mazovia Broker sp. z o.o.,IS_ULTIMATELY_CONSOLIDATED_BY,ACTIVE,2020-06-20T00:00:00Z,
N51TXBQAX8JQQ80ASXQG,Polaris Capital SP Z O O,Krótka 148/87,Katowice,81-446,PL,PL,PL-SA,ISSUED,2018-02-16T00:00:00Z,2026-10-22T00:00:00Z,2026-04-28T00:00:00Z,529900T8BM49AURSDO55,FULLY_CORROBORATED,RA000585,0000445680,HXORI22NS1615PCW2LN5,Baltic Med Supply sp. z o.o.,IS_DIRECTLY_CONSOLIDATED_BY,ACTIVE,2019-05-13T00:00:00Z,2026-11-19T00:00:00Z,,Orbis Retail Solutions Technologie S.A.,IS_ULTIMATELY_CONSOLIDATED_BY,ACTIVE,2019-05-13T00:00:00Z,
U21J2N2UVKVPT8ZRA506,Optima Trade Finanse S.A.,ulica Leśna 108/39,Zielona Góra,37-576,PL,PL,PL-PSA,ISSUED,2021-12-11T00:00:00Z,2025-10-29T00:00:00Z,2027-09-20T00:00:00Z,529900T8BM49AURSDO55,FULLY_CORROBORATED,RA000585,0000497086,,Astra Finance SP Z O O,IS_DIRECTLY_CONSOLIDATED_BY,ACTIVE,2019-06-18T00:00:00Z,2024-06-19T00:00:00Z,,Mazovia Broker SP Z O O,IS_ULTIMATELY_CONSOLIDATED_BY,ACTIVE,2019-06-18T00:00:00Z,
273ZOPZQ6AZN88N21ODW,Baltic Med Supply SP Z O O,Krótka 3,Olsztyn,92-154,PL,PL,PL-PSA,LAPSED,2021-01-31T00:00:00Z,2025-11-24T00:00:00Z,2027-07-12T00:00:00Z,529900T8BM49AURSDO55,FULLY_CORROBORATED,RA000585,0000172179,,Astra Finance Technologie sp z oo,IS_DIRECTLY_CONSOLIDATED_BY,ACTIVE,2024-10-13T00:00:00Z,2026-12-01T00:00:00Z,OM0AFZEZBDFJOHR9OMHG,Amber Payments spółka z ograniczoną odpowiedzialnością,IS_ULTIMATELY_CONSOLIDATED_BY,ACTIVE,2024-10-13T00:00:00Z,
TDYP7OJWJYPHB05G3KA5,Silesia Invest Spółka Akcyjna,Piłsudskiego 103/61,Gdańsk,90-379,PL,PL,PL-SPZOO,ISSUED,2024-10-26T00:00:00Z,2024-03-28T00:00:00Z,2027-12-22T00:00:00Z,529900T8BM49AURSDO55,FULLY_CORROBORATED,RA000585,0000186271,6O0XILSXL0XF4VXTHWKE,,IS_DIRECTLY_CONSOLIDATED_BY,ACTIVE,2020-08-21T00:00:00Z,,T9LF0JKT13X8U9DDHRZE,,IS_ULTIMATELY_CONSOLIDATED_BY,ACTIVE,2020-08-21T00:00:00Z,
SUS4NYFLP94MQ72REF40,Quantum Services Services S.A.,Jarzębinowa 10,Lublin,21-718,PL,PL,PL-SA,ISSUED,2024-08-07T00:00:00Z,2026-08-16T00:00:00Z,2026-07-14T00:00:00Z,529900T8BM49AURSDO55,FULLY_CORROBORATED,RA000585,0000596084,,,IS_DIRECTLY_CONSOLIDATED_BY,ACTIVE,2024-08-19T00:00:00Z,2026-05-20T00:00:00Z,,,IS_ULTIMATELY_CONSOLIDATED_BY,ACTIVE,2024-08-19T00:00:00Z,
CJXUC5815V0R1CQ6XG76,Helios Markets sp z oo,ul. Krótka 125,Kielce,57-818,PL,PL,PL-SPZOO,LAPSED,2017-01-08T00:00:00Z,2024-03-02T00:00:00Z,2027-02-08T00:00:00Z,529900T8BM49AURSDO55,PARTIALLY_CORROBORATED,RA000585,0000346980,,Baltic Med Supply Polska sp. z o.o.,IS_DIRECTLY_CONSOLIDATED_BY,ACTIVE,2020-08-14T00:00:00Z,2025-11-24T00:00:00Z,1WJ2FZ3LENQF22JAD16V,,IS_ULTIMATELY_CONSOLIDATED_BY,ACTIVE,2020-08-14T00:00:00Z,
VHVU8P6JLZK05CM075M0,Nebula Analytics Polska S.A.,57-391 Opole,Opole,57-391,PL,PL,PL-SPZOO,ISSUED,2025-05-13T00:00:00Z,2024-09-16T00:00:00Z,2026-09-17T00:00:00Z,529900T8BM49AURSDO55,FULLY_CORROBORATED,RA000585,0000303705,,,IS_DIRECTLY_CONSOLIDATED_BY,ACTIVE,2025-12-18T00:00:00Z,,,Vistula Fintech Technologie spółka z ograniczoną odpowiedzialnością,IS_ULTIMATELY_CONSOLIDATED_BY,ACTIVE,2025-12-18T00:00:00Z,
WKZ0VSWODN8VJ3GP1Y0F,Nova Data spółka z ograniczoną odpowiedzialnością,ul. Kwiatowa 117,Białystok,18-829,PL,PL,PL-PSA,ISSUED,2021-08-20T00:00:00Z,2024-09-18T00:00:00Z,2026-03-15T00:00:00Z,529900T8BM49AURSDO55,FULLY_CORROBORATED,RA000585,0000945504,KLB7Q258MZR95HY7668Y,Mazovia Broker SP Z O O,IS_DIRECTLY_CONSOLIDATED_BY,ACTIVE,2020-11-05T00:00:00Z,2024-10-01T00:00:00Z,,Aurum Invest Polska S.A.,IS_ULTIMATELY_CONSOLIDATED_BY,ACTIVE,2020-11-05T00:00:00Z,
1N7GEI0ZQPOJY9WG1B47,Quantum Services sp z oo,82-815 Gdańsk,Gdańsk,82-815,PL,PL,PL-SA,ISSUED,2016-12-29T00:00:00Z,2026-03-06T00:00:00Z,2026-03-25T00:00:00Z,529900T8BM49AURSDO55,PARTIALLY_CORROBORATED,RA000585,0000611050,QUPZ38V8OV0DBZP1U07Z,Mazovia Broker S.A.,IS_DIRECTLY_CONSOLIDATED_BY,ACTIVE,2020-05-26T00:00:00Z,,S2UOCVMOMN7CIP898MB3,,IS_ULTIMATELY_CONSOLIDATED_BY,ACTIVE,2020-05-26T00:00:00Z,
EXHKJZGP3B5FLNQ5M8JM,Baltic Med Supply S.A.,ulica Krótka 9,Katowice,59-415,PL,PL,PL-SPZOO,LAPSED,2018-02-02T00:00:00Z,2024-07-23T00:00:00Z,2027-08-27T00:00:00Z,529900T8BM49AURSDO55,PARTIALLY_CORROBORATED,RA000585,0000309889,OZ7M4DYM8UC6E2QZHDT0,Helios Markets Spółka Akcyjna,IS_DIRECTLY_CONSOLIDATED_BY,ACTIVE,2022-12-10T00:00:00Z,2026-04-21T00:00:00Z,,Amber Payments Holding S.A.,IS_ULTIMATELY_CONSOLIDATED_BY,ACTIVE,2022-12-10T00:00:00Z,
8BLUY0QFGQE41H8QQTQ8,Lumen Advisory S.A.,ul. Wiosenna 75/81,Lublin,13-819,PL,PL,PL-PSA,ISSUED,2019-09-16T00:00:00Z,2025-09-21T00:00:00Z,2027-02-08T00:00:00Z,529900T8BM49AURSDO55,PARTIALLY_CORROBORATED,RA000585,0000298422,,,IS_DIRECTLY_CONSOLIDATED_BY,ACTIVE,2021-01-01T00:00:00Z,2025-08-10T00:00:00Z,LCB538DIFF5IAEU5RFUK,Nova Data sp z oo,IS_ULTIMATELY_CONSOLIDATED_BY,ACTIVE,2021-01-01T00:00:00Z,
OLAMYSOA4HBQF9D0U38I,Vistula Fintech sp z oo,ulica Żeromskiego 133/58,Kielce,20-537,PL,PL,PL-SPZOO,LAPSED,2016-02-25T00:00:00Z,2024-04-19T00:00:00Z,2027-01-09T00:00:00Z,529900T8BM49AURSDO55,PARTIALLY_CORROBORATED,RA000585,0000509022,0LCW1B3CV7BWOVPZSCFF,Vistula Fintech Finanse SP Z O O,IS_DIRECTLY_CONSOLIDATED_BY,ACTIVE,2019-04-13T00:00:00Z,2026-06-22T00:00:00Z,TD6Q6ARO7OT9NTLBC5M6,Aurum Invest spółka z ograniczoną odpowiedzialnością,IS_ULTIMATELY_CONSOLIDATED_BY,ACTIVE,2019-04-13T00:00:00Z,
XT8XR3OW7TBUZ6AVDN9A,Aurum Invest Spółka Akcyjna,ul. Długa 32/36,Zielona Góra,70-678,PL,PL,PL-PSA,ISSUED,2024-09-08T00:00:00Z,2026-10-12T00:00:00Z,2027-05-16T00:00:00Z,529900T8BM49AURSDO55,FULLY_CORROBORATED,RA000585,0000698170,,Astra Finance S.A.,IS_DIRECTLY_CONSOLIDATED_BY,ACTIVE,2021-02-17T00:00:00Z,,,,IS_ULTIMATELY_CONSOLIDATED_BY,ACTIVE,2021-02-17T00:00:00Z,
MZAMWM5P4TAHEZVYWGTB,Quantum Services sp. z o.o.,Wiosenna 154/31,Opole,98-480,PL,PL,PL-SPZOO,ISSUED,2019-01-13T00:00:00Z,2024-01-13T00:00:00Z,2026-09-16T00:00:00Z,529900T8BM49AURSDO55,FULLY_CORROBORATED,RA000585,0000390934,2M092475PR2YVKQZB6K5,Vistula Fintech Technologie sp z oo,IS_DIRECTLY_CONSOLIDATED_BY,ACTIVE,2019-09-05T00:00:00Z,2024-12-17T00:00:00Z,OWLKO13U9G0WU7GXVF15,,IS_ULTIMATELY_CONSOLIDATED_BY,ACTIVE,2019-09-05T00:00:00Z,
KY05HNYR59ZOL9Y4BXX9,Vistula Fintech sp z oo,Mickiewicza 163,Gdynia,02-237,PL,PL,PL-SA,ISSUED,2022-10-15T00:00:00Z,2024-06-16T00:00:00Z,2027-08-25T00:00:00Z,529900T8BM49AURSDO55,FULLY_CORROBORATED,RA000585,0000633497,,Optima Trade sp. z o.o.,IS_DIRECTLY_CONSOLIDATED_BY,ACTIVE,2023-01-22T00:00:00Z,2026-05-10T00:00:00Z,U21J2N2UVKVPT8ZRA506,Optima Trade Finanse S.A.,IS_ULTIMATELY_CONSOLIDATED_BY,ACTIVE,2023-01-22T00:00:00Z,
JSUIEANUY4AJSSPJ7XS7,Silesia Invest Services sp z oo,08-128 Lublin,Lublin,08-128,PL,PL,PL-PSA,LAPSED,2024-07-29T00:00:00Z,2025-12-05T00:00:00Z,2026-07-19T00:00:00Z,529900T8BM49AURSDO55,FULLY_CORROBORATED,RA000585,0000638625,93CGX2JGQT1VW95F4IAI,Quantum Services Finanse sp z oo,IS_DIRECTLY_CONSOLIDATED_BY,ACTIVE,2025-06-21T00:00:00Z,,S47FPD50EB7B35XLPQPD,,IS_ULTIMATELY_CONSOLIDATED_BY,ACTIVE,2025-06-21T00:00:00Z,
PDQNF5I335TN1K9NWOGO,Quantum Services Technologie sp. z o.o.,35-v31 Katowice,Katowice,35-331,PL,PL,PL-SPZOO,ISSUED,2021-07-21T00:00:00Z,2026-09-30T00:00:00Z,2026-06-09T00:00:00Z,529900T8BM49AURSDO55,PARTIALLY_CORROBORATED,RA000585,0000425421,HXGSXS0L2FJ6D3SCHXNS,Aurum Invest SP Z O O,IS_DIRECTLY_CONSOLIDATED_BY,ACTIVE,2019-07-11T00:00:00Z,,DD6MN7KNEC52G6PP9HM9,Baltic Med Supply sp. z o.o.,IS_ULTIMATELY_CONSOLIDATED_BY,ACTIVE,2019-07-11T00:00:00Z,
U7QDU4VLOCLFWW53ZY4G,Amber Payments S.A.,Piłsudskiego 125,Bydgoszcz,59-978,PL,PL,PL-PSA,ISSUED,2021-08-20T00:00:00Z,2024-02-12T00:00:00Z,2027-12-18T00:00:00Z,529900T8BM49AURSDO55,FULLY_CORROBORATED,RA000585,0000974133,,Aurum Invest Technologi SP Z O O,IS_DIRECTLY_CONSOLIDATED_BY,ACTIVE,2025-02-26T00:00:00Z,2026-01-09T00:00:00Z,,,IS_ULTIMATELY_CONSOLIDATED_BY,ACTIVE,2025-02-26T00:00:00Z,
FB0CB49L3HO1Y3BNSPG9,Nova Data Holding spółka z ograniczoną odpowiedzialnością,ulica Kościuszki 47,Gdańsk,68-749,PL,PL,PL-PSA,LAPSED,2025-03-23T00:00:00Z,2025-08-07T00:00:00Z,2027-11-13T00:00:00Z,529900T8BM49AURSDO55,PARTIALLY_CORROBORATED,RA000585,0000421284,VZBQY98S72YWRFNMOI6E,Amber Payments Markets spółka z ograniczoną odpowiedzialnością,IS_DIRECTLY_CONSOLIDATED_BY,ACTIVE,2023-07-31T00:00:00Z,2026-07-19T00:00:00Z,2UZMMWT5KDQS3RXYBW2Q,,IS_ULTIMATELY_CONSOLIDATED_BY,ACTIVE,2023-07-31T00:00:00Z,
DD6MN7KNEC52G6PP9HM9,Baltic Med Supply sp. z o.o.,ulica Srebrna 168,Wrocław,82-265,PL,PL,PL-SA,LAPSED,2024-04-25T00:00:00Z,2025-04-01T00:00:00Z,2026-07-22T00:00:00Z,529900T8BM49AURSDO55,FULLY_CORROBORATED,RA000585,0000512886,Y6GIH07R0YZGTLVPMI8S,Aurum Invest sp z oo,IS_DIRECTLY_CONSOLIDATED_BY,ACTIVE,2022-06-20T00:00:00Z,,,,IS_ULTIMATELY_CONSOLIDATED_BY,ACTIVE,2022-06-20T00:00:00Z,
MFVA36MTVKSHLIETEB5L,Aurum Invest sp. z o.o.,ulica Jarzębinowa 94,Kielce,48-423,PL,PL,PL-PSA,ISSUED,2021-03-27T00:00:00Z,2026-06-05T00:00:00Z,2027-12-01T00:00:00Z,529900T8BM49AURSDO55,FULLY_CORROBORATED,RA000585,0000038347,,Nova Data Polska SP Z O O,IS_DIRECTLY_CONSOLIDATED_BY,ACTIVE,2021-10-12T00:00:00Z,2026-12-11T00:00:00Z,LELAALSQZR9NQV00BC79,Quantum Services spółka z ograniczoną odpowiedzialnością,IS_ULTIMATELY_CONSOLIDATED_BY,ACTIVE,2021-10-12T00:00:00Z,
MZ6MJTW0SVPMQP2Y8P53,Mazovia Broker Markets Spółka Akcyjna,Srebrna 65,Kielce,05-550,PL,PL,PL-PSA,ISSUED,2019-08-26T00:00:00Z,2025-08-10T00:00:00Z,2027-03-11T00:00:00Z,529900T8BM49AURSDO55,FULLY_CORROBORATED,RA000585,0000912953,IGV1065APJKENOXHM4PI,Helios Markets Technologie SP Z O O,IS_DIRECTLY_CONSOLIDATED_BY,ACTIVE,2022-08-08T00:00:00Z,,O7PZJ6Z2SPTCGDPSGWTU,,IS_ULTIMATELY_CONSOLIDATED_BY,ACTIVE,2022-08-08T00:00:00Z,
