Numer agenta,Firma/Nazwa,Zakład ubezpieczeń,Rodzaj agenta,Numer KRS,Miejscowość,Ulica i numer,Kod pocztowy,Numer NIP,Imię,DrugieImię,Nazwisko,PESEL,Data wpisu,Data zakończenia
10000000/A/300000,Facebook - Meta,PZU SA,osoba fizyczna,0000000008,Warszawa,os. Marszałkowska 1/1,00-590,1234805466,Anna,,Kowalska-Krawczyk,60021406849,19/09/2020,2015/17/05
10000001/A/300001,Polskie Przetwory sp z oo,PZU SA,osoba fizyczna,0000000105,Warszawa,ul Krakowskie Przedmieście 18,00-071,1234884655,Tomasz,Robert,Nowacki,61032108236,2024/25/10,15-06-2026
10000002/A/300002,Hurtownia Nabiału Mleczko sp. z o. o.,PZU SA,osoba fizyczna,0000000202,Kraków,ulica Floriańska 35,31-019,1234963840,Katarzyna,Agnieszka,Wiśniewska,62042809586,09-03-2019,2023-11-08
10000003/A/300003,Agencja Reklamowa Kreatywni Sp. z o.o.,ERGO HESTIA S.A.,przedsiębiorca,0000000299,Kraków,Długa 52,31-147,1235043030,Krzysztof,,Wójcik,63050710972,2022-22-11,20240402
10000004/A/300004,Kancelaria Prawna Sankcja SP Z O O,UNIQA TU S.A.,przedsiębiorca,0000000396,Łódź,ul. Piotrkowska 69/53,90-102,1235122226,Ewa,Justyna,Kowalczyk,64061412321,20211126,14/09/2026
10000005/A/300005,Śląskie Zakłady Mechaniczne spółka z ograniczoną odpowiedzialnością,ERGO HESTIA S.A.,przedsiębiorca,0000000493,Łódź,ul Zachodnia 86,90-402,1235201411,Adam,Jan,Kamiński,65072113717,28/11/2017,2023/01/04
10000006/A/300006,Fabryka Okien i Drzwi Profil Spółka z ograniczoną odpowiedzialnością,ERGO HESTIA S.A.,przedsiębiorca,0000000590,Wrocław,ulica Świdnicka 103,50-066,1235280600,Monika,,Lewandowska,66082815068,2022/16/05,21-06-2025
10000007/A/300007,Przedsiębiorstwo Robót Drogowych S.A.,Z AS,perzsiędbiorca,0000000687,Wrocław,Legnicka 120,54-203,1235359796,Marek,Marcin,Zieliński,67090716451,10-09-2016,2026-29-01
10000008/A/300008,Krakowskie Biuro Nieruchomości SA,ERGO HESTIA S.A.,przedsiębiorca,0000000784,Poznań,ul. Święty Marcin 137/15,61-806,1235438981,Barbara,Karolina,Szymańska,68101417802,2021-02-04,20260707
10000009/A/300009,Salon Samochodowy Auto-Hit S. A.,WARTA S.A.,osoba fizyczna,000000088,Poznań,ul Głogowska 154,60-734,1235518177,Rafał,,Dąbrowski,69112119190,20210105,03/10/2023
10000010/A/300010,Klinika Stomatologiczna Dent-Med Spółka Akcyjna,WARTA S.A.,przedsiębiorca,0000000978,Gdańsk,ulica Długa 171,80-831,1235597366,Aleksandra,Małgorzata,Mazur,70122820541,22/02/2025,2025/03/03
10000011/A/300011,Polski Tytoń sp. z o.o.,PZU SA,przedsiębiorca,0000001075,Gdańsk,Grunwaldzka 8,80-236,1235676551,Andrzej,Jakub,Krawczyk,71010721939,2021/16/10,10-04-2026
10000012/A/300012,Gdańska Stocznia Jachtowa sp z oo,UNIQA TU S.A.,przedsiębiorca,0000001172,Szczecin,ul. Jagiellońska 25/67,70-435,1235755747,Marta,,Woźniak,72021423289,30-01-2019,2025-21-06
10000013/A/300013,Wytwórnia Makaronu Jajecznego sp. z o. o.,PZU SA,przedsiebiorca,0000001269,Szczecin,ul Wyszyńskiego 42,70-200,1235834932,Łukasz,Artur,Jankowski,73032124675,2024-30-06,20160624
10000014/A/300014,Zakłady Mięsne Tradycja Sp. z o.o.,UNIQA TU S.A.,osoba fizyczna,0000001366,Katowice,ulica Mariacka 59,40-014,1235914128,Paulina,Iwona,Grabowska,74042826025,20250212,12/10/2023
10000015/A/300015,Spółdzielnia Mleczarska Radomsko SP Z O O,UNIQA TU S.A.,przedsiębiorca,0000001463,Katowice,Warszawska 76,40-009,1235993317,Mateusz,,Pawlak,75050727418,19/08/2021,2026/23/04
10000016/A/300016,Kancelaria Finansowo-Księgowa Bilans spółka z ograniczoną odpowiedzialnością,WARTA S.A.,przedsiębiorca,0000001560,Lublin,ul. Krakowskie Przedmieście 93/29,20-002,1236072507,Elżbieta,Renata,Michalska,76061428767,2021/16/06,12-01-2023
10000017/A/300017,Zarząd Nieruchomości Komercyjnych Spółka z ograniczoną odpowiedzialnością,WARTA S.A.,przedsiębiorca,0000001657,,ul Narutowicza 110,20-004,1236151690,Dawid,Maciej,Król,77072130157,,
10000018/A/300018,Polskie Linie Oceaniczne S.A.,ERGO HESTIA S.A.,osoba fizyczna,0000001754,Białystok,ulica Lipowa 127,15-424,1236230886,Dorota,,Wieczorek,78082831506,2025-13-10,20211103
10000019/A/300019,Hurtownia Materiałów Budowlanych Cegiełka SA,UNIQA TU S.A.,osoba fizyczna,0000001851,Białystok,Sienkiewicza 144,,1236310071,Dariusz,Zbigniew,Jabłoński,79090732890,20150509,10/12/2022
10000020/A/300020,PPHU Studio Projektowe Architektura,PZU SA,osoba fizyczna,0000001948,Bydgoszcz,ul. Gdańska 161/81,85-005,1236389262,Beata,Patrycja,Witkowska,80101434241,28/08/2025,2024/28/11
10000021/A/300021,Centrum Medycyny Pracy Spółka Akcyjna,ERGO HESTIA S.A.,osoba fizyczna,0000002045,Bydgoszcz,ul Dworcowa 178,85-009,1236468458,Sławomir,,Walczak,81112135637,2016/06/11,24-02-2024
10000022/A/300022,Przedsiębiorstwo Energetyki Cieplnej sp. z o.o.,PZU SA,przedsiębiorca,0000002142,Toruń,ulica Szeroka 15,87-100,1236547643,Urszula,Wiktoria,Stępień,82122836987,01-09-2019,2025-03-03
10000023/A/300023,Gospodarstwo Rolno-Ogrodnicze sp z oo,PZU SA,przedsiębiorca,0000002239,Toruń,Chełmińska 32,87-100,1236626839,Mariusz,Jacek,Baran,83010738376,2016-27-04,20250721
10000024/A/300024,Drukarnia Wielkoformatowa Impress sp. z o. o.,UNIQA TU S.A.,przedsiębiorca,0000002336,Rzeszów,ul. 3 Maja 49/43,35-030,1236706024,Izabela,,Rutkowska,84021439724,20200116,26/12/2025
10000025/A/300025,Klub Fitness Sylwetka Sp. z o.o.,UNIQA TU S.A.,osoba fizyczna,0000002433,Rzeszów,ul Piłsudskiego 66,35-074,1236785213,Henryk,Przemysław,Górski,85032141114,07/01/2024,2016/24/06
10000026/A/300026,Polska Grupa Energetyczna SP Z O O,UNIQA TU S.A.,przedsiębiorca,0000002530,Kielce,ulica Sienkiewicza 83,25-007,1236864409,Weronika,Kinga,Sikora,86042842464,2016/03/01,28-06-2025
10000027/A/300027,Mazowieckie Zakłady Drobiarskie spółka z ograniczoną odpowiedzialnością,PZU SA,przedsiębiorca,0000002627,Kielce,Warszawska 100,25-512,1236943592,Stanisław,,Ostrowski,87050743857,19-07-2016,2024-19-11
10000028/A/300028,Hurtownia Farmaceutyczna Aptekarz Spółka z ograniczoną odpowiedzialnością,ERGO HESTIA S.A.,osoba fizyczna,0000002724,Olsztyn,ul. Kościuszki 117/5,10-504,1237022782,Zofia,Kamila,Tomaszewska,88061445206,2023-23-08,20190917
10000029/A/300029,Kancelaria Notarialna Lex S.A.,ERGO HESTIA S.A.,przedsiębiorca,0000002821,Olsztyn,os. Dąbrowszczaków 134,10-540,1237101978,Bartłomiej,Daniel,Zając,89072146593,20231203,24/10/2020
10000030/A/300030,Biuro Podróży Wojażer SA,PZU SA,przedsiębiorca,0000002918,Opole,ulica Krakowska 151,45-018,1237181167,Olga,,Pietrzak,90082847941,11/09/2020,2021/03/11
10000031/A/300031,Szkoła Języków Obcych Lingua S. A.,ERGO HESTIA S.A.,przedsiębiorca,0000003015,Opole,Ozimska 168,45-057,1237260352,Damian,Waldemar,Wójcicki,91090749335,2023/15/02,05-06-2024
10000032/A/300032,Centrum Logistyczne Podlasie Spółka Akcyjna,WARTA S.A.,osoba fizyczna,0000003112,Zielona Góra,ul. Bohaterów Westerplatte 5/57,65-034,1247339575,Ewelina,Danuta,Czarnecka,92101450680,30-08-2020,2025-14-09
10000033/A/300033,Fabryka Mebli Drewnianych Dąb sp. z o.o.,WARTA S.A.,osoba fizyczna,0000003209,Zielona Góra,ul Kupiecka 22,65-058,1237418735,Bartosz,,Lis,93112152077,2024-20-05,20240224
10000034/A/300034,Polskie Sady sp z oo,ERGO HESTIA S.A.,osoba fizyczna,0000003306,Gdynia,ulica Świętojańska 39,81-372,1237497924,Sylwia,Aneta,Kołodziej,94122853426,20161130,07/12/2024
10000035/A/300035,Wielkopolska Hurtownia Stali sp. z o. o.,UNIQA TU S.A.,przedsiębiorca,0000003403,Gdynia,10 Lutego 56,81-364,1247577145,Leszek,Kacper,Kaczmarek,95010754814,31/10/2021,2026/10/04
10000036/A/300036,Zakład Oczyszczania Miasta Sp. z o.o.,ERGO HESTIA S.A.,przedsiębiorca,0000003500,Pruszków,ul. Bolesława Prusa 73/19,05-800,1237656305,Grażyna,,Piątek,96021456164,2020/27/02,18-09-2024
10000037/A/300037,Przedsiębiorstwo Wodociągów i Kanalizacji SP Z O O,UNIQA TU S.A.,przedsiębiorca,0000003597,Piaseczno,,05-500,1237735499,Cezary,Szymon,Sadowski,97032157550,22-01-2019,2023-18-11
10000038/A/300038,Instytut Badań Rynkowych spółka z ograniczoną odpowiedzialnością,ERGO HESTIA S.A.,osoba fizyczna,0000003694,Wieliczka,ulica Sienkiewicza 107,32-020,1237814684,Bożena,Oliwia,Włodarczyk,98042858909,2022-03-07,20230817
10000039/A/300039,Agencja Ochrony Solidna Spółka z ograniczoną odpowiedzialnością,UNIQA TU S.A.,osoba fizyczna,0000003791,Oświęcim,Dąbrowskiego 124,32-600,1237893873,Filip,,Borkowski,99050760297,20200322,10/08/2018
10000040/A/300040,Instagram - Meta,ERGO HESTIA S.A.,przedsiębiorca,0000003888,Krosno,ul. Rynek 141/71,38-400,1237973069,Zuzanna,Emilia,Sawicka-Pająk,00261461640,05/03/2022,2019/17/09
10000041/A/300041,Krajowa Izba Gospodarcza SA,ERGO HESTIA S.A.,osoba fizyczna,0000003985,Mielec,ul Mickiewicza 158,39-300,1238052259,Mikołaj,Ignacy,Dudek,01272163037,2021/23/09,24-10-2020
10000042/A/300042,Polskie Zakłady Lotnicze S. A.,ERGO HESTIA S.A.,osoba fizyczna,0000004082,Świdnica,175,58-100,1238131444,Lena,,Adamczyk,02282864387,08-02-2017,2021-11-03
10000043/A/300043,Hurtownia Elektryczna Wat Spółka Akcyjna,WARTA S.A.,osoba fizyczna,0000004179,Kłodzko,Wojska Polskiego 12,57-300,1248210665,Antoni,Leon,Pawłowski,03290765770,2020-17-12,20260521
10000044/A/300044,Centrum Ogrodnicze Zielona Oaza sp. z o.o.,ERGO HESTIA S.A.,przedsiębiorca,0000004276,Gniezno,ul. Chrobrego 29/33,62-200,1238289820,Hanna,Dominika,Nowicka,04301467122,20160815,14/09/2024
10000045/A/300045,Piekarnia i Cukiernia Chrupiący Rogalik sp z oo,ERGO HESTIA S.A.,przedsiębiorca,0000004373,Leszno,ul Słowiańska 46,64-100,1238369016,Franciszek,,Sokołowski,05312168518,21/04/2021,2023/25/09
10000046/A/300046,Zakład Usług Komunalnych sp. z o. o.,WARTA S.A.,osoba fizyczna,0000004470,Tczew,ulica Gdańska 63,83-110,1238448201,Amelia,Jagoda,Wróbel,60122869864,2023/19/04,03-03-2025
10000047/A/300047,Polski Komfort Sp. z o.o.,WARTA S.A.,przedsiębiorca,0000004567,Wejherowo,Sobieskiego 80,84-200,1238527395,Nikodem,Jerzy,Majewski,61010771256,01-02-2015,2023-09-12
10000048/A/300048,Kancelaria Radców Prawnych Partnerzy SP Z O O,ERGO HESTIA S.A.,osoba fizyczna,0000004664,Cieszyn,ul. Głęboka 97/85,43-400,1238606580,Martyna,,Olszewska,62021472604,2016-10-05,20150517
10000049/A/300049,Centrum Dystrybucji Alkoholi spółka z ograniczoną odpowiedzialnością,WARTA S.A.,przedsiębiorca,0000004761,Będzin,114,42-500,1248685807,Miłosz,Marian,Jaworski,63032173991,20170120,24/06/2016
10000050/A/300050,Przedsiębiorstwo Spedycyjne Ładunek Spółka z ograniczoną odpowiedzialnością,PZU SA,przedsiębiorca,0000004858,Inowrocław,ulica Królowej Jadwigi 131,88-100,1238764965,Agata,Irena,Malinowska,64042875341,22/02/2025,2023/09/02
10000051/A/300051,Fabryka Tekstyliów Splot S.A.,PZU SA,przedsiębiorca,0000004955,Grudziądz,Wybickiego 148,86-300,1238844150,Tadeusz,,Pająk,65050776734,2018/23/11,10-02-2023
10000052/A/300052,Górnośląskie Towarzystwo Finansowe SA,WARTA S.A.,przedsiębiorca,0000005052,Ostróda,ul. Czarnieckiego 165/47,14-100,1238923346,Helena,Izabela,Szczepańska,66061478084,23-06-2020,2019-17-09
10000053/A/300053,Krajowa Agencja Informacyjna S. A.,UNIQA TU S.A.,osoba fizyczna,0000005149,Nibylandia,ul Nieistniejąca 2,99-999,1239002536,Stefan,Mirosław,Czerwiński,67072179470,2019-20-02,20201024
10000054/A/300054,Polskie Jagody Spółka Akcyjna,WARTA S.A.,osoba fizyczna,0000005246,Puławy,ulica Lubelska 19,24-100,1239081725,Jadwiga,,Kubiak,68082880822,20190720,10/01/2023
10000055/A/300055,Zielony Amber sp. z o.o.,ERGO HESTIA S.A.,przedsiębiorca,0000005343,Zamość,Staszica 36,22-400,1239160910,Józef,Piotr,Wilk,69090782216,20/06/2024,2023/11/07
10000056/A/300056,Zielony Bizon sp z oo,PZU SA,osoba fizyczna,0000005440,Augustów,53/9,16-300,1239240106,Monika,Maria,Wysocka,70101483567,2017/14/09,18-04-2025
10000057/A/300057,Zielony Canyon sp. z o. o.,UINQ  ..,przedsęiiborca,0000005537,Suwałki,ul Kościuszki 70,16-400,1239319291,Edward,,Chmielewski,71112184953,07-03-2023,2024-24-02
10000058/A/300058,Zielony Delfin Sp. z o.o.,UNIQA TU S.A.,przedsiębiorca,0000005634,Nysa,os. Piastowska 87,48-300,1239398480,Sabina,Joanna,Urbańska,72122886303,2016-03-11,20250303
10000059/A/300059,Zielony Echo SP Z O O,UNIQA TU S.A.,osoba fizyczna,0000005731,Brzeg,Długa 104,49-300,1239477676,Arkadiusz,Paweł,Błaszczyk,73010787692,20170924,17/01/2026
10000060/A/300060,P.P.H.U. Zielony Falcon,ERGO HESTIA S.A.,przedsiębiorca,0000005828,Żary,ul. Rynek 121/61,68-200,1239556861,Anna,,Szulc,74021489041,02/12/2019,2015/17/05
10000061/A/300061,Zielony Gryf Spółka z ograniczoną odpowiedzialnością,UNIQA TU S.A.,osoba fizyczna,0000005925,Świebodzin,ul Sikorskiego 138,66-200,1239636057,Tomasz,Robert,Kozak,75032190430,2023/07/05,17-12-2026
10000062/A/300062,Zielony Horyzont S.A.,WARTA S.A.,osoba fizyczna,0000006022,Kołobrzeg,ulica Armii Krajowej 155,78-100,1239715242,Katarzyna,Agnieszka,Cieślak,76042891780,28-10-2024,2017-07-03
10000063/A/300063,Zielony Ikar SA,WARTA S.A.,przedsiębiorca,0000006119,Stargard,Piłsudskiego 172,73-110,1239794431,Krzysztof,,Andrzejewski,77050793174,2017-03-10,20260829
10000064/A/300064,Zielony Jantar S. A.,UNIQA TU S.A.,przedsiębiorca,0000006216,Sandomierz,ul. Mickiewicza 9/23,27-600,1239873627,Ewa,Justyna,Gajewska,78061494522,20210807,17/09/2019
10000065/A/300065,Zielony Koral Spółka Akcyjna,WARTA S.A.,przedsiębiorca,0000006313,Ostrowiec Świętokrzyski,ul Sienkiewicza 26,27-400,1239952812,Adam,Jan,Laskowski,79072195918,17/01/2022,2020/24/10
10000066/A/300066,Zielony Lotos sp. z o.o.,WARTA S.A.,przedsiębiorca,0000006410,Warszawa,ulica Chmielna 43,00-020,1240032000,Monika,,Mazurek,80082897268,2017/15/07,03-11-2021
10000067/A/300067,Zielony Magnolia sp z oo,ERGO HESTIA S.A.,przedsiębiorca,0000006507,Warszawa,Nowy Świat 60,00-029,1240111194,Marek,Marcin,Sobczak,81090798651,15-01-2022,2025-28-07
10000068/A/300068,Zielony Neon sp. z o. o.,UNIQA TU S.A.,przedsiębiorca,0000006604,Warszawa,ul. os. Przyjaźń 77/75,01-355,1240190383,Barbara,Karolina,Konieczna,82101400006,2023-23-10,20230117
10000069/A/300069,Zielony Oaza Sp. z o.o.,PZU SA,przedsiębiorca,0000006701,Legionowo,ul Jagiellońska 94,05-120,1240269570,Rafał,,Brzeziński,83112101393,20210130,24/02/2024
10000070/A/300070,Zielony Pegaz SP Z O O,PZU SA,osoba fizyczna,0000006798,Marki,ulica Piłsudskiego 111,05-270,1240348766,Aleksandra,Małgorzata,Makowska,84122802742,10/03/2024,2025/03/03
10000071/A/300071,Zielony Rubin spółka z ograniczoną odpowiedzialnością,ERGO HESTIA S.A.,przedsiębiorca,0000006895,Otwock,Andriollego 128,05-400,1240427951,Andrzej,Jakub,Wrona,85010704131,2025/29/01,10-04-2026
10000072/A/300072,Zielony Szafir Spółka z ograniczoną odpowiedzialnością,PZU SA,przedsiębiorca,0000006992,Radom,ul. Żeromskiego 145/37,26-600,1240507147,Marta,,Bąk,86021405480,08-03-2018,2025-07-07
10000073/A/300073,Zielony Tytan S.A.,WARTA S.A.,osoba fizyczna,0000007089,Płock,ul Tumska 162,09-402,1240586336,Łukasz,Artur,Kucharski,87032106876,2020-08-09,20160624
10000074/A/300074,Zielony Uran SA,PZU SA,osoba fizyczna,0000007186,Kraków,ulica Karmelicka 179,31-128,1240665521,Paulina,Iwona,Lisowska,88042808226,20211011,03/07/2017
10000075/A/300075,Zielony Wektor S. A.,UNIQA TU S.A.,przedsiębiorca,0000007283,Kraków,os. Na Stoku 16,31-704,1240744717,Mateusz,,Słowik,89050709619,12/01/2023,2018/10/08
10000076/A/300076,Zielony Zefir Spółka Akcyjna,UNIQA TU S.A.,przedsiębiorca,0000007380,Zakopane,ul. Krupówki 33/89,34-500,1240823902,Elżbieta,Renata,Kopeć,90061410960,2023/19/11,08-07-2026
10000077/A/300077,Zielony Żubr sp. z o.o.,UNIQA TU S.A.,przedsiębiorca,0000007477,Mordarka,50,34-600,1240903096,Dawid,Maciej,Czajka,91072112357,22-06-2015,2020-24-10
10000078/A/300078,Zielony Sokół sp z oo,ERGO HESTIA S.A.,osoba fizyczna,0000007574,Zielonki,ulica Galicyjska 67,32-087,1240982285,Dorota,,Matusiak,92082813706,2021-15-05,20230914
10000079/A/300079,Zielony Orzeł sp. z o. o.,PZU SA,osoba fizyczna,0000007671,Podłęże,84,32-003,1241061475,Dariusz,Zbigniew,Gajda,93090715091,20240719,10/12/2022
10000080/A/300080,mBank,WARTA S.A.,osoba fizyczna,0000007768,Tarnów,ul. Wałowa 101/51,33-100,1241140660,Beata,Patrycja,Klimek-Bednarek,94101416442,19/04/2022,2023/17/01
10000081/A/300081,Zielony Barycz SP Z O O,UNIQA TU S.A.,przedsiębiorca,0000007865,Łódź,ul Narutowicza 118,90-135,1241219858,Sławomir,,Madej,95112117838,2024/17/10,202402240143
10000082/A/300082,Zielony Noteć spółka z ograniczoną odpowiedzialnością,PZU SA,przedsiębiorca,0000007962,Łódź,ulica os. Retkinia 135,94-004,1241299047,Urszula,Wiktoria,Krupa,96122819189,04-12-2020,2023-29-06
10000083/A/300083,Zielony Pilica Spółka z ograniczoną odpowiedzialnością,WARTA S.A.,przedsiębiorca,0000008059,,Zamkowa 152,95-200,1241378232,Mariusz,Jacek,Kaczmarczyk,97010720570,2024-22-05,20240327
10000084/A/300084,Zielony Narew S.A.,UNIQA TU S.A.,osoba fizyczna,0000008156,Zgierz,ul. Długa 169/13,95-100,1241457428,Izabela,,Wrona,98021421928,20230525,17/05/2015
10000085/A/300085,Zielony Jodełka SA,ERGO HESTIA S.A.,osoba fizyczna,0000008253,Wrocław,ul Rynek 6,50-101,1241536613,Henryk,Przemysław,Wasilewski,99032123315,17/12/2016,2016/24/06
10000086/A/300086,Zielony Kaktus S. A.,ERGO HESTIA S.A.,przedsiębiorca,0000008350,Wrocław,ulica Jedności Narodowej 23,50-260,1241615809,Weronika,Kinga,Kalinowska,00242824660,2020/05/01,24-11-2026
10000087/A/300087,Zielony Szmaragd Spółka Akcyjna,WARTA S.A.,osoba fizyczna,0000008447,Karpacz,os. Konstytucji 3 Maja 40,58-540,1241694996,Stanisław,,Zarychta,01250726054,01/01/2017 01:19,2018-08-10
10000088/A/300088,Zielony Topaz sp. z o.o.,PZU SA,przedsiębiorca,0000008544,Lubin,ul. Odrodzenia 57/65,59-300,,Zofia,Kamila,Przybylska,02261427402,2017-21-09,20190917
10000089/A/300089,Zielony Granit sp z oo,PZU SA,przedsiębiorca,0000008641,Wałbrzych,ul Słowackiego 74,58-300,1241853377,Bartłomiej,Daniel,Michalak,03272128799,20240815,10/05/2023
10000090/A/300090,Zielony Marmur sp. z o. o.,WARTA S.A.,osoba fizyczna,0000008738,Poznań,ulica Półwiejska 91,61-888,1241932562,Olga,,Szatkowska,04282830142,14/09/2025,2021/03/11
10000091/A/300091,Zielony Syrena Sp. z o.o.,UNIQA TU S.A.,przedsiębiorca,0000008835,Poznań,os. Bolesława Chrobrego 108,60-681,1242011752,Damian,Waldemar,Bednarek,05290731535,2020/25/10,08-11-2023
10000092/A/300092,Zielony Zodiak SP Z O O,WARTA S.A.,przedsiębiorca,0000008932,Kalisz,ul. Główny Rynek 125/27,62-800,1242090941,Ewelina,Danuta,Podgórska,60101432883,04-03-2016,2023-17-01
10000093/A/300093,Zielony Olimp spółka z ograniczoną odpowiedzialnością,WARTA S.A.,osoba fizyczna,0000009029,Ostrów Wielkopolski,ul Kaliska 142,63-400,1242170137,Bartosz,,Śliwiński,61112134270,2022-24-05,20240224
10000094/A/300094,Zielony Zorza Spółka z ograniczoną odpowiedzialnością,PZU SA,przedsiębiorca,0000009126,Gdańsk,ulica Ogarna 159,80-826,1242249324,Sylwia,Aneta,Czajkowska,62122835629,20190329,06/10/2024
10000095/A/300095,Zielony Krokus S.A.,WARTA S.A.,osoba fizyczna,0000009223,Gdańsk,os. Jasień 176,80-180,1252328545,Leszek,Kacper,Biernat,63010737018,10/09/2022,2023/11/03
10000096/A/300096,Zielony Narcyz SA,UNIQA TU S.A.,przedsiębiorca,0000009320,Sopot,ul. Bohaterów Monte Cassino 13/79,81-759,1242407705,Grażyna,,Panek,64021438367,2024/02/12,06-11-2024
10000097/A/300097,Zielony Giewont S. A.,WARTA S.A.,osoba fizyczna,0000009417,Chwaszczyno,30,80-209,1242486892,Cezary,Szymon,Prus,65032139753,04-07-2017,2023-14-03
10000098/A/300098,Zielony Rysy Spółka Akcyjna,UNIQA TU S.A.,przedsiębiorca,0000009514,Katowice,ulica 3 Maja 47,40-096,1242566088,Bożena,Oliwia,Janik,66042841106,2025-12-09,20260331
10000099/A/300099,Zielony Kasprowy sp. z o.o.,UNIQA TU S.A.,osoba fizyczna,0000009611,Katowice,os. Paderewskiego 64,40-282,1242645273,Filip,,Kowalski,67050742490,20161019,28/09/2026
10000100/A/300100,PPHU Zielony Beskid,ERGO HESTIA S.A.,przedsiębiorca,0000009708,Gliwice,ul. Zwycięstwa 81/41,44-100,1242724469,Zuzanna,Emilia,Nowacka,68061443848,28/08/2018,2025/06/01
10000101/A/300101,Zielony Bieszczady sp. z o. o.,WARTA S.A.,przedsiębiorca,0000009805,,ul Bocheńskiego 98,,1242803654,Mikołaj,Ignacy,Wiśniewski,69072145235,2020/15/09,24-10-2020
10000102/A/300102,Zielony Karpaty Sp. z o.o.,WARTA S.A.,osoba fizyczna,0000009902,Częstochowa,ulica Najświętszej Maryi Panny 115,42-200,1242882843,Lena,,Wójcik,70082846584,10-09-2015,2025-24-02
10000103/A/300103,Zielony Bałtyk SP Z O O,UNIQA TU S.A.,przedsiębiorca,0000009999,Bielsko-Biała,11 Listopada 132,43-300,1242962039,Antoni,Leon,Kowalczyk,71090747977,2025-26-12,20251223
10000104/A/300104,Zielony Sudety spółka z ograniczoną odpowiedzialnością,PZU SA,osoba fizyczna,0000010096,Niechobrz,149/3,36-047,1243041229,Hanna,Dominika,Kamińska,72101449329,20250320,18/10/2023
10000105/A/300105,Niebieski Amber Spółka z ograniczoną odpowiedzialnością,UNIQA TU S.A.,osoba fizyczna,0000010193,Przemyśl,ul Franciszkańska 166,37-700,1243120414,Franciszek,,Lewandowski,73112150718,15/02/2018,2025/26/07
10000106/A/300106,Niebieski Bizon S.A.,WARTA S.A.,osoba fizyczna,0000010290,Sanok,ulica Kościuszki 3,38-500,1243199605,Amelia,Jagoda,Zielińska,74122852069,2017/18/02,03-03-2025
10000107/A/300107,Niebieksi Canyon SA,ERGO HESTIA S.A.,oosba fizyczna,0000010387,Białystok,Suraska 20,15-422,1243278799,Nikodem,Jerzy,Szymański,75010753457,28-05-2016,2026-04-10
10000108/A/300108,Niebieski Delfin S. A.,PZU SA,przedsiębiorca,0000010484,Ogrodniczki,37/55,16-030,1243357984,Martyna,,Dąbrowska,76021454805,2022-30-01,20150517
10000109/A/300109,Niebieski Echo Spółka Akcyjna,UNIQA TU S.A.,osoba fizyczna,0000010581,Hajnówka,ul 3 Maja 54,17-200,1253437207,Miłosz,Marian,Mazur,77032156193,20240923,30/08/2023
10000110/A/300110,Niebieski Falcon sp. z o.o.,WARTA S.A.,osoba fizyczna,0000010678,Lublin,ulica os. LSM 71,20-400,1243516365,Agata,Irena,Krawczyk,78042857542,03/04/2024,2023/07/11
10000111/A/300111,Niebieski Gryf sp z oo,WARTA S.A.,przedsiębiorca,0000010775,Mięćmierz,88,24-120,1243595554,Tadeusz,,Woźniak,79050758935,2020/16/08,10-08-2018
10000112/A/300112,Niebieski Horyzont sp. z o. o.,ERGO HESTIA S.A.,osoba fizyczna,0000010872,Biała Podlaska,ul. Brzeska 105/17,21-500,1253674775,Helena,Izabela,Jankowska,80061460287,11-01-2023,2025-07-06
10000113/A/300113,Niebieski Ikar Sp. z o.o.,ERGO HESTIA S.A.,przedsiebiorca,0000010969,Toruń,ul Rynek Staromiejski 122,87-100,1243753935,Stefan,Mirosław,Grabowski,81072161673,2017-30-09,20201024
10000114/A/300114,Niebieski Jantar SP Z O O,UNIQA TU S.A.,osoba fizyczna,,Bydgoszcz,ulica Mostowa 139,85-110,1243833120,Jadwiga,,Pawlak,82082863023,20171105,02/08/2024
10000115/A/300115,Niebieski Koral spółka z ograniczoną odpowiedzialnością,UNIQA TU S.A.,przedsiębiorca,0000011163,Olsztyn,Stare Miasto 156,10-026,1243912316,Józef,Piotr,Michalski,83090764416,11/07/2015,2024/06/03
10000116/A/300116,Niebieski Lotos Spółka z ograniczoną odpowiedzialnością,ERGO HESTIA S.A.,przedsiębiorca,0000011260,Mrągowo,os. Warszawska 173/69,11-700,1243991505,Monika,Maria,Król,84101465768,2016/28/11,17-01-2023
10000117/A/300117,Niebieski Magnolia S.A.,WARTA S.A.,przedsiębiorca,0000011357,Szczecin,ul Wojska Polskiego 10,70-470,1244070693,Edward,,Wieczorek,85112167155,24-08-2016,2026-07-07
10000118/A/300118,Niebieski Neon SA,ERGO HESTIA S.A.,osoba fizyczna,0000011454,Świnoujście,ulica Monte Cassino 27,72-600,1244149880,Sabina,Joanna,Jabłońska,86122868504,2020-07-03,20250303
10000119/A/300119,Niebieski Oaza S. A.,ERGO HESTIA S.A.,osoba fizyczna,0000011551,Opole,Rynek 44,,1244229076,Arkadiusz,Paweł,Witkowski,87010769893,20250314,07/02/2023
10000120/A/300120,X - Twitter,ERGO HESTIA S.A.,osoba fizyczna,0000011648,Kluczbork,ul. Byczyńska 61/31,46-200,1244308261,Anna,,Walczak-Czarnecka,88021471245,05/06/2016,2015/17/05
10000121/A/300121,Niebieski Rubin sp. z o.o.,WARTA S.A.,osoba fizyczna,0000011745,Gorzów Wielkopolski,ul Chrobrego 78,66-400,1244387450,Tomasz,Robert,Stępień,89032172631,2016/28/09,12-04-2025
10000122/A/300122,Niebieski Szafir sp z oo,ERGO HESTIA S.A.,osoba fizyczna,0000011842,Międzyrzecz,ulica 30 Stycznia 95,66-300,1244466646,Katarzyna,Agnieszka,Baran,90042873980,08-03-2022,2024-07-05
10000123/A/300123,Niebieski Tytan sp. z o. o.,ERGO HESTIA S.A.,osoba fizyczna,0000011939,Kielce,Paderewskiego 112,25-004,1244545831,Krzysztof,,Rutkowski,91050775374,2022-01-08,20230628
10000124/A/300124,Niebieski Uran Sp. z o.o.,UNIQA TU S.A.,osoba fizyczna,0000012036,Busko-Zdrój,ul. 1 Maja 129/83,28-100,1244625027,Ewa,Justyna,Górska,92061476722,20201123,02/05/2023
10000125/A/300125,Niebieski Wektor SP Z O O,UNIQA TU S.A.,osoba fizyczna,0000012133,Warszawa,ul Marszałkowska 146,00-590,1244704212,Adam,Jan,Sikora,93072178119,22/01/2015,2025/23/08
10000126/A/300126,Niebieski Zefir spółka z ograniczoną odpowiedzialnością,UNIQA TU S.A.,osoba fizyczna,0000012230,Warszawa,ulica Krakowskie Przedmieście 163,00-071,1244783401,Monika,,Ostrowska,94082879469,2018/04/02,21-07-2025
10000127/A/300127,Niebieski Żubr Spółka z ograniczoną odpowiedzialnością,ERGO HESTIA S.A.,przedsiębiorca,0000012327,Kraków,Floriańska 180,31-019,1244862595,Marek,Marcin,Tomaszewski,95090780855,21-06-2022,2023-22-04
10000128/A/300128,Niebieski Sokół S.A.,PZU SA,przedsiębiorca,0000012424,Kraków,ul. Długa 17/45,31-147,1244941780,Barbara,Karolina,Zając,96101482207,2018-12-02,20231023
10000129/A/300129,Niebieski Orzeł SA,UNIQA TU S.A.,przedsiębiorca,0000012521,Łódź,ul Piotrkowska 34,90-102,1245020970,Rafał,,Pietrzak,97112183594,20211025,31/08/2023
10000130/A/300130,Niebieski Kormoran S. A.,PZU SA,osoba fizyczna,0000012618,Łódź,ulica Zachodnia 51,90-402,1245100166,Aleksandra,Małgorzata,Wójcicka,98122884943,04/08/2025,2025/03/03
10000131/A/300131,Niebieski Barycz Spółka Akcyjna,ERGO HESTIA S.A.,osoba fizyczna,0000012715,Wrocław,Świdnicka 68,50-066,1245179357,Andrzej,Jakub,Czarnecki,99010786332,2015/12/06,09-06-2025
10000132/A/300132,Niebieski Noteć sp. z o.o.,PZU SA,osoba fizyczna,0000012812,Wrocław,ul. Legnicka 85/7,54-203,1245258542,Marta,,Lis,00221487686,22-01-2015,2023-13-09
10000133/A/300133,Niebieski Pilica sp z oo,PZU SA,osoba fizyczna,0000012909,Poznań,ul Święty Marcin 102,61-806,1245337738,Łukasz,Artur,Kołodziej,01232189073,2015-28-06,20260104
10000134/A/300134,Niebieski Narew sp. z o. o.,UNIQA TU S.A.,osoba fizyczna,0000013006,Poznań,ulica Głogowska 119,60-734,1245416923,Paulina,Iwona,Kaczmarek,02242890425,20170723,28/12/2025
10000135/A/300135,Niebieski Jodełka Sp. z o.o.,WARTA S.A.,przedsiębiorca,0000013103,Gdańsk,Długa 136,80-831,1245496112,Mateusz,,Piątek,03250791818,14/11/2020,2018/10/08
10000136/A/300136,Niebieski Kaktus SP Z O O,ERGO HESTIA S.A.,przedsiębiorca,0000013200,Gdańsk,ul. Grunwaldzka 153/59,80-236,1245575308,Elżbieta,Renata,Sadowska,04261493168,2024/20/05,14-09-2024
10000137/A/300137,Niebieski Szmaragd spółka z ograniczoną odpowiedzialnością,UNIQA TU S.A.,osoba fizyczna,0000013297,Szczecin,,70-435,1245654491,Dawid,Maciej,Włodarczyk,05272194554,30-04-2025,2023-08-07
10000138/A/300138,Niebieski Topaz Spółka z ograniczoną odpowiedzialnością,WARTA S.A.,przedsiębiorca,0000013394,Szczecin,ulica Wyszyńskiego 7,70-200,1245733687,Dorota,,Borkowska,60082895909,2018-10-11,20211103
10000139/A/300139,Niebieski Granit S.A.,ERGO HESTIA S.A.,osoba fizyczna,0000013491,Katowice,Mariacka 24,40-014,1245812872,Dariusz,Zbigniew,Sawicki,61090797294,20241222,10/12/2022
10000140/A/300140,P.P.H.U. Niebieski Marmur,WARTA S.A.,przedsiębiorca,0000013588,Katowice,ul. Warszawska 41/21,40-009,1245892061,Beata,Patrycja,Dudek,62101498645,07/05/2021,2023/24/05
10000141/A/300141,Niebieski Syrena S. A.,UNIQA TU S.A.,osoba fizyczna,0000013685,Lublin,ul Krakowskie Przedmieście 58,20-002,1245971257,Sławomir,,Adamczyk,63112100035,2020/18/02,24-02-2024
10000142/A/300142,Niebieski Zodiak Spółka Akcyjna,PZU SA,przedsiębiorca,0000013782,Lublin,ulica Narutowicza 75,20-004,1246050447,Urszula,Wiktoria,Pawłowska,64122801385,21-09-2025,2023-29-04
10000143/A/300143,Niebieski Olimp sp. z o.o.,ERGO HESTIA S.A.,przedsiębiorca,0000013879,Białystok,Lipowa 92,15-424,1246129634,Mariusz,Jacek,Nowicki,65010702773,2017-23-02,20251228
10000144/A/300144,Niebieski Zorza sp z oo,PZU SA,osoba fizyczna,0000013976,Białystok,ul. Sienkiewicza 109/73,15-092,1256208855,Izabela,,Sokołowska,66021404122,20181109,17/05/2015
10000145/A/300145,Niebieski Krokus sp. z o. o.,ERGO HESTIA S.A.,osoba fizyczna,0000014073,Bydgoszcz,os. Gdańska 126,85-005,1246288019,Henryk,Przemysław,Wróbel,67032105518,15/09/2018,2026/19/04
10000146/A/300146,Niebieski Narcyz Sp. z o.o.,PZU SA,przedsiębiorca,0000014170,Bydgoszcz,ulica Dworcowa 143,85-009,1246367204,Weronika,Kinga,Majewska,68042806868,2021/04/03,03-07-2017
10000147/A/300147,Niebieski Giewont SP Z O O,PZU SA,osoba fizyczna,0000014267,Toruń,Szeroka 160,87-100,1246446398,Stanisław,,Olszewski,69050708252,02-03-2024,2025-09-02
10000148/A/300148,Niebieski Rysy spółka z ograniczoną odpowiedzialnością,UNIQA TU S.A.,osoba fizyczna,0000014364,Toruń,ul. Chełmińska 177/35,87-100,1246525583,Zofia,Kamila,Jaworska,70061409609,2015-12-04,20190917
10000149/A/300149,Niebieski Kasprowy Spółka z ograniczoną odpowiedzialnością,ERGO HESTIA S.A.,przedsiębiorca,0000014461,Rzeszów,ul 3 Maja 14,35-030,1246604779,Bartłomiej,Daniel,Malinowski,71072110999,20160217,25/11/2024
10000150/A/300150,Amber Budownictwo S.A.,,przedsiębiorca,0000014558,Rzeszów,,35-074,1246683968,Olga,,Pająk,72082812349,,2021/03/11
10000151/A/300151,Amber Transport SA,ERGO HESTIA S.A.,przedsiębiorca,0000014655,Kielce,Sienkiewicza 48,25-007,1246763153,Damian,Waldemar,Szczepański,73090713732,2019/19/06,23-12-2026
10000152/A/300152,Amber Spedycja S. A.,ERGO HESTIA S.A.,osoba fizyczna,0000014752,Kielce,ul. Warszawska 65/87,25-512,1246842349,Ewelina,Danuta,Czerwińska,74101415085,26-04-2015,2023-17-01
10000153/A/300153,Amber Logistyka Spółka Akcyjna,WARTA S.A.,osoba fizyczna,0000014849,Olsztyn,ul Kościuszki 82,10-504,1246921534,Bartosz,,Kubiak,75112116471,2023-01-09,20241010
10000154/A/300154,Amber Handel sp. z o.o.,WARTA S.A.,przedsiębiorca,0000014946,Olsztyn,ulica Dąbrowszczaków 99,10-540,1247000724,Sylwia,Aneta,Wilk,76122817820,20200310,03/03/2025
10000155/A/300155,Amber Usługi sp z oo,WARTA S.A.,przedsiębiorca,0000015043,Opole,Krakowska 116,45-018,1247079915,Leszek,Kacper,Wysocki,77010719219,25/01/2017,2026/10/04
10000156/A/300156,Amber Finanse sp. z o. o.,ERGO HESTIA S.A.,osoba fizyczna,0000015140,Opole,ul. Ozimska 133/49,45-057,1247159100,Grażyna,,Chmielewska,78021420561,2025/29/03,17-05-2015
10000157/A/300157,Amber Doradztwo Sp. z o.o.,PZU ,sooba fziyczna,0000015237,Zielona Góra,ul Bohaterów Westerplatte 150,65-034,1247238294,Cezary,Syzmon,Urbański,79032121957,19-12-2018,2016-24-06
10000158/A/300158,Amber Szkolenia SP Z O O,PZU SA,przedsiębiorca,0000015334,Zielona Góra,ulica Kupiecka 167,65-058,1257317517,Bożena,Oliwia,Błaszczyk,80042823306,2015-28-09,20170703
10000159/A/300159,Amber Media spółka z ograniczoną odpowiedzialnością,PZU SA,przedsiębiorca,0000015431,Gdynia,Świętojańska 4,81-372,1247396679,Filip,,Szulc,81050724690,20230502,28/05/2024
10000160/A/300160,Facebook - Meta,WARTA S.A.,osoba fizyczna,0000015528,Gdynia,ul. 10 Lutego 21/11,81-364,1247475864,Zuzanna,Emilia,Kozak-Bąk,82061426049,01/06/2025,2019/17/09
10000161/A/300161,Amber Marketing S.A.,ERGO HESTIA S.A.,osoba fizyczna,0000015625,Pruszków,ul Bolesława Prusa 38,05-800,1257555085,Mikołaj,Ignacy,Cieślak,83072127435,2022/03/11,24-10-2020
10000162/A/300162,Amber Druk SA,PZU SA,przedsiębiorca,0000015722,Piaseczno,ulica Kościuszki 55,05-500,1247634245,Lena,,Andrzejewska,84082828785,13-04-2020,2021-11-03
10000163/A/300163,Amber Informatyka S. A.,ERGO HESTIA S.A.,osoba fizyczna,0000015819,Wieliczka,Sienkiewicza 72,32-020,1247713430,Antoni,Leon,Gajewski,85090730172,2016-30-12,20221210
10000164/A/300164,Amber Oprogramowanie Spółka Akcyjna,ERGO HESTIA S.A.,osoba fizyczna,0000015916,Oświęcim,ul. Dąbrowskiego 89/63,32-600,1257792655,Hanna,Dominika,Laskowska,86101431523,20221103,02/05/2026
10000165/A/300165,Amber Rolnictwo sp. z o.o.,PZU SA,osoba fizyczna,0000016013,Krosno,ul Rynek 106,38-400,1247871815,Franciszek,,Mazurek,87112132919,05/10/2022,2026/18/07
10000166/A/300166,Amber Ogrodnictwo sp z oo,UNIQA TU S.A.,osoba fizyczna,0000016110,Mielec,ulica Mickiewicza 123,39-300,1247951000,Amelia,Jagoda,Sobczak,88122834260,2024/21/02,17-05-2023
10000167/A/300167,Amber Produkcja sp. z o. o.,ERGO HESTIA S.A.,przedsiębiorca,0000016207,Świdnica,Długa 140,58-100,1248030199,Nikodem,Jerzy,Konieczny,89010735658,12-11-2020,2026-04-10
10000168/A/300168,Amber Przemysł Sp. z o.o.,WARTA S.A.,przedsiębiorca,0000016304,Kłodzko,157/25,57-300,1248109386,Martyna,,Brzezińska,90021437006,2019-11-02,20250206
10000169/A/300169,Amber Ekologia SP Z O O,PZU SA,osoba fizyczna,0000016401,Gniezno,ul Chrobrego 174,62-200,1248188575,Miłosz,Marian,Makowski,91032138393,20160107,12/11/2025
10000170/A/300170,Amber Energetyka spółka z ograniczoną odpowiedzialnością,ERGO HESTIA S.A.,osoba fizyczna,0000016498,Leszno,ulica Słowiańska 11,64-100,1248267760,Agata,Irena,Wrona,92042839742,14/10/2020,2026/28/06
10000171/A/300171,Amber Instalacje Spółka z ograniczoną odpowiedzialnością,ERGO HESTIA S.A.,osoba fizyczna,0000016595,Tczew,Gdańska 28,83-110,1248346956,Tadeusz,,Bąk,03050741139,2021/20/01,26-03-2023
10000172/A/300172,Amber Nieruchomości S.A.,WARTA S.A.,osoba fizyczna,0000016692,Wejherowo,ul. Sobieskiego 45/77,84-200,1248426141,Helena,Izabela,Kucharska,94061442488,25-08-2019,2019-17-09
10000173/A/300173,Amber Inwestycje SA,ERGO HESTIA S.A.,przedsiębiorca,0000016789,Cieszyn,ul Głęboka 62,43-400,1248505337,Stefan,Mirosław,Lisowski,95072143874,2016-21-10,20201024
10000174/A/300174,Amber Medycyna S. A.,ERGO HESTIA S.A.,osoba fizyczna,0000016886,Będzin,os. Małachowskiego 79,42-500,1248584526,Jadwiga,,Słowik,96082845224,20240402,03/02/2023
10000175/A/300175,Amber Zdrowie Spółka Akcyjna,WARTA S.A.,przedsiębiorca,0000016983,Inowrocław,Królowej Jadwigi 96,88-100,1248663711,Józef,Piotr,Kopeć,97090746617,02/08/2023,2022/10/12
10000176/A/300176,Amber Urody sp. z o.o.,UNIQA TU S.A.,przedsiębiorca,0000017080,Grudziądz,ul. Wybickiego 113/39,86-300,1248742907,Monika,Maria,Czajka,98101447969,2015/21/05,17-01-2023
10000177/A/300177,Amber Turystyka sp z oo,ERGO HESTIA S.A.,przedsiębiorca,0000017177,Ostróda,ul Czarnieckiego 130,14-100,1248822090,Edward,,Matusiak,99112149356,14-12-2015,2024-24-02
10000178/A/300178,Amber Rozrywka sp. z o. o.,ERGO HESTIA S.A.,osoba fizyczna,0000017274,Giżycko,ulica Warszawska 147,11-500,1248901286,Sabina,Joanna,Gajda,00322850703,2019-19-06,2023-27-04 02:02
10000179/A/300179,Amber Gastronomia Sp. z o.o.,WARTA S.A.,osoba fizyczna,0000017371,Puławy,Lubelska 164,24-100,1248980475,Arkadiusz,Paweł,Klimek,01210752093,20240306,30/08/2026
10000180/A/300180,PPHU Amber Moda,ERGO HESTIA S.A.,przedsiębiorca,0000017468,Zamość,ul. Staszica 1/1,22-400,1249059667,Anna,,Madej,02221453441,25/03/2022,2025/19/05
10000181/A/300181,Amber Tekstylia spółka z ograniczoną odpowiedzialnością,UNIQA TU S.A.,przedsiębiorca,0000017565,Augustów,ul 3 Maja 18,16-300,1249138852,Tomasz,Robert,Krupa,03232154837,2017/08/07,24-06-2016
10000182/A/300182,Amber Motoryzacja Spółka z ograniczoną odpowiedzialnością,ERGO HESTIA S.A.,przedsiębiorca,0000017662,Suwałki,ulica Kościuszki 35,16-400,1249218048,Katarzyna,Agnieszka,Kaczmarczyk,04242856188,07-10-2021,2026-09-07
10000183/A/300183,Amber Ubezpieczenia S.A.,WARTA S.A.,przedsiębiorca,0000017759,,Piastowska 52,48-300,2249297237,Krzysztof,,Wrona,05250757571,2015-30-10,20240814
10000184/A/300184,Amber Spawalnictwo SA,PZU SA,osoba fizyczna,0000017856,Brzeg,ul. Długa 69/53,49-300,1249376422,Ewa,Justyna,Wasilewska,60061458925,202207130238,31/01/2023
10000185/A/300185,Amber Ślusarstwo S. A.,ERGO HESTIA S.A.,osoba fizyczna,0000017953,Żary,ul Rynek 86,68-200,1249455618,Adam,Jan,Kalinowski,61072160315,13/06/2024,2026/16/09
10000186/A/300186,Amber Krawiectwo Spółka Akcyjna,PZU SA,osoba fizyczna,0000018050,Nibylandia,ulica Nieistniejąca 103,99-999,1249534803,Monika,,Zarychta,62082861665,2023/21/11,14-10-2024
10000187/A/300187,Amber Ochrona sp. z o.o.,UNIQA TU S.A.,przedsiębiorca,0000018147,Kołobrzeg,Armii Krajowej 120,78-100,1249613997,Marek,Marcin,Przybylski,63090763059,30-04-2025,2025-08-03
10000188/A/300188,Amber Catering sp z oo,UNIQA TU S.A.,przedsiębiorca,0000018244,Stargard,ul. Piłsudskiego 137/15,73-110,1249693186,Barbara,Karolina,Michalak,64101464400,2019-15-10,20230117
10000189/A/300189,Amber Księgowość sp. z o. o.,PZU SA,osoba fizyczna,0000018341,Sandomierz,154,27-600,1249772371,Rafał,,Szatkowski,65112165797,20221004,24/02/2024
10000190/A/300190,Bizon Budownictwo Sp. z o.o.,PZU SA,przedsiębiorca,0000018438,Ostrowiec Świętokrzyski,ulica Sienkiewicza 171,27-400,1249851567,Aleksandra,Małgorzata,Bednarek,66122867147,12/07/2021,2023/10/02
10000191/A/300191,Bizon Transport SP Z O O,ERGO HESTIA S.A.,przedsiębiorca,0000018535,Warszawa,Chmielna 8,00-020,1249930752,Andrzej,Jakub,Podgórski,67010768535,2017/25/06,10-04-2026
10000192/A/300192,Bizon Spedycja spółka z ograniczoną odpowiedzialnością,WARTA S.A.,przedsiębiorca,0000018632,Warszawa,ul. Nowy Świat 25/67,00-029,1250009942,Marta,,Śliwińska,68021469884,03-11-2020,2015-17-05
10000193/A/300193,Bizon Logistyka Spółka z ograniczoną odpowiedzialnością,ERGO HESTIA S.A.,osoba fizyczna,0000018729,Warszawa,ul os. Przyjaźń 42,01-355,1250089131,Łukasz,Artur,Czajkowski,69032171274,2020-21-02,20160624
10000194/A/300194,Bizon Handel S.A.,WARTA S.A.,osoba fizyczna,0000018826,Legionowo,ulica Jagiellońska 59,05-120,1250168327,Paulina,Iwona,Biernat,70042872622,20160925,03/07/2017
10000195/A/300195,Bizon Usługi SA,WARTA S.A.,przedsiębiorca,0000018923,Marki,Piłsudskiego 76,05-270,1250247512,Mateusz,,Panek,71050774016,08/06/2015,2026/05/02
10000196/A/300196,Bizon Finanse S. A.,ERGO HESTIA S.A.,osoba fizyczna,0000019020,Otwock,ul. Andriollego 93/29,05-400,1250326708,Elżbieta,Renata,Prus,72061475365,2023/10/09,18-11-2025
10000197/A/300197,Bizon Doradztwo Spółka Akcyjna,PZU SA,osoba fizyczna,0000019117,Radom,ul Żeromskiego 110,26-600,1250405891,Dawid,Maciej,Janik,73072176751,01-03-2021,2024-01-02
10000198/A/300198,Bizon Szkolenia sp. z o.o.,UNIQA TU S.A.,osoba fizyczna,0000019214,Płock,ulica Tumska 127,09-402,1250485080,Dorota,,Kowalska,74082878101,2017-31-10,20211103
10000199/A/300199,Bizon Media sp z oo,ERGO HESTIA S.A.,osoba fizyczna,0000019311,Kraków,Karmelicka 144,31-128,1250564276,Dariusz,Zbigniew,Nowacki,75090779495,20241018,11/06/2023
