PESEL,Imie,DrugieImie,Nazwisko,NazwiskoRodowe,DataUrodzenia,Plec,MiejsceUrodzenia,Obywatelstwo,ImieOjca,ImieMatki,AdresZameldowania,AdresKorespondencyjny,NumerDowoduOsobistego,NumerPaszportu,Telefon,Email
60021406849,Anna,,Kowalska-Krawczyk,Kowalska,1960-14-02,K,Warszawa,PL,Waldemar,Magdalena,"os. Marszałkowska 1/1, 00-590 Warszawa","os. Marszałkowska 1/1, 00-590 Warszawa",,,+48 655 775 891,anna.kowalska.krawczyk@gmail.com
61032108236,Tomasz,Robert,Nowacki,,19610321,M,Warszawa,PL,Jakub,Emilia,"ul Krakowskie Przedmieście 18, 00-071 Warszawa","ul Krakowskie Przedmieście 18, 00-071 Warszawa",ONV883946,PA0300378,502 693 570,t.nowacki@outlook.com
62042809586,Katarzyna,Agnieszka,Wiśniewska,Krawczyk,28/04/1962,K,Kraków,PL,Władysław,Patrycja,"ulica Floriańska 35, 31-019 Kraków","ulica Floriańska 35, 31-019 Kraków",RSG860489,PB0303949,+48 730 415 891,wisniewska.katarzyna@wp.pl
63050710972,Krzysztof,,Wójcik,,1963/07/05,M,Kraków,PL,Waldemar,Magdalena,"Długa 52, 31-147 Kraków","Długa 52, 31-147 Kraków",UXR537032,PC0307520,+48 585 442 911,krzysztofwojcik@onet.pl
64061412321,Ewa,Justyna,Kowalczyk,Jankowska,14-06-1964,K,Łódź,PL,Jakub,Emilia,"ul. Piotrkowska 69/53, 90-102 Łódź","ul. Piotrkowska 69/53, 90-102 Łódź",XCC413575,PL0311091,48-750-561-231,ewa_kowalczyk@interia.pl
65072113717,Adam,Jan,Kamiński,,1965-21-07,M,Łódź,PL,Władysław,Patrycja,"ul Zachodnia 86, 90-402 Łódź","ul Zachodnia 86, 90-402 Łódź",AHN990118,,+48 610 753 777,adam.kaminski75@o2.pl
66082815068,Monika,,Lewandowska,,19660828,K,Wrocław,PL,Waldemar,Magdalena,"ulica Świdnicka 103, 50-066 Wrocław","ulica Świdnicka 103, 50-066 Wrocław",DMY266661,PA0318233,637891891,monika.lewandowska@proton.me
67090716451,Marek,Marcin,Zieliński,,07/09/1967,M,Wrocłwa,PL,Jakub,Emilia,"Legnicka 120, 54-203 Wrocław","Legnicka 120, 54-203 Wrocław",GRJ343204,PB0321804,658 959 238,m.zielinski@yahoo.com
68101417802,Barbara,Karolina,Szymańska,Król,1968/14/10,K,Poznań,PL,Władysław,Patrycja,"ul. Święty Marcin 137/15, 61-806 Poznań","ul. Święty Marcin 137/15, 61-806 Poznań",,PC0325375,+48 748 222 893,szymanska.barbara@gmail.com
69112119190,Rafał,,Dąbrowski,,21-11-1969,M,Poznań,PL,Waldemar,Magdalena,"ul Głogowska 154, 60-734 Poznań","ul Głogowska 154, 60-734 Poznań",MBF896290,PL0328946,48-767-186-359,rafaldabrowski@outlook.com
70122820541,Aleksandra,Małgorzata,Mazur,Jabłońska,1970-28-12,K,Gdańsk,PL,Jakub,Emilia,"ulica Długa 171, 80-831 Gdańsk","ulica Długa 171, 80-831 Gdańsk",PGQ272833,,624 981 029,aleksandra_mazur@wp.pl
71010721939,Andrzej,Jakub,Krawczyk,,19710107,M,Gdańsk,PL,Władysław,Patrycja,"Grunwaldzka 8, 80-236 Gdańsk","Grunwaldzka 8, 80-236 Gdańsk",SLB549376,PA0336088,48-648-771-123,andrzej.krawczyk81@onet.pl
72021423289,Marta,,Woźniak,,14/02/1972,K,Szczecin,PL,Waldemar,Magdalena,"ul. Jagiellońska 25/67, 70-435 Szczecin","ul. Jagiellońska 25/67, 70-435 Szczecin",VQM925919,PB0339659,48-522-351-266,marta.wozniak@interia.pl
73032124675,Łukasz,Artur,Jankowski,,1973/21/03,M,Szczecin,PL,Jakub,Emilia,"ul Wyszyńskiego 42, 70-200 Szczecin","ul Wyszyńskiego 42, 70-200 Szczecin",YVX202462,PC0343230,48-517-681-696,l.jankowski@o2.pl
74042826025,Paulina,Iwona,Grabowska,Baran,28-04-1974,K,Katowice,PL,Władysław,Patrycja,"ulica Mariacka 59, 40-014 Katowice","ulica Mariacka 59, 40-014 Katowice",BAI679005,PL0346801,48-597-944-002,grabowska.paulina@proton.me
75050727418,Mateusz,,Pawlacki,,1975-07-05,M,Katowice,PL,Waldemar,Magdalena,"Warszawska 55, 40-009 Katowice","Warszawska 55, 40-009 Katowice",EFT955548,,760 771 195,mateuszpawlak@yahoo.com
76061428767,Elżbieta,Renata,Michalska,Górska,19760614,K,Lublin,PL,Jakub,Emilia,"ul. Krakowskie Przedmieście 93/29, 20-002 Lublin","ul. Krakowskie Przedmieście 93/29, 20-002 Lublin",,PA0353943,+48 541 787 494,elzbieta_michalska@gmail.com
77072130157,Dawid,Maciej,Król,,21/07/1977,M,Lublin,PL,Władysław,Patrycja,"ul Narutowicza 110, 20-004 Lublin","ul Narutowicza 110, 20-004 Lublin",KPP308634,,,dawid.krol87@outlook.com
78082831506,Dorota,,Wieczorek,,1978/28/08,K,Białystok,PL,Waldemar,Magdalena,"ulica Lipowa 127, 15-424 Białystok","ulica Lipowa 127, 15-424 Białystok",NUA385177,PC0361085,(48) 707834915,dorota.wieczorek@wp.pl
79090732890,Dariusz,Zbigniew,Jabłoński,,07-09-1979,M,Białystok,PL,Jakub,Emilia,"Sienkiewicza 144, Białystok","Sienkiewicza 144, Białystok",QZL461720,PL0364656,48-700-232-510,d.jablonski@onet.pl
80101434241,Beata,Patrycja,Witkowska,Zając,1980-14-10,K,Bydgoszcz,PL,Władysław,Patrycja,"ul. Gdańska 161/81, 85-005 Bydgoszcz","ul. Gdańska 161/81, 85-005 Bydgoszcz",TEW538263,,48-662-247-653,witkowska.beata@interia.pl
81112135637,Sławomir,,Walczak,,19811121,M,Bydgoszcz,PL,Waldemar,Magdalena,"ul Dworcowa 178, 85-009 Bydgoszcz","ul Dworcowa 178, 85-009 Bydgoszcz",WJH314806,PA0371798,789 108 568,slawomirwalczak@o2.pl
82122836987,Urszula,Wiktoria,Stępień,Wójcicka,28/12/1982,K,Toruń,PL,Jakub,Emilia,"ulica Szeroka 15, 87-100 Toruń","ulica Szeroka 15, 87-100 Toruń",ZOS991349,PB0375369,780 297 949,urszula_stepien@proton.me
83010738376,Mariusz,Jacek,Baran,,1983/07/01,M,Toruń,PL,Władysław,Patrycja,"Chełmińska 32, 87-100 Toruń","Chełmińska 32, 87-100 Toruń",CTD467892,PC0378940,+48 569 897 630,mariusz.baran93@yahoo.com
84021439724,Izabela,,Rutkowska,,14-02-1984,K,Rzeszów,PL,Waldemar,Magdalena,"ul. 3 Maja 49/43, 35-030 Rzeszów","ul. 3 Maja 49/43, 35-030 Rzeszów",,PL0382511,748 565 064,izabela.rutkowska@gmail.com
85032141114,Henryk,Przemysław,Górski,,1985-21-03,M,Rzeszów,PL,Jakub,Emilia,"ul Piłsudskiego 66, 35-074 Rzeszów","ul Piłsudskiego 66, 35-074 Rzeszów",IDZ620978,,+48 561 589 249,h.gorski@outlook.com
86042842464,Weronika,Kinga,Sikora,Kaczmarek,19860428,K,Kielce,PL,Władysław,Patrycja,"ulica Sienkiewicza 83, 25-007 Kielce","ulica Sienkiewicza 83, 25-007 Kielce",LIK797521,PA0389653,+48 636 846 057,sikora.weronika@wppl
87050743857,Stanisław,,Ostrowski,,07/05/1987,M,Kielce,PL,Waldemar,Magdalena,"Warszawska 100, 25-512 Kielce","Warszawska 100, 25-512 Kielce",ONV374064,PB0393224,48-511-660-885,stanislawostrowski@onet.pl
88061445206,Zofia,Kamila,Tomaszewska,Sadowska,1988/14/06,K,Olsztyn,PL,Jakub,Emilia,"ul. Kościuszki 117/5, 10-504 Olsztyn","ul. Kościuszki 117/5, 10-504 Olsztyn",RSG150607,PC0396795,48-712-533-813,zofia_tomaszewska@interia.pl
89072146593,Bartłomiej,Daniel,Zając,,21-07-1989,M,Olsztyn,PL,Władysław,Patrycja,"os. Dąbrowszczaków 134, 10-540 Olsztyn","os. Dąbrowszczaków 134, 10-540 Olsztyn",UXR727150,PL0400366,(48) 701828060,bartlomiej.zajac70@o2.pl
90082847941,Olga,,Pietrzak,,1990-28-08,K,Opole,PL,Waldemar,Magdalena,"ulica Krakowska 151, 45-018 Opole","ulica Krakowska 151, 45-018 Opole",XCC603693,,608 762 062,olga.pietrzak@proton.me
91090749335,Damian,Waldemar,Wójcicki,,19910907,M,Opole,PL,Jakub,Emilia,"Ozimska 168, 45-057 Opole","Ozimska 168, 45-057 Opole",AHN180236,PA0407508,637252877,d.wojcicki@yahoo.com
92101450680,Ewelina,Danuta,Czarnecka,Dudek,14/10/1992,K,Zielona Góra,PL,Władysław,Patrycja,"ul. Bohaterów Westerplatte 5/57, 65-034 Zielona Góra","ul. Bohaterów Westerplatte 5/57, 65-034 Zielona Góra",,PB0411079,+48 665 510 566,czarnecka.ewelina@gmail.com
93112152077,Bartosz,,Lis,,1993/21/11,M,Zielona Góra,PL,Waldemar,Magdalena,"ul Kupiecka 22, 65-058 Zielona Góra","ul Kupiecka 22, 65-058 Zielona Góra",GRJ533322,PC0414650,+48 604 651 911,bartoszlis@outlook.com
94122853426,Sylwia,Aneta,Kołodziej,Pawłowska,28-12-1994,K,Gdynia,PL,Jakub,Emilia,"ulica Świętojańska 39, 81-372 Gdynia","ulica Świętojańska 39, 81-372 Gdynia",JWU109865,PL0418221,547 215 542,sylwia_kolodziej@wp.pl
95010754814,Leszek,Kacper,Kaczmarek,,1995-07-01,M,Gdynia,PL,Władysław,Patrycja,"10 Lutego 56, 81-364 Gdynia","10 Lutego 56, 81-364 Gdynia",MBF486408,,659 454 793,leszek.kaczmarek76@onet.pl
96021456164,Grażyna,,Piątek,,19960214,K,Pruszków,PL,Waldemar,Magdalena,"ul. Bolesława Prusa 73/19, 05-800 Pruszków","ul. Bolesława Prusa 73/19, 05-800 Pruszków",PGQ462951,PA0425363,(48) 553682704,grazyna.piatek@interia.pl
97032157550,Cezary,Szymon,Sadowski,,21/03/1997,M,Piaseczno,PL,Jakub,Emilia,05-500 Piaseczno,05-500 Piaseczno,SLB739494,PB0428934,+48 726 445 217,c.sadowski@pocztaa.pl
98042858909,Bożena,Oliwia,Włodarczyk,Majewska,1998/28/04,K,Wieliczka,PL,Władysław,Patrycja,"ulica Sienkiewicza 107, 32-020 Wieliczka","ulica Sienkiewicza 107, 32-020 Wieliczka",VQM416037,PC0432505,+48 753 434 973,wlodarczyk.bozena@proton.me
99050760297,Filip,,Borkowski,,07-05-1999,M,Oświęcim,PL,Waldemar,Magdalena,"Dąbrowskiego 124, 32-600 Oświęcim","Dąbrowskiego 124, 32-600 Oświęcim",YVX492580,PL0436076,667 481 564,filipborkowski@yahoo.com
00261461640,Zuzanna,Emilia,Sawicka-Pająk,Pająk,2000-14-06,K,Krosno,PL,Jakub,Emilia,"ul. Rynek 141/71, 38-400 Krosno","ul. Rynek 141/71, 38-400 Krosno",,,729486079,zuzanna_sawicka.pajak@gmail.com
01272163037,Mikołaj,Ignacy,Dudek,,20010721,M,Mielec,PL,Władysław,Patrycja,"ul Mickiewicza 158, 39-300 Mielec","ul Mickiewicza 158, 39-300 Mielec",EFT245666,PA0443218,(48) 525384817,mikolaj.dudek82@outlook.com
02282864387,Lena,,Adamczyk,,28/08/2002,K,Świdnica,PL,Waldemar,Magdalena,"175, 58-100 Świdnica","175, 58-100 Świdnica",HKE222209,PB0446789,48-698-700-040,lena.adamczyk@wp.pl
03290765770,Antoni,Leon,Pawłowski,,2003/07/09,M,Kłodzko,PL,Jakub,Emilia,"Wojska Polskiego 12, 57-300 Kłodzko","Wojska Polskiego 12, 57-300 Kłodzko",KPP598752,PC0450360,48-596-628-738,a.pawlowski@onet.pl
04301467122,Hanna,Dominika,Nowicka,Czerwińska,14-10-2004,K,Gniezno,PL,Władysław,Patrycja,"ul. Chrobrego 29/33, 62-200 Gniezno","ul. Chrobrego 29/33, 62-200 Gniezno",NUA575295,PL0453931,+48 609 401 694,nowicka.hanna@interia.pl
05312168518,Franciszek,,Sokołowski,,2005-21-11,M,Leszno,PL,Waldemar,Magdalena,"ul Słowiańska 46, 64-100 Leszno","ul Słowiańska 46, 64-100 Leszno",QZL951838,,796 553 410,franciszeksokolowski@o2.pl
60122869864,Amelia,Jagoda,Wróbel,Wilk,19601228,K,Tczew,PL,Jakub,Emilia,"ulica Gdańska 63, 83-110 Tczew","ulica Gdańska 63, 83-110 Tczew",TEW728381,PA0461073,597 104 875,amelia_wrobel@proton.me
61010771256,Nikodem,Jerzy,Majewski,,07/01/1961,M,Wejherowo,PL,Władysław,Patrycja,"Sobieskiego 80, 84-200 Wejherowo","Sobieskiego 80, 84-200 Wejherowo",WJH504924,PB0464644,(48) 635945031,nikodem.majewski88@yahoo.com
62021472604,Martyna,,Olszewska,,1962/14/02,K,Cieszyn,PL,Waldemar,Magdalena,"ul. Głęboka 97/85, 43-400 Cieszyn","ul. Głęboka 97/85, 43-400 Cieszyn",,PC0468215,48-678-752-619,martyna.olszewska@gmail.com
63032173991,Miłosz,Marian,Jaworski,,21-03-1963,M,Będzin,PL,Jakub,Emilia,"114, 42-500 Będzin","114, 42-500 Będzin",CTD058010,PL0471786,48-782-655-352,m.jaworski@outlook.com
64042875341,Agata,Irena,Malinowska,Błaszczyk-Sobczak,1964-28-04,K,Inowrocław,PL,Władysław,Patrycja,"ulica Królowej Jadwigi 131, 88-100 Inowrocław","ulica Królowej Jadwigi 131, 88-100 Inowrocław",FYO334553,,+48 737 784 018,malinowska.agata@wp.pl
65050776734,Tadeusz,,Pająk,,19650507,M,Grudziądz,PL,Waldemar,Magdalena,"Wybickiego 148, 86-300 Grudziądz","Wybickiego 148, 86-300 Grudziądz",IDZ111096,PA0478928,735497770,tadeuszpajak@onet.pl
66061478084,Helena,Izabela,Szczepańska,Kozak,14/06/1966,K,Ostróda,PL,Jakub,Emilia,"ul. Czarnieckiego 165/47, 14-100 Ostróda","ul. Czarnieckiego 165/47, 14-100 Ostróda",LIK287639,PB0482499,+48 542 555 664,helena_szczepanska@interia.pl
67072179470,Stefan,Mirosław,Czerwiński,,1967/21/07,M,Giżycko,PL,Władysław,Patrycja,"ul Nieistniejąca 2, 99-999 Nibylandia","ul Nieistniejąca 2, 99-999 Nibylandia",ONV564182,PC0486070,48-565-266-403,stefan.czerwinski94@o2.pl
68082880822,Jadwiga,,Kubiak,,28-08-1968,K,Puławy,PL,Waldemar,Magdalena,"ulica Lubelska 19, 24-100 Puławy","ulica Lubelska 19, 24-100 Puławy",RSG340725,PL0489641,681332549,jadwiga.kubiak@proton.me
69090782216,Józef,Piotr,Wilk,,1969-07-09,M,Zamość,PL,Jakub,Emilia,"Staszica 36, 22-400 Zamość","Staszica 36, 22-400 Zamość",UXR217268,,(48) 608106252,j.wilk@yahoo.com
70101483567,Monika,Maria,Wysocka,Laskowska,19701014,K,Augustów,PL,Władysław,Patrycja,"53/9, 16-300 Augustów","53/9, 16-300 Augustów",,PA0496783,589 498 674,wysocka.monika@gmail.com
71112184953,Edward,,Chmielewski,,21/11/1971,M,Suwałik,PL,Waldemar,Magdalena,"ul Kościuszki 70, 16-400 Suwałki","ul Kościuszki 70, 16-400 Suwałki",AHN370354,PB0500354,500 231 747,edwardchmielewski@outlook.com
72122886303,Sabina,Joanna,Urbańska,Sobczak,1972/28/12,K,Nysa,PL,Jakub,Emilia,"os. Piastowska 87, 48-300 Nysa","os. Piastowska 87, 48-300 Nysa",DMY946897,PC0503925,678907515,sabina_urbanska@wp.pl
73010787692,Arkadiusz,Paweł,Błaszczyk,,07-01-1973,M,Brzeg,PL,Władysław,Patrycja,"Długa 104, 49-300 Brzeg","Długa 104, 49-300 Brzeg",GRJ723440,PL0507496,48-770-203-887,arkadiusz.blaszczyk71@onet.pl
74021489041,Anna,,Szulc,,1974-14-02,K,Żary,PL,Waldemar,Magdalena,"ul. Rynek 121/61, 68-200 Żary","ul. Rynek 121/61, 68-200 Żary",JWU399983,,700 882 873,anna.szulc@interia.pl
75032190430,Tomasz,Robert,Kozak,,,M,Świebodzin,PL,Jakub,Emilia,"ul Sikorskiego 138, 66-200 Świebodzin","ul Sikorskiego 138, 66-200 Świebodzin",MBF676526,PA0514638,48-594-863-198,t.kozak@o2.pl
76042891780,Katarzyna,Agnieszka,Cieślak,Wrona,28/04/1976,K,Kołobrzeg,PL,Władysław,Patrycja,"ulica Armii Krajowej 155, 78-100 Kołobrzeg","ulica Armii Krajowej 155, 78-100 Kołobrzeg",PGQ253069,PB0518209,(48) 677656912,cieslak.katarzyna@proton.me
77050793174,Krzysztof,,Andrzejewski,,1977/07/05,M,Stargard,PL,Waldemar,Magdalena,"Piłsudskiego 172, 73-110 Stargard","Piłsudskiego 172, 73-110 Stargard",SLB029612,PC0521780,+48 661 570 615,krzysztofandrzejewski@yahoo.com
78061494522,Ewa,Justyna,Gajewska,Kucharska,14-06-1978,K,Sandomierz,PL,Jakub,Emilia,"ul. Mickiewicza 9/23, 27-600 Sandomierz","ul. Mickiewicza 9/23, 27-600 Sandomierz",,PL0525351,(48) 768664943,ewa_gajewska@gmail.com
79072195918,Adam,Jan,Laskowski,,1979-21-07,M,Ostrowiec Świętokrzyski,PL,Władysław,Patrycja,"ul Sienkiewicza 26, 27-400 Ostrowiec Świętokrzyski","ul Sienkiewicza 26, 27-400 Ostrowiec Świętokrzyski",YVX982698,,+48 638 488 651,adam.laskowski77@outlook.com
80082897268,Monika,,Mazurek,,19800828,K,Warszawa,PL,Waldemar,Magdalena,"ulica Chmielna 43, 00-020 Warszawa","ulica Chmielna 43, 00-020 Warszawa",BAI059241,PA0532493,48-782-500-566,monika.mazurek@wp.pl
81090798651,Marek,Marcin,Sobczak,,07/09/1981,M,Warszawa,PL,Jakub,Emilia,"Nowy Świat 60, 00-029 Warszawa","Nowy Świat 60, 00-029 Warszawa",EFT335784,PB0536064,+48 716 523 426,m.sobczak@onet.pl
82101400006,Barbara,Karolina,Konieczna,Czajka,1982/14/10,K,Warszawa,PL,Władysław,Patrycja,"ul. os. Przyjaźń 77/75, 01-355 Warszawa","ul. os. Przyjaźń 77/75, 01-355 Warszawa",HKE412327,PC0539635,48-549-155-087,konieczna.barbara@interia.pl
83112101393,Rafał,,Brzeziński,,21-11-1983,M,Legionowo,PL,Waldemar,Magdalena,"ul Jagiellońska 94, 05-120 Legionowo","ul Jagiellońska 94, 05-120 Legionowo",KPP788870,PL0543206,647131229,rafalbrzezinski@o2.pl
84122802742,Aleksandra,Małgorzata,Makowska,Gajda,1984-28-12,K,Marki,PL,Jakub,Emilia,"ulica Piłsudskiego 111, 05-270 Marki","ulica Piłsudskiego 111, 05-270 Marki",NUA865413,,(48) 613279362,aleksandra_makowska@proton.me
85010704131,Andrzej,Jakub,Wrona,,19850107,M,Otwock,PL,Władysław,Patrycja,"Andriollego 128, 05-400 Otwock","Andriollego 128, 05-400 Otwock",QZL141956,PA0550348,48-556-901-193,andrzej.wrona83@yahoo.com
86021405480,Marta,,Bąk,,14/02/1986,K,Radom,PL,Waldemar,Magdalena,"ul. Żeromskiego 145/37, 26-600 Radom","ul. Żeromskiego 145/37, 26-600 Radom",,PB0553919,754267496,marta.bak@gmail.com
87032106876,Łukasz,Artur,Kucharski,,1987/21/03,M,Płock,PL,Jakub,Emilia,"ul Tumska 162, 09-402 Płock","ul Tumska 162, 09-402 Płock",WJH095042,PC0557490,612 599 428,l.kucharski@outlook.com
88042808226,Paulina,Iwona,Lisowska,Kaczmarczyk,28-04-1988,K,Kraków,PL,Władysław,Patrycja,"ulica Karmelicka 179, 31-128 Kraków","ulica Karmelicka 179, 31-128 Kraków",ZOS371585,PL0561061,502357316,lisowska.paulina@wp.pl
89050709619,Mateusz,,Słowik,,1989-07-05,M,Kraków,PL,Waldemar,Magdalena,"os. Na Stoku 16, 31-704 Kraków","os. Na Stoku 16, 31-704 Kraków",CTD548128,,692296688,mateuszslowik@onet.pl
90061410960,Elżbieta,Renata,Kopeć,Wasilewska,19900614,K,Zakopane,PL,Jakub,Emilia,"ul. Krupówki 33/89, 34-500 Zakopane","ul. Krupówki 33/89, 34-500 Zakopane",FYO524671,PA0568203,48-799-952-364,elzbieta_kopec@interia.pl
91072112357,Dawid,Maciej,Czajka,,21/07/1991,M,Mordarka,PL,Władysław,Patrycja,"50, 34-600 Mordarka","50, 34-600 Mordarka",IDZ401214,PB0571774,546 412 140,dawid.czajka89@o2.pl
92082813706,Dorota,,Matusiak,,1992/28/08,K,Zielonki,PL,Waldemar,Magdalena,"ulica Galicyjska 67, 32-087 Zielonki","ulica Galicyjska 67, 32-087 Zielonki",LIK477757,PC0575345,635 627 527,dorota.matusiak@proton.me
93090715091,Dariusz,Zbigniew,Gajda,,07-09-1993,M,Podłęże,PL,Jakub,Emilia,"84, 32-003 Podłęże","84, 32-003 Podłęże",ONV854300,PL0578916,704 912 670,d.gajda@yahoo.com
94101416442,Beata,Patrycja,Klimek-Bednarek,Klimek,1994-14-10,K,Tarnów,PL,Władysław,Patrycja,"ul. Wałowa 101/51, 33-100 Tarnów","ul. Wałowa 101/51, 33-100 Tarnów",,,(48) 545982214,klimek.bednarek.beata@gmail.com
95112117838,Sławomir,,Madej,,19951121,M,Łódź,PL,Waldemar,Magdalena,"ul Narutowicza 118, 90-135 Łódź","ul Narutowicza 118, 90-135 Łódź",UXR407386,PA0586058,619531753,slawomirmadej@outlook.com
96122819189,Urszula,Wiktoria,Krupa,Bednarek,28/12/1996,K,Łódź,PL,Jakub,Emilia,"ulica os. Retkinia 135, 94-004 Łódź","ulica os. Retkinia 135, 94-004 Łódź",XCC483929,PB0589629,+48 510 692 520,urszula_krupa@wp.pl
97010720570,Mariusz,Jacek,Kaczmarczyk,,1997/07/01,M,Pabianice,PL,Władysław,Patrycja,"Zamkowa 152, 95-200","Zamkowa 152, 95-200",AHN560472,PC0593200,+48 696 535 170,mariusz.kaczmarczyk95@onet.pl
98021421928,Izabela,,Wrona,,14-02-1998 01:01:37,K,Zgierz,PL,Waldemar,Magdalena,"ul. Długa 169/13, 95-100 Zgierz","ul. Długa 169/13, 95-100 Zgierz",DMY537015,PL0596771,(48) 600825195,izabela.wrona@interia.pl
99032123315,Henryk,Przemysław,Wasilewski,,1999-21-03,M,Wrocław,PL,Jakub,Emilia,"ul Rynek 6, 50-101 Wrocław","ul Rynek 6, 50-101 Wrocław",GRJ213558,,535576924,h.wasilewski@o2.pl
00242824660,Weronika,Kinga,Kalinowska,Biernat,20000428,K,Wrocław,PL,Władysław,Patrycja,"ulica Jedności Narodowej 23, 50-260 Wrocław","ulica Jedności Narodowej 23, 50-260 Wrocław",JWU690101,PA0603913,770152290,kalinowska.weronika@gmai1.com
11250726054,Stanisław,,Zarychta,,07/05/2001,M,Karpacz,PL,Waldemar,Magdalena,"os. Konstytucji 3 Maja 40, 58-540 Karpacz","os. Konstytucji 3 Maja 40, 58-540 Karpacz",MBF866644,PB0607484,48-675-356-836,stanislawzarychta@yahoo.com
02261427402,Zofia,Kamila,Przybylska,Prus,2002/14/06,K,Lubin,PL,Jakub,Emilia,"ul. Odrodzenia 57/65, 59-300 Lubin","ul. Odrodzenia 57/65, 59-300 Lubin",,PC0611055,611 135 479,zofia_przybylska@gmail.com
03272128799,Bartłomiej,Daniel,Michalak,,21-07-2003,M,Wałbrzych,PL,Władysław,Patrycja,"ul Słowackiego 74, 58-300 Wałbrzych","ul Słowackiego 74, 58-300 Wałbrzych",SLB219730,PL0614626,543 699 469,bartlomiej.michalak72@outlook.com
04282830142,Olga,,Szatkowska,,2004-28-08,K,Poznań,PL,Waldemar,Magdalena,"ulica Półwiejska 91, 61-888 Poznań","ulica Półwiejska 91, 61-888 Poznań",VQM896273,,48-514-295-408,olga.szatkowska@wp.pl
05290731535,Damian,Waldemar,Bednarek,,20050907,M,Poznań,PL,Jakub,Emilia,"os. Bolesława Chrobrego 108, 60-681 Poznań","os. Bolesława Chrobrego 108, 60-681 Poznań",YVX272816,PA0621768,758 710 384,d.bednarek@onet.pl
60101432883,Ewelina,Danuta,Podgórska,Wiśniewska,14/10/1960,K,Kalisz,PL,Władysław,Patrycja,"ul. Główny Rynek 125/27, 62-800 Kalisz","ul. Główny Rynek 125/27, 62-800 Kalisz",BAI549359,PB0625339,604395544,podgorska.ewelina@interia.pl
61112134270,Bartosz,,Śliwiński,,1961/21/11,M,Ostrów Wielkopolski,PL,Waldemar,Magdalena,"ul Kaliska 142, 63-400 Ostrów Wielkopolski","ul Kaliska 142, 63-400 Ostrów Wielkopolski",EFT625902,PC0628910,504992428,bartoszsliwinski@o2.pl
62122835629,Sylwia,Aneta,Czajkowska,Kowalczyk,28-12-1962,K,Gdańsk,PL,Jakub,Emilia,"ulica Ogarna 159, 80-826 Gdańsk","ulica Ogarna 159, 80-826 Gdańsk",HKE602445,PL0632481,695221141,sylwia_czajkowska@proton.me
63010737018,Leszek,Kacper,Biernat,,1963-07-01,M,Gdańsk,PL,Władysław,Patrycja,"os. Jasień 176, 80-180 Gdańsk","os. Jasień 176, 80-180 Gdańsk",KPP278988,,48-793-125-365,leszek.biernat78@yahoo.com
64021438367,Grażyna,,Panek,,19640214,K,Sopot,PL,Waldemar,Magdalena,"ul. Bohaterów Monte Cassino 13/79, 81-759 Sopot","ul. Bohaterów Monte Cassino 13/79, 81-759 Sopot",,PA0639623,48-523-736-101,grazyna.panek@gmail.com
65032139753,Cezary,Szymon,Prus,,21/03/1965,M,Chwaszczyno,PL,Jakub,Emilia,"30, 80-209 Chwaszczyno","30, 80-209 Chwaszczyno",QZL632074,PB0643194,502807273,c.prus@outlook.com
66042841106,Bożena,Oliwia,Janik,Szymańska,1966/28/04,K,Katowice,PL,Władysław,Patrycja,"ulica 3 Maja 47, 40-096 Katowice","ulica 3 Maja 47, 40-096 Katowice",TEW508617,PC0646765,(48) 724444407,janik.bozena@wp.pl
67050742490,Filip,,Kowalski,,07-05-1967,M,Katowice,PL,Waldemar,Magdalena,"os. Paderewskiego 64, 40-282 Katowice","os. Paderewskiego 64, 40-282 Katowice",WJH285160,PL0650336,766 601 078,filipkowalski@onet.pl
68061443848,Zuzanna,Emilia,Nowacka,Mazur,1968-14-06,K,Gliwice,PL,Jakub,Emilia,"ul. Zwycięstwa 81/41, 44-100 Gliwice","ul. Zwycięstwa 81/41, 44-100 Gliwice",ZOS661703,,+48 672 226 141,zuzanna_nowacka@interia.pl
69072145235,Mikołaj,Ignacy,Wiśniewski,,19690721,M,Tychy,PL,Władysław,Patrycja,ul Bocheńskiego 98,ul Bocheńskiego 98,CTD738246,PA0657478,+48 513 180 013,mikolaj.wisniewski84@o2.pl
70082846584,Lena,,Wójcik,,28/08/1970,K,Częstochowa,PL,Waldemar,Magdalena,"ulica Najświętszej Maryi Panny 115, 42-200 Częstochowa","ulica Najświętszej Maryi Panny 115, 42-200 Częstochowa",FYO014789,PB0661049,+48 512 784 353,lena.wojcik@proton.me
71090747977,Antoni,Leon,Kowalczyk,,1971/07/09,M,Bielsko-Biała,PL,Jakub,Emilia,"11 Listopada 132, 43-300 Bielsko-Biała","11 Listopada 132, 43-300 Bielsko-Biała",IDZ691332,PC0664620,(48) 707835614,a.kowalczyk@yahoo.com
72101449329,Hanna,Dominika,Kamińska,Grabowska,14-10-1972,K,Niechobrz,PL,Władysław,Patrycja,"149/3, 36-047 Niechobrz","149/3, 36-047 Niechobrz",,PL0668191,547454516,kaminska.hanna@gmail.com
73112150718,Franciszek,,Lewandowski,,1973-21-11,M,Przemyśl,PL,Waldemar,Magdalena,"ul Franciszkańska 166, 37-700 Przemyśl","ul Franciszkańska 166, 37-700 Przemyśl",ONV344418,,730295265,franciszeklewandowski@outlook.com
74122852069,Amelia,Jagoda,Zielińska,Michalska,19741228,K,Sanok,PL,Jakub,Emilia,"ulica Kościuszki 3, 38-500 Sanok","ulica Kościuszki 3, 38-500 Sanok",RSG720961,PA0675333,507870622,amelia_zielinska@wp.pl
75010753457,Nikodem,Jerzy,Szymański,,07/01/1975,M,Białysotk,PL,Władysław,Patrycja,"Suraska 20, 15-422 Białystok","Suraska 20, 15-422 Białystok",UXR797504,PB0678904,48-748-236-429,nikodem.szymanski90@onet.pl
76021454805,Martyna,,Dąbrowska,,1976/14/02,K,Ogrodniczki,PL,Waldemar,Magdalena,"37/55, 16-030 Ogrodniczki","37/55, 16-030 Ogrodniczki",XCC974047,PC0682475,589140428,martyna.dabrowska@interia.pl
77032156193,Miłosz,Marian,Mazur,,21-03-1977,M,Hajnówka,PL,Jakub,Emilia,"ul 3 Maja 54, 17-200 Hajnówka","ul 3 Maja 54, 17-200 Hajnówka",AHN750590,PL0686046,(48) 735609716,m.mazur@o2.pl
78042857542,Agata,Irena,Krawczyk,Witkowska,1978-28-04,K,Lublin,PL,Władysław,Patrycja,"ulica os. LSM 71, 20-400 Lublin","ulica os. LSM 71, 20-400 Lublin",DMY727133,,48-681-636-635,krawczyk.agata@proton.me
79050758935,Tadeusz,,Woźniak,,19790507,M,Mięćmierz,PL,Waldemar,Magdalena,"88, 24-120 Mięćmierz","88, 24-120 Mięćmierz",GRJ403676,PA0693188,48-693-920-519,tadeuszwozniak@yahoo.com
80061460287,Helena,Izabela,Jankowska,Stępień,14/06/1980,K,Biała Podlaska,PL,Jakub,Emilia,"ul. Brzeska 105/17, 21-500 Biała Podlaska","ul. Brzeska 105/17, 21-500 Biała Podlaska",,PB0696759,48-684-549-011,helena_jankowska@gmail.com
81072161673,Stefan,Mirosław,Grabowski,,1981/21/07,M,Toruń,PL,Władysław,Patrycja,"ul Rynek Staromiejski 122, 87-100 Toruń","ul Rynek Staromiejski 122, 87-100 Toruń",MBF056762,PC0700330,+48 633 477 668,stefan.grabowski96@outlook.com
82082863023,Jadwiga,,Pawlak,,28-08-1982,K,Bydgoszcz,PL,Waldemar,Magdalena,"ulica Mostowa 139, 85-110 Bydgoszcz","ulica Mostowa 139, 85-110 Bydgoszcz",PGQ733305,PL0703901,(48) 648866880,jadwiga.pawlak@wp.pl
83090764416,Józef,Piotr,Michalski,,1983-07-09,M,Olsztyn,PL,Jakub,Emilia,"Stare Miasto 156, 10-026 Olsztyn","Stare Miasto 156, 10-026 Olsztyn",SLB709848,,48-777-962-829,j.michalski@onet.pl
84101465768,Monika,Maria,Król,Sikora,19841014,K,Mrągowo,PL,Władysław,Patrycja,"os. Warszawska 173/69, 11-700 Mrągowo","os. Warszawska 173/69, 11-700 Mrągowo",VQM086391,PA0711043,(48) 535992589,krol.monika@interia.pl
85112167155,Edward,,Wieczorek,,21/11/1985,M,Szczecin,PL,Waldemar,Magdalena,"ul Wojska Polskiego 10, 70-470 Szczecin","ul Wojska Polskiego 10, 70-470 Szczecin",YVX462934,PB0714614,+48 714 402 236,edwardwieczorek@o2.pl
86122868504,Sabina,Joanna,Jabłońska,Tomaszewska,1986/28/12,K,Świnoujście,PL,Jakub,Emilia,"ulica Monte Cassino 27, 72-600 Świnoujście","ulica Monte Cassino 27, 72-600 Świnoujście",BAI739477,PC0718185,48-649-418-065,sabina_jablonska@proton.me
87010769893,Arkadiusz,Paweł,Witkowski,,07-01-1987,M,Opole,PL,Władysław,Patrycja,"Rynek 44, Opole","Rynek 44, Opole",EFT116020,PL0721756,48-721-805-790,arkadiusz.witkowski73@yahoo.com
88021471245,Anna,,Walczak-Czarnecka,Czarnecka,1988-14-02,K,Kluczbork,PL,Waldemar,Magdalena,"ul. Byczyńska 61/31, 46-200 Kluczbork","ul. Byczyńska 61/31, 46-200 Kluczbork",,,48-799-866-070,anna.walczak.czarnecka@gmail.com
89032172631,Tomasz,Robert,Stępień,,19890321,M,Gorzów Wielkopolski,PL,Jakub,Emilia,"ul Chrobrego 78, 66-400 Gorzów Wielkopolski","ul Chrobrego 78, 66-400 Gorzów Wielkopolski",KPP869106,PA0728898,48-631-662-030,t.stepien@outlook.com
90042873980,Katarzyna,Agnieszka,Baran,Czarnecka,28/04/1990,K,Międzyrzecz,PL,Władysław,Patrycja,"ulica 30 Stycznia 95, 66-300 Międzyrzecz","ulica 30 Stycznia 95, 66-300 Międzyrzecz",NUA545649,PB0732469,787 118 919,baran.katarzyna@wp.pl
91050775374,Krzysztof,,Rutkowski,,1991/07/05,M,Kielce,PL,Waldemar,Magdalena,"Paderewskiego 112, 25-004 Kielce","Paderewskiego 112, 25-004 Kielce",QZL822192,PC0736040,+48 647 691 646,krzysztofrutkowski@onet.pl
92061476722,Ewa,Justyna,Górska,Kołodziej,14-06-1992,K,Busko-Zdrój,PL,Jakub,Emilia,"ul. 1 Maja 129/83, 28-100 Busko-Zdrój","ul. 1 Maja 129/83, 28-100 Busko-Zdrój",TEW798735,PL0739611,640267570,ewa_gorska@interia.pl
93072178119,Adam,Jan,Sikora,,1993-21-07,M,Warszawa,PL,Władysław,Patrycja,"ul Marszałkowska 146, 00-590 Warszawa","ul Marszałkowska 146, 00-590 Warszawa",WJH775278,,+48 545 324 497,adam.sikora79@o2.pl
94082879469,Monika,,Ostrowska,,19940828,K,Warszawa,PL,Waldemar,Magdalena,"ulica Krakowskie Przedmieście 163, 00-071 Warszawa","ulica Krakowskie Przedmieście 163, 00-071 Warszawa",ZOS851821,PA1746753,742 444 868,monika.ostrowska@proton.me
95090780855,Marek,Marcin,Tomaszewski,,07/09/1995,M,Kraków,PL,Jakub,Emilia,"Floriańska 180, 31-019 Kraków","Floriańska 180, 31-019 Kraków",CTD928364,PB0750324,48-775-743-448,m.tomaszewski@yahoo.com
96101482207,Barbara,Karolina,Zając,Włodarczyk,1996/14/10,K,Kraków,PL,Władysław,Patrycja,"ul. Długa 17/45, 31-147 Kraków","ul. Długa 17/45, 31-147 Kraków",,PC0753895,743499610,zajac.barbara@gmail.com
97112183594,Rafał,,Pietrzak,,21-11-1997,M,Łódź,PL,Waldemar,Magdalena,"ul Piotrkowska 34, 90-102 Łódź","ul Piotrkowska 34, 90-102 Łódź",IDZ881450,PL0757466,48-535-123-037,rafalpietrzak@outlook.com
98122884943,Aleksandra,Małgorzata,Wójcicka,Sawicka,1998-28-12,K,Łódź,PL,Jakub,Emilia,"ulica Zachodnia 51, 90-402 Łódź","ulica Zachodnia 51, 90-402 Łódź",LIK857993,,528693432,aleksandra_wojcicka@wp.pl
99010786332,Andrzej,Jakub,Czarnecki,,19990107,M,Wrocław,PL,Władysław,Patrycja,"Świdnicka 68, 50-066 Wrocław","Świdnicka 68, 50-066 Wrocław",ONV534536,PA0764608,(48) 598621261,andrzej.czarnecki85onet.pl
00221487686,Marta,,Lis,,14/02/2000,K,Wrocław,PL,Waldemar,Magdalena,"ul. Legnicka 85/7, 54-203 Wrocław","ul. Legnicka 85/7, 54-203 Wrocław",RSG511079,PB0768179,+48 649 744 546,marta.lis@interia.pl
01232189073,Łukasz,Artur,Kołodziej,,2001/21/03,M,Poznań,PL,Jakub,Emilia,"ul Święty Marcin 102, 61-806 Poznań","ul Święty Marcin 102, 61-806 Poznań",UXR987622,PC0771750,48-605-626-115,l.kolodziej@o2.pl
02242890425,Paulina,Iwona,Kaczmarek,Nowicka,28-04-2002,K,Poznań,PL,Władysław,Patrycja,"ulica Głogowska 119, 60-734 Poznań","ulica Głogowska 119, 60-734 Poznań",XCC164165,PL0775321,695891887,kaczmarek.paulina@proton.me
03250791818,Mateusz,,Piątek,,2003-07-05,M,Gdańsk,PL,Waldemar,Magdalena,"Długa 136, 80-831 Gdańsk","Długa 136, 80-831 Gdańsk",AHN340708,,706 311 814,mateuszpiatek@yahoo.com
04261493168,Elżbieta,Renata,Sadowska,Wróbel,20040614,K,Gdańsk,PL,Jakub,Emilia,"ul. Grunwaldzka 153/59, 80-236 Gdańsk","ul. Grunwaldzka 153/59, 80-236 Gdańsk",,PA0782463,+48 571 826 945,elzbieta_sadowska@gmail.com
05272194554,Dawid,Maciej,Włodarczyk,,21/07/2005,M,Szczecin,PL,Władysław,Patrycja,70-435 Szczecin,70-435 Szczecin,GRJ693794,PB0786034,48-772-475-286,dawid.wlodarczyk91@outlook.com
60082895909,Dorota,,Borkowska,,1960/28/08,K,Szczecin,PL,Waldemar,Magdalena,"ulica Wyszyńskiego 7, 70-200 Szczecin","ulica Wyszyńskiego 7, 70-200 Szczecin",JWU370337,PC0789605,640 197 320,dorota.borkowska@wp.pl
61090797294,Dariusz,Zbigniew,Sawicki,,07-09-1961,M,Katowice,PL,Jakub,Emilia,"Mariacka 24, 40-014 Katowice","Mariacka 24, 40-014 Katowice",MBF246880,PL0793176,698 366 708,d.sawicki@onet.pl
62101498645,Beata,Patrycja,Dudek,Malinowska,1962-14-10,K,Katowice,PL,Władysław,Patrycja,"ul. Warszawska 41/21, 40-009 Katowice","ul. Warszawska 41/21, 40-009 Katowice",PGQ923423,,656161003,dudek.beata@interia.pl
63112100035,Sławomir,,Adamczyk,,19631121,M,Lublin,PL,Waldemar,Magdalena,"ul Krakowskie Przedmieście 58, 20-002 Lublin","ul Krakowskie Przedmieście 58, 20-002 Lublin",SLB999966,PA0800318,503 925 281,slawomiradamczyk@o2.pl
64122801385,Urszula,Wiktoria,Pawłowska,Szczepańska,28/12/1964,K,Lublin,PL,Jakub,Emilia,"ulica Narutowicza 75, 20-004 Lublin","ulica Narutowicza 75, 20-004 Lublin",,PB0803889,+48 747 116 806,urszula_pawlowska@proton.me
65010702773,Mariusz,Jacek,Nowicki,,1965/07/01,M,Białystok,PL,Władysław,Patrycja,"Lipowa 92, 15-424 Białystok","Lipowa 92, 15-424 Białystok",YVX953052,PC0807460,+48 502 275 283,mariusz.nowicki97@yahoo.com
66021404122,Izabela,,Sokołowska,,14-02-1966,K,Białystok,PL,Waldemar,Magdalena,"ul. Sienkiewicza 109/73, 15-092 Białystok","ul. Sienkiewicza 109/73, 15-092 Białystok",,PL0811031,788693410,izabela.sokolowska@gmail.com
67032105518,Henryk,Przemysław,Wróbel,,1967-21-03,M,Bydgoszcz,PL,Jakub,Emilia,"os. Gdańska 126, 85-005 Bydgoszcz","os. Gdańska 126, 85-005 Bydgoszcz",EFT606138,,+48 502 275 283,h.wrobel@outlook.com
68042806868,Weronika,Kinga,Majewska,Wysocka,19680428,K,Bydgoszcz,PL,Władysław,Patrycja,"ulica Dworcowa 143, 85-009 Bydgoszcz","ulica Dworcowa 143, 85-009 Bydgoszcz",HKE082681,PA0818173,788693410,majewska.weronika@wp.pl
69050708252,Stanisław,,Olszewski,,07/05/1969,M,Toruń,PL,Waldemar,Magdalena,"Szeroka 160, 87-100 Toruń","Szeroka 160, 87-100 Toruń",KPP059224,PB0821744,+48 525 273 611,stanislawolszewski@onet.pl
70061409609,Zofia,Kamila,Jaworska,Urbańska,1970/14/06,K,Toruń,PL,Jakub,Emilia,"ul. Chełmińska 177/35, 87-100 Toruń","ul. Chełmińska 177/35, 87-100 Toruń",NUA735767,PC0825315,+48 555 187 775,zofia_jaworska@interia.pl
71072110999,Bartłomiej,Daniel,Malinowski,,21-07-1971,M,Rzeszów,PL,Władysław,Patrycja,"ul 3 Maja 14, 35-030 Rzeszów","ul 3 Maja 14, 35-030 Rzeszów",QZL112310,PL0828886,556 486 342,bartlomiej.malinowski74@abxza.pl
72082812349,Olga,,Pająk,,1972-28-08,K,Rzeszów,PL,Waldemar,Magdalena,"ulica Piłsudskiego 31, 35-074 Rzeszów",,TEW988853,,,olga.pajak@proton.me
73090713732,Damian,Waldemar,Szczepański,Kozak-Brzeziński,19730907,M,Kielce,PL,Jakub,Emilia,"Sienkiewicza 48, 25-007 Kielce","Sienkiewicza 48, 25-007 Kielce",WJH965396,PA0836028,(48) 766343541,d.szczepanski@yahoo.com
74101415085,Ewelina,Danuta,Czerwińska,Cieślak,14/10/1974,K,Kielce,PL,Władysław,Patrycja,"ul. Warszawska 65/87, 25-512 Kielce","ul. Warszawska 65/87, 25-512 Kielce",,PB0839599,+48 717 324 164,czerwinska.ewelina@gmail.com
75112116471,Bartosz,,Kubiak,,1975/21/11,M,Olsztyn,PL,Waldemar,Magdalena,"ul Kościuszki 82, 10-504 Olsztyn","ul Kościuszki 82, 10-504 Olsztyn",CTD118482,PC0843170,685 596 818,bartoszkubiak@outlook.com
76122817820,Sylwia,Aneta,Wilk,Gajewska,28-12-1976,K,Olsztyn,PL,Jakub,Emilia,"ulica Dąbrowszczaków 99, 10-540 Olsztyn","ulica Dąbrowszczaków 99, 10-540 Olsztyn",FYO895025,PL0846741,(48) 654607799,sylwia_wilk@wp.pl
77010719219,Leszek,Kacper,Wysocki,,1977-07-01,M,Opole,PL,Władysław,Patrycja,"Krakowska 116, 45-018 Opole","Krakowska 116, 45-018 Opole",IDZ371568,,575901110,leszek.wysocki80@onet.pl
78021420561,Grażyna,,Chmielewska,,19780214,K,Opole,PL,Waldemar,Magdalena,"ul. Ozimska 133/49, 45-057 Opole","ul. Ozimska 133/49, 45-057 Opole",LIK448111,PA0853883,+48 609 797 136,grazyna.chmielewska@interia.pl
79032121957,Ceazry,Szymon,Urbański,,21/03/1979,M,Zielona Góra,PL,Jakub,Emilia,"ul Bohaterów Westerplatte 150, 65-034 Zielona Góra","ul Bohaterów Westerplatte 150, 65-034 Zielona Góra",ONV724654,PB0857454,+48 511 846 552,c.urbanski@o2.pl
80042823306,Bożena,Oliwia,Błaszczyk,Konieczna,1980/28/04,K,Zielona Góra,PL,Władysław,Patrycja,"ulica Kupiecka 167, 65-058 Zielona Góra","ulica Kupiecka 167, 65-058 Zielona Góra",RSG701197,PC0861025,567 132 839,blaszczyk.bozena@proton.me
81050724690,Filip,,Szulc,,07-05-1981,M,Gdynia,PL,Waldemar,Magdalena,"Świętojańska 4, 81-372 Gdynia","Świętojańska 4, 81-372 Gdynia",UXR177740,,548 316 005,filipszulc@yahoo.com
82061426049,Zuzanna,Emilia,Kozak-Bąk,Kozak,1982-14-06,K,Gdynia,PL,Jakub,Emilia,"ul. 10 Lutego 21/11, 81-364 Gdynia","ul. 10 Lutego 21/11, 81-364 Gdynia",,,(48) 585250137,zuzanna_kozak.bak@gmail.com
83072127435,Mikołaj,Ignacy,Cieślak,,19830721,M,Pruszków,PL,Władysław,Patrycja,"ul Bolesława Prusa 38, 05-800 Pruszków","ul Bolesława Prusa 38, 05-800 Pruszków",AHN530826,PA0871738,+48 622 776 443,mikolaj.cieslak86@outlook.com
84082828785,Lena,,Andrzejewska,,28/08/1984,K,Piaseczno,PL,Waldemar,Magdalena,"ulica Kościuszki 55, 05-500 Piaseczno","ulica Kościuszki 55, 05-500 Piaseczno",DMY407369,PB0875309,(48) 709659943,lena.andrzejewska@wp.pl
85090730172,Antoni,Leon,Gajewski,,1985/07/09,M,Wieliczka,PL,Jakub,Emilia,"Sienkiewicza 72, 32-020 Wieliczka","Sienkiewicza 72, 32-020 Wieliczka",GRJ983912,PC0878880,662247969,a.gajewski@onet.pl
86101431523,Hanna,Dominika,Laskowska,Lisowska,14-10-1986,K,Oświęcim,PL,Władysław,Patrycja,"ul. Dąbrowskiego 89/63, 32-600 Oświęcim","ul. Dąbrowskiego 89/63, 32-600 Oświęcim",JWU560455,PL0882451,694 215 605,laskowska.hanna@interia.pl
87112132919,Franciszek,,Mazurek,,1987-21-11,M,Krosno,PL,Waldemar,Magdalena,"ul Rynek 106, 38-400 Krosno","ul Rynek 106, 38-400 Krosno",MBF736998,,48-654-824-720,franciszekmazurek@o2.pl
88122834260,Amelia,Jagoda,Sobczak,Kopeć,19881228,K,Mielec,PL,Jakub,Emilia,"ulica Mickiewicza 123, 39-300 Mielec","ulica Mickiewicza 123, 39-300 Mielec",PGQ113541,PA0889593,48-723-780-633,amelia_sobczak@proton.me
89010735658,Nikodem,Jerzy,Konieczny,,07/01/1989,M,Świdnica,PL,Władysław,Patrycja,"Długa 140, 58-100 Świdnica","Długa 140, 58-100 Świdnica",SLB190084,PB0893164,570 500 727,nikodem.konieczny92@yahoo.com
90021437006,Martyna,,Brzezińska,,1990/14/02,K,Kłodzko,PL,Waldemar,Magdalena,"157/25, 57-300 Kłodzko","157/25, 57-300 Kłodzko",,PC0896735,(48) 593263908,martyna.brzezinska@gmail.com
91032138393,Miłosz,Marian,Makowski,,21-03-1991,M,Gniezno,PL,Jakub,Emilia,"ul Chrobrego 174, 62-200 Gniezno","ul Chrobrego 174, 62-200 Gniezno",YVX143170,PL0900306,719723089,m.makowski@outlook.com
92042839742,Agata,Irena,Wrona,Klimek,1992-28-04,K,Leszno,PL,Władysław,Patrycja,"ulica Słowiańska 11, 64-100 Leszno","ulica Słowiańska 11, 64-100 Leszno",BAI219713,,653243630,wrona.agata@wp.pl
93050741139,Tadeusz,,Bąk,,19930507,M,Tczew,PL,Waldemar,Magdalena,"Gdańska 28, 83-110 Tczew","Gdańska 28, 83-110 Tczew",EFT896256,PA0907448,(48) 587229662,tadeuszbak@onet.pl
94061442488,Helena,Izabela,Kucharska,Krupa,14/06/1994,K,Wejherowo,PL,Jakub,Emilia,"ul. Sobieskiego 45/77, 84-200 Wejherowo","ul. Sobieskiego 45/77, 84-200 Wejherowo",HKE572799,PB0911019,728216354,helena_kucharska@interia.pl
95072143874,Stefan,Mirosław,Lisowski,,1995/21/07,M,Cieszyn,PL,Władysław,Patrycja,"ul Głęboka 62, 43-400 Cieszyn","ul Głęboka 62, 43-400 Cieszyn",KPP249342,PC0914590,656 582 113,stefan.lisowski98@o2.pl
96082845224,Jadwiga,,Słowik,,28-08-1996,K,Będzin,PL,Waldemar,Magdalena,"os. Małachowskiego 79, 42-500 Będzin","os. Małachowskiego 79, 42-500 Będzin",NUA925885,PL0918161,730166519,jadwiga.slowik@proton.me
97090746617,Józef,Piotr,Kopeć,,1997-07-09,M,Inowrocław,PL,Jakub,Emilia,"Królowej Jadwigi 96, 88-100 Inowrocław","Królowej Jadwigi 96, 88-100 Inowrocław",QZL602428,,(48) 502462281,j.kopec@yahoo.com
98101447969,Monika,Maria,Czajka,Kalinowska,19981014,K,Grudziądz,PL,Władysław,Patrycja,"ul. Wybickiego 113/39, 86-300 Grudziądz","ul. Wybickiego 113/39, 86-300 Grudziądz",,PA0925303,746 391 410,czajka.monika@gmail.com
99112149356,Edward,,Matusiak,,21/11/1999,M,Ostróda,PL,Waldemar,Magdalena,"ul Czarnieckiego 130, 14-100 Ostróda","ul Czarnieckiego 130, 14-100 Ostróda",WJH255514,PB0928874,707857404,edwardmatusiak@outlook.com
00322850703,Sabina,Joanna,Gajda,Przybylska,2000/28/12,K,Giżycko,PL,Jakub,Emilia,"ulica Warszawska 147, 11-500 Giżycko","ulica Warszawska 147, 11-500 Giżycko",ZOS832057,PC0932445,(48) 778723123,sabina_gajda@wp.pl
01210752093,Arkadiusz,Paweł,Klimek,,07-01-2001,M,Puławy,PL,Władysław,Patrycja,"Lubelska 164, 24-100 Puławy","Lubelska 164, 24-100 Puławy",CTD408600,PL0936016,618 880 851,arkadiusz.klimek75@onet.pl
02221453441,Anna,,Madej,,2002-14-02,K,Zamość,PL,Waldemar,Magdalena,"ul. Staszica 1/1, 22-400 Zamość","ul. Staszica 1/1, 22-400 Zamość",FYO085143,,+48 772 798 758,anna.madej@interia.pl
03232154837,Tomasz,Robert,Krupa,,2003-03-21T02:20:24Z,M,Augustów,PL,Jakub,Emilia,"ul 3 Maja 18, 16-300 Augustów","ul 3 Maja 18, 16-300 Augustów",IDZ561686,PA0943158,(48) 704370174,t.krupa@o2.pl
04242856188,Katarzyna,Agnieszka,Kaczmarczyk,Podgórska,28/04/2004,K,Suwałki,PL,Władysław,Patrycja,"ulica Kościuszki 35, 16-400 Suwałki","ulica Kościuszki 35, 16-400 Suwałki",LIK938229,PB0946729,+48 562 893 965,kaczmarczyk.katarzyna@proton.me
05250757571,Krzysztof,,Wrona,,2005/07/05,M,Nysa,PL,Waldemar,Magdalena,"Piastowska 52, 48-300","Piastowska 52, 48-300",ONV914772,PC0950300,532 165 021,krzysztofwrona@yahoo.com
60061458925,Ewa,Justyna,Wasilewska,Czajkowska,14-06-1960,K,Brzeg,PL,Jakub,Emilia,"ul. Długa 69/53, 49-300 Brzeg","ul. Długa 69/53, 49-300 Brzeg",,PL0953871,+48 746 837 914,ewa_wasilewska@gmail.com
61072160315,Adam,Jan,Kalinowski,,1961-21-07,M,Żary,PL,Władysław,Patrycja,"ul Rynek 86, 68-200 Żary","ul Rynek 86, 68-200 Żary",UXR667858,,+48 769 756 308,adam.kalinowski81@outlook.com
62082861665,Monika,,Zarychta,,19620828,K,Świebodzin,PL,Waldemar,Magdalena,"ulica Nieistniejąca 103, 99-999 Nibylandia","ulica Nieistniejąca 103, 99-999 Nibylandia",XCC644401,PA0961013,+48 625 682 313,monika.zarychta@wp.pl
63090763059,Marek,Marcin,Przybylski,,07/09/1963,M,Kołobrzeg,PL,Jakub,Emilia,"Armii Krajowej 120, 78-100 Kołobrzeg","Armii Krajowej 120, 78-100 Kołobrzeg",AHN720944,PB0964584,571 926 000,m.przybylski@onet.pl
64101464400,Barbara,Karolina,Michalak,Janik,1964/14/10,K,Stargard,PL,Władysław,Patrycja,"ul. Piłsudskiego 137/15, 73-110 Stargard","ul. Piłsudskiego 137/15, 73-110 Stargard",DMY697487,PC0968155,751 190 376,michalak.barbara@interia.pl
65112165797,Rafał,,Szatkowski,,21-11-1965,M,Sandomierz,PL,Waldemar,Magdalena,"154, 27-600 Sandomierz","154, 27-600 Sandomierz",GRJ474030,PL0971726,48-700-875-199,rafalszatkowski@o2.pl
66122867147,Aleksandra,Małgorzata,Bednarek,Nowacka,1966-28-12,K,Ostrowiec Świętokrzyski,PL,Jakub,Emilia,"ulica Sienkiewicza 171, 27-400 Ostrowiec Świętokrzyski","ulica Sienkiewicza 171, 27-400 Ostrowiec Świętokrzyski",JWU750573,,592 820 349,aleksandra_bednarek@proton.me
67010768535,Andrzej,Jakub,Podgórski,,19670107,M,Warszawa,PL,Władysław,Patrycja,"Chmielna 8, 00-020 Warszawa","Chmielna 8, 00-020 Warszawa",MBF327116,PA0978868,48-595-228-644,andrzej.podgorski87@yahoo.com
68021469884,Marta,,Śliwińska,,14/02/1968,K,Warszawa,PL,Waldemar,Magdalena,"ul. Nowy Świat 25/67, 00-029 Warszawa","ul. Nowy Świat 25/67, 00-029 Warszawa",,PB0982439,591 258 662,marta.sliwinska@gmail.com
69032171274,Łukasz,Artur,Czajkowski,,1969/21/03,M,Warszawa,PL,Jakub,Emilia,"ul os. Przyjaźń 42, 01-355 Warszawa","ul os. Przyjaźń 42, 01-355 Warszawa",SLB480202,PC0986010,48-655-961-184,l.czajkowski@outlook.com
70042872622,Paulina,Iwona,Biernat,Kamińska,28-04-1970,K,Legionowo,PL,Władysław,Patrycja,"ulica Jagiellońska 59, 05-120 Legionowo","ulica Jagiellońska 59, 05-120 Legionowo",VQM056745,PL0989581,(48) 675375387,biernat.paulina@wp.pl
71050774016,Mateusz,,Panek,,1971-07-05,M,Marki,PL,Waldemar,Magdalena,"Piłsudskiego 76, 05-270 Marki","Piłsudskiego 76, 05-270 Marki",YVX633288,,+48 690 409 695,mateuszpanek@onet.pl
72061475365,Elżbieta,Renata,Prus,Zielińska,19720614,K,Otwock,PL,Jakub,Emilia,"ul. Andriollego 93/29, 05-400 Otwock","ul. Andriollego 93/29, 05-400 Otwock",BAI409831,PA0996723,774 434 477,elzbieta_prus@interia.pl
73072176751,Dawid,Maciej,Janik,,21/07/1973,M,Radom,PL,Władysław,Patrycja,"ul Żeromskiego 110, 26-600 Radom","ul Żeromskiego 110, 26-600 Radom",EFT086374,PB1000294,(48) 656868868,dawid.janik93@o2.pl
74082878101,Dorota,,Kowalska,,1974/28/08,K,Płock,PL,Waldemar,Magdalena,"ulica Tumska 127, 09-402 Płock","ulica Tumska 127, 09-402 Płock",HKE862917,PC1003865,(48) 708349558,dorota.kowalska@uuu.xs
75090779495,Dariusz,Zbigniew,Nowacki,,07-09-1975,M,Kraków,PL,Jakub,Emilia,"Karmelicka 144, 31-128 Kraków","Karmelicka 144, 31-128 Kraków",KPP439460,PL1007436,(48) 758455703,d.nowacki@yahoo.com
