regon,nip,krs,nazwa,formaPrawna,formaWlasnosci,adresSiedziby,wojewodztwo,powiat,gmina,miejscowosc,kodPocztowy,telefon,email,stronaWWW,pkd,dataPowstania
234963846,1234805466,0000000003,Astra Finance sp. z o.o.,spółka z ograniczoną odpowiedzialnością,własność krajowa osób fizycznych,"os. Marszałkowska 1/1, 00-590 Warszawa",MAZOWIECKIE,WARSZAWA,WARSZAWA,WARSZAWA,00-590,+48 604 982 435,kontakt.astra-finance@icloud.com,,62.01.Z,2018-01-06
235043036,1234884655,0000000100,Baltic Med Supply sp z oo,sp. z o.o.,własność krajowa osób fizycznych,"ul Krakowskie Przedmieście 18, 00-071 Warszawa",MAZOWIECKIE,WARSZAWA,WARSZAWA,WARSZAWA,00-071,(48) 517103908,biuro.baltic-med-supply@gmail.com,https://baltic-med-supply.eu,66.22.Z,2018-09-16
235122221,1234963840,0000000197,Helios Markets sp. z o. o.,sp z oo,własność prywatna krajowa,"ulica Floriańska 35, 31-019 Kraków",MAŁOPOLSKIE,KRAKÓW,KRAKÓW,KRAKÓW,31-019,576896363,sekretariat.helios-markets@brak-domeny,https://www.helios-markets-group.local,64.99.Z,2020-10-05
235201417,1235043030,0000000294,Lumen Advisory Sp. z o.o.,SP Z O O,własność prywatna krajowa,"Długa 52, 31-147 Kraków",MAŁOPOLSKIE,KRAKÓW,KRAKÓW,KRAKÓW,31-147,545446693,firma.lumen-advisory@onet.pl,https://www.lumen-advisory-group.pl,66.22.Z,2014-07-16
235280606,1235122226,0000000391,Nova Data SP Z O O,spółka akcyjna,własność krajowa osób fizycznych,"ul. Piotrkowska 69/53, 90-102 Łódź",ŁÓDZKIE,ŁÓDŹ,ŁÓDŹ,ŁÓDŹ,90-102,643 770 548,kontakt@interia.pl,https://www.nova-data-group.com.pl,66.22.Z,2011-05-18
235359791,1235201411,0000000488,Optima Trade spółka z ograniczoną odpowiedzialnością,S.A.,własność prywatna krajowa,"ul Zachodnia 86, 90-402 Łódź",ŁÓDZKIE,ŁÓDŹ,ŁÓDŹ,ŁÓDŹ,90-402,+48 586 247 597,biuro@o2.pl,https://www.optima-trade.eu,64.99.Z,2025-12-30
235438987,1235280600,0000000585,Polaris Capital Spółka z ograniczoną odpowiedzialnością,SA,własność krajowa osób fizycznych,"ulica Świdnicka 103, 50-066 Wrocław",DOLNOŚLĄSKIE,WROCŁAW,WROCŁAW,WROCŁAW,50-066,+48 731 245 100,office.polaris-capital@proton.me,,66.22.Z,2013-12-03
235518172,1235359796,0000000682,Quantum Services S.A.,prosta spółka akcyjna,własnoś prywatna rkajowa,"Legnicka 120, 54-203 Wrocław",DOLNOŚLĄSKIE,WROCŁAW,WROCAŁW,WROCŁAW,54-203,+48 552 462 002,kontakt.quantum-services@localhost,https://www.quantum-services-group.pl,64.99.Z,2011-12-26
235597361,1235438981,0000000779,Silesia Invest SA,osoba fizyczna prowadząca działalność gospodarczą,własność prywatna krajowa,"ul. Święty Marcin 137/15, 61-806 Poznań",WIELKOPOLSKIE,POZNAŃ,POZNAŃ,POZNAŃ,61-806,770 988 254,biuro.silesia-invest@yahoo.com,https://www.silesia-invest-group.com.pl,66.22.Z,2011-05-14
235676557,1235518177,0000000876,Vistula Fintech S. A.,spółka z ograniczoną odpowiedzialnością,własność prywatna krajowa,"ul Głogowska 154, 60-734 Poznań",WIELKOPOLSKIE,POZNAŃ,POZNAŃ,POZNAŃ,60-734,574874172,sekretariat.vistula-fintech@icloud.com,https://www.vistula-fintech-group.eu,66.22.Z,2023-01-04
235755742,1235597366,0000000973,Astra Finance Spółka Akcyjna,sp. z o.o.,własność prywatna krajowa,"ulica Długa 171, 80-831 Gdańsk",POMORSKIE,GDAŃSK,GDAŃSK,GDAŃSK,80-831,609 257 501,firma.astra-finance@gmail.com,https://www.astra-finance.local,64.99.Z,2023-02-24
235834938,1235676551,0000001070,Baltic Med Supply sp. z o.o.,sp z oo,własność prywatna krajowa,"Grunwaldzka 8, 80-236 Gdańsk",POMORSKIE,GDAŃSK,GDAŃSK,GDAŃSK,80-236,+48 700 241 819,kontakt@wp.pl,https://baltic-med-supply.pl,62.02.Z,2011-09-25
235914123,1235755747,0000001167,Helios Markets sp z oo,SP Z O O,własność prywatna krajowa,"ul. Jagiellońska 25/67, 70-435 Szczecin",ZACHODNIOPOMORSKIE,SZCZECIN,SZCZECIN,SZCZECIN,70-435,+48 577 193 800,biuro@brak-domeny,,66.22.Z,2025-11-29
235993312,1235834932,0000001264,Lumen Advisory sp. z o. o.,społka akcyjna,wlasnosc prywatna krajowa,"ul Wyszyńskiego 42, 70-200 Szczecin",ZACHODNIOPOMORSKIE,SZCZECIN,SZCZECIN,SZCZECIN,70-200,(48) 571618550,office.lumen-advisory@interia.pl,https://www.lumen-advisory-group.eu,66.22.Z,2010-11-17
236072502,1235914128,0000001361,Nova Data Sp. z o.o.,S.A.,własność krajowa osób fizycznych,"ulica Mariacka 59, 40-014 Katowice",ŚLĄSKIE,KATOWICE,KATOWICE,KATOWICE,40-014,+48 537 312 970,kontakt.nova-data@o2.pl,https://www.nova-data-group.local,62.02.Z,2020-09-09
236151696,1235993317,0000001458,Optima Trade SP Z O O,SA,własność prywatna krajowa,"Warszawska 76, 40-009 Katowice",ŚLĄSKIE,KATOWICE,KATOWICE,KATOWICE,40-009,644415144,biuro.optima-trade@proton.me,https://www.optima-trade.pl,62.01.Z,2015-09-06
236230881,1236072507,0000001555,Polaris Capital spółka z ograniczoną odpowiedzialnością,prosta spółka akcyjna,własność prywatna krajowa,"ul. Krakowskie Przedmieście 93/29, 20-002 Lublin",LUBELSKIE,LUBLIN,LUBLIN,LUBLIN,20-002,+48 738 131 700,sekretariat.polaris-capital@outlook.com,https://polaris-capital.com.pl,66.22.Z,2020-04-07
236310077,1236151690,0000001652,,osoba fizyczna prowadząca działalność gospodarczą,własność prywatna krajowa,"ul Narutowicza 110, 20-004 Lublin",LUBELSKIE,LUBLIN,LUBLIN,LUBLIN,20-004,642892372,firma.quantum-services@localhost,https://www.quantum-services-group.eu,64.99.Z,2011-07-13
236389268,1236230886,0000001749,Silesia Invest S.A.,spółka z ograniczoną odpowiedzialnością,własność prywatna krajowa,"ulica Lipowa 127, 15-424 Białystok",PODLASKIE,BIAŁYSTOK,BIAŁYSTOK,BIAŁYSTOK,15-424,728 516 907,kontakt@icloud.com,,66.22.Z,2013-06-29
236468453,1236310071,0000001846,Vistula Fintech SA,sp. z o.o.,własność prywatna krajowa,"Sienkiewicza 144, Białystok",PODLASKIE,BIAŁYSTOK,BIAŁYSTOK,BIAŁYSTOK,,(48) 646841131,biuro@gmail.com,https://www.vistula-fintech-group.pl,62.02.Z,2025-05-15
236547649,1236389262,0000001943,Astra Finance S. A.,sp z oo,własność krajowa osób fizycznych,"ul. Gdańska 161/81, 85-005 Bydgoszcz",KUJAWSKO-POMORSKIE,BYDGOSZCZ,BYDGOSZCZ,BYDGOSZCZ,85-005,+48 605 983 868,office.astra-finance@wp.pl,https://www.astra-finance.com.pl,66.22.Z,2016-09-09
236626834,1236468458,0000002040,Baltic Med Supply Spółka Akcyjna,SP Z O O,własność krajowa osób fizycznych,"ul Dworcowa 178, 85-009 Bydgoszcz",KUJAWSKO-POMORSKIE,BYDGOSZCZ,BYDGOSZCZ,BYDGOSZCZ,85-009,667925747,kontakt.baltic-med-supply@onet.pl,https://baltic-med-supply.eu,62.02.Z,2023-08-26
236785219,1236547643,0000002137,Helios Markets sp. z o.o.,spółka akcyjna,własność prywatna krajowa,"ulica Szeroka 15, 87-100 Toruń",KUJAWSKO-POMORSKIE,TORUŃ,TORUŃ,TORUŃ,87-100,+48 636 124 550,biuro.helios-markets@brak-domeny,https://www.helios-markets-group.local,62.01.Z,2023-09-02
236785219,1236626839,0000002234,Lumen Advisory sp z oo,S.A.,własność prywatna krajowa,"Chełmińska 32, 87-100 Toruń",KUJAWSKO-POMORSKIE,TORUŃ,TORUŃ,TORUŃ,87-100,+48 573 267 786,sekretariat.lumen-advisory@o2.pl,https://www.lumen-advisory-group.pl,62.01.Z,2020-01-31
236864404,1236706024,0000002331,Nova Data sp. z o. o.,SA,własność krajowa osób fizycznych,"ul. 3 Maja 49/43, 35-030 Rzeszów",PODKARPACKIE,RZESZÓW,RZESZÓW,RZESZÓW,35-030,48-771-781-534,firma.nova-data@proton.me,,66.22.Z,2023-01-22
236943598,1236785213,0000002428,Optima Trade Sp. z o.o.,prosta spółka akcyjna,własność krajowa osób fizycznych,"ul Piłsudskiego 66, 35-074 Rzeszów",PODKARPACKIE,RZESZÓW,RZESZÓW,RZESZÓW,35-074,612750356,kontakt@outlook.com,https://www.optima-trade.eu,64.99.Z,2016-01-12
237022788,1236864409,0000002525,Polaris Capital SP Z O O,osoba fizyczna prowadząca działalność gospodarczą,własność krajowa osób fizycznych,"ulica Sienkiewicza 83, 25-007 Kielce",ŚWIĘTOKRZYSKIE,KIELCE,KIELCE,KIELCE,25-007,785 807 783,biuro@yahoo.com,https://polaris-capital.local,66.22.Z,2016-01-28
237101973,1236943592,0000002622,Quantum Services spółka z ograniczoną odpowiedzialnością,spółka z ograniczoną odpowiedzialnością,własność krajowa osób fizycznych,"Warszawska 100, 25-512 Kielce",ŚWIĘTOKRZYSKIE,KIELCE,KIELCE,KIELCE,25-512,+48 799 636 672,office.quantum-services@localhost,https://www.quantum-services-group.pl,62.01.Z,2010-07-05
237181162,1237022782,0000002719,Silesia Invest Spółka z ograniczoną odpowiedzialnością,sp. z o.o.,własność prywatna krajowa,"ul. Kościuszki 117/5, 10-504 Olsztyn",WARMIŃSKO-MAZURSKIE,OLSZTYN,OLSZTYN,OLSZTYN,10-504,48-586-976-570,kontakt.silesia-invest@gmail.com,https://www.silesia-invest-group.com.pl,66.22.Z,2024-08-25
237260358,1237101978,0000002816,Vistula Fintech S.A.,sp z oo,własność prywatna krajowa,"os. Dąbrowszczaków 134, 10-540 Olsztyn",WARMIŃSKO-MAZURSKIE,OLSZTYN,OLSZTYN,OLSZTYN,10-540,560 105 794,biuro.vistula-fintech@wp.pl,https://www.vistula-fintech-group.eu,62.02.Z,2022-09-12
237339545,1237181167,0000002913,Astra Finance SA,SP Z O O,własność prywatna krajowa,"ulica Krakowska 151, 45-018 Opole",OPOLSKIE,OPOLE,OPOLE,OPOLE,45-018,503 231 778,sekretariat.astra-finance@onet.pl,,62.02.Z,2020-10-29
237418730,1237260352,0000003010,Baltic Med Supply S. A.,spółka akcyjna,własność prywatna krajowa,"Ozimska 168, 45-057 Opole",OPOLSKIE,OPOLE,OPOLE,OPOLE,45-057,708 388 879,firma.baltic-med-supply@biuropl,https://baltic-med-supply.pl,62.01.Z,2017-09-26
237577115,1237418735,0000003107,Helios Markets Spółka Akcyjna,S.A.,własność prywatna krajowa,"ul. Bohaterów Westerplatte 5/57, 65-034 Zielona Góra",LUBUSKIE,ZIELONA GÓRA,ZIELONA GÓRA,ZIELONA GÓRA,65-034,+48 562 558 717,kontakt@interia.pl,https://www.helios-markets-group.com.pl,66.22.Z,2016-12-07
237577115,1237418735,0000003204,Lumen Advisory sp. z o.o.,SA,własność prywatna krajowa,"ul Kupiecka 22, 65-058 Zielona Góra",LUBUSKIE,ZIELONA GÓRA,ZIELONA GÓRA,ZIELONA GÓRA,65-058,+48 620 112 223,biuro@brak-domeny,https://www.lumen-advisory-group.eu,66.22.Z,2012-04-13
237656300,1237497924,0000003301,Nova Data sp z oo,prosta spółka akcyjna,własność krajowa osób fizycznych,"ulica Świętojańska 39, 81-372 Gdynia",POMORSKIE,GDYNIA,GDYNIA,GDYNIA,81-372,558998379,office.nova-data@proton.me,https://www.nova-data-group.local,64.99.Z,2020-04-21
237735494,1237656305,0000003398,Optima Trade sp. z o. o.,osoba fizyczna prowadząca działalność gospodarczą,własność krajowa osób fizycznych,"10 Lutego 56, 81-364 Gdynia",POMORSKIE,GDYNIA,GDYNIA,GDYNIA,81-364,+48 567 340 374,kontakt.optima-trade@outlook.com,https://www.optima-trade.pl,62.02.Z,2021-07-30
237893879,1237656305,0000003495,Polaris Capital Sp. z o.o.,spółka z ograniczoną odpowiedzialnością,własność krajowa osób fizycznych,"ul. Bolesława Prusa 73/19, 05-800 Pruszków",MAZOWIECKIE,PRUSZKOWSKI,PRUSZKÓW,PRUSZKÓW,05-800,48-741-212-464,biuro.polaris-capital@yahoo.com,,66.22.Z,2015-01-13
237893879,1237735499,0000003592,Quantum Services SP Z O O,sp. z o.o.,własność prywatna krajowa,05-500 Piaseczno,MAZOWIECKIE,PIASECZYŃSKI,PIASECZNO,PIASECZNO,05-500,48-644-206-420,sekretariat.quantum-services@icloud.com,https://www.quantum-services-group.eu,62.02.Z,2020-12-29
237973064,1237814684,0000003689,Silesia Invest spółka z ograniczoną odpowiedzialnością,sp z oo,własność krajowa osób fizycznych,"ulica Sienkiewicza 107, 32-020 Wieliczka",MAŁOPOLSKIE,WIELICKI,WIELICZKA,WIELICZKA,32-020,(48) 781847608,firma.silesia-invest@localhost,https://www.silesia-invest-group.local,62.02.Z,2020-11-24
238052254,1237893873,0000003786,Vistula Fintech Spółka z ograniczoną odpowiedzialnością,SP Z O O,własność prywatna krajowa,"Dąbrowskiego 124, 32-600 Oświęcim",MAŁOPOLSKIE,OŚWIĘCIMSKI,OŚWIĘCIM,OŚWIĘCIM,32-600,729370627,kontakt@wp.pl,https://www.vistula-fintech-group.pl,62.02.Z,2025-08-05
238210635,1237973069,0000003883,Astra Finance S.A.,spółka akcyjna,własność krajowa osób fizycznych,"ul. Rynek 141/71, 38-400 Krosno",PODKARPACKIE,KROŚNIEŃSKI,KROSNO,KROSNO,38-400,758769861,biuro@onet.pl,https://www.astra-finance.com.pl,62.02.Z,2022-09-25
238210635,1238052259,0000003980,Baltic Med Supply SA,S.A.,własność krajowa osób fizycznych,"ul Mickiewicza 158, 39-300 Mielec",PODKARPACKIE,MIELECKI,MIELEC,MIELEC,39-300,48-799-518-315,office.baltic-med-supply@interia.pl,https://baltic-med-supply.eu,62.02.Z,2017-09-03
238289826,1238131444,0000004077,Helios Markets S. A.,SA,własność krajowa osób fizycznych,"175, 58-100 Świdnica",DOLNOŚLĄSKIE,ŚWIDNICKI,ŚWIDNICA,ŚWIDNICA,58-100,602528466,kontakt.helios-markets@o2.pl,,66.22.Z,2014-05-20
238369011,1238289820,0000004174,Lumen Advisory Spółka Akcyjna,prosta spółka akcyjna,własność krajowa osób fizycznych,"Wojska Polskiego 12, 57-300 Kłodzko",DOLNOŚLĄSKIE,KŁODZKI,KŁODZKO,KŁODZKO,57-300,730 281 709,biuro.lumen-advisory@brak-domeny,https://www.lumen-advisory-group.pl,62.02.Z,2019-06-15
238448207,1238289820,0000004271,Nova Data sp. z o.o.,osoba fizyczna prowadząca działalność gospodarczą,własność krajowa osób fizycznych,"ul. Chrobrego 29/33, 62-200 Gniezno",WIELKOPOLSKIE,GNIEŹNIEŃSKI,GNIEZNO,GNIEZNO,62-200,48-526-667-699,sekretariat.nova-data@outlook.com,https://www.nova-data-group.com.pl,62.01.Z,2012-07-15
238527390,1238369016,0000004368,Optima Trade sp z oo,spółka z ograniczoną odpowiedzialnością,własność prywatna krajowa,"ul Słowiańska 46, 64-100 Leszno",WIELKOPOLSKIE,LESZCZYŃSKI,LESZNO,LESZNO,64-100,589 228 993,firma.optima-trade@yahoo.com,https://www.optima-trade.eu,62.01.Z,2021-03-09
238606586,1238448201,0000004465,Polaris Capital sp. z o. o.,sp. z o.o.,własność krajowa osób fizycznych,"ulica Gdańska 63, 83-110 Tczew",POMORSKIE,TCZEWSKI,TCZEW,TCZEW,83-110,(48) 750673444,kontakt@icloud.com,https://polaris-capital.local,66.22.Z,2023-05-30
238685775,1238527395,0000004562,Quantum Services Sp. z o.o.,sp z oo,własność krajowa osób fizycznych,"Sobieskiego 80, 84-200 Wejherowo",POMORSKIE,WEJHEROWSKI,WEJHEROWO,WEJHEROWO,84-200,(48) 678921086,biuro@gmail.com,https://www.quantum-services-group.pl,66.22.Z,2015-06-25
238764960,1238606580,0000004659,Silesia Invest SP Z O O,SP Z O O,własność prywatna krajowa,"ul. Głęboka 97/85, 43-400 Cieszyn",ŚLĄSKIE,CIESZYŃSKI,CIESZYN,CIESZYN,43-400,(48) 744218199,office.silesia-invest@localhost,,62.01.Z,2010-06-10
238844156,1238764965,0000004756,Vistula Fintech spółka z ograniczoną odpowiedzialnością,spółka akcyjna,własność prywatna krajowa,"114, 42-500 Będzin",ŚLĄSKIE,BĘDZIŃSKI,BĘDZIN,BĘDZIN,42-500,+48 514 958 224,kontakt.vistula-fintech@onet.pl,https://www.vistula-fintech-group.eu,62.01.Z,2016-06-17
238923341,1238764965,0000004853,Astra Finance Spółka z ograniczoną odpowiedzialnością,S.A.,własność krajowa osób fizycznych,"ulica Królowej Jadwigi 131, 88-100 Inowrocław",KUJAWSKO-POMORSKIE,INOWROCŁAWSKI,INOWROCŁAW,INOWROCŁAW,88-100,686733698,biuro.astra-finance@interia.pl,https://www.astra-finance.local,62.02.Z,2012-07-07
239002531,1238844150,0000004950,Baltic Med Supply S.A.,SA,własność krajowa osób fizycznych,"Wybickiego 148, 86-300 Grudziądz",KUJAWSKO-POMORSKIE,GRUDZIĄDZ,GRUDZIĄDZ,GRUDZIĄDZ,86-300,+48 752 697 772,sekretariat.baltic-med-supply@o2.pl,https://baltic-med-supply.pl,66.22.Z,2018-03-15
239081720,1238923346,0000005047,Helios Markets SA,prosta spółka akcyjna,własność krajowa osób fizycznych,"ul. Czarnieckiego 165/47, 14-100 Ostróda",WARMIŃSKO-MAZURSKIE,OSTRÓDZKI,OSTRÓDA,OSTRÓDA,14-100,(48) 701522759,firma.helios-markets@@wp.pl,https://www.helios-markets-group.com.pl,62.01.Z,2019-07-30
239160916,1239002536,0000005144,Lumen Advisory S. A.,osoba fizyczna prowadząca działalność gospodarczą,własność prywatna krajowa,"ul Nieistniejąca 2, 99-999 Nibylandia",NIEZNANE,NIEISTNIEJĄCY,NIEISTNIEJĄCA,NIBYLANDIA,99-999,48-552-435-650,kontakt@outlook.com,https://www.lumen-advisory-group.eu,62.02.Z,2018-01-06
239240101,1239081725,0000005241,Nova Data Spółka Akcyjna,spółka z ograniczoną odpowiedzialnością,własność krajowa osób fizycznych,"ulica Lubelska 19, 24-100 Puławy",LUBELSKIE,PUŁAWSKI,PUŁAWY,PUŁAWY,24-100,642 578 721,biuro@yahoo.com,,64.99.Z,2016-01-09
239319297,1239160910,0000005338,Optima Trade sp. z o.o.,sp. z o.o.,własność prywatna krajowa,"Staszica 36, 22-400 Zamość",LUBELSKIE,ZAMOŚĆ,ZAMOŚĆ,ZAMOŚĆ,22-400,780265289,office.optima-trade@icloud.com,https://www.optima-trade.pl,62.02.Z,2018-12-28
239398486,1239240106,0000005435,Polaris Capital sp z oo,sp z oo,własność prywatna krajowa,"53/9, 16-300 Augustów",PODLASKIE,AUGUSTOWSKI,AUGUSTÓW,AUGUSTÓW,16-300,+48 730 307 167,kontakt.polaris-capital@gmail.com,https://polaris-capital.com.pl,62.01.Z,2016-07-06
239477671,1239319291,0000005532,Quantum Services sp. z o. o.,SP Z O O,włsaność prywatna rk,"ul Kościuszki 70, 16-400 Suwałki",PODLASKIE,SUWAŁKI,SUWAŁKI,SUWAŁKI,16-400,48-712-339-374,biuro.quantum-services@mail_invalid.pl,https://www.quantum-services-group.eu,62.02.Z,2010-09-22
239556867,1239398480,0000005629,Silesia Invest Sp. z o.o.,spółka akcyjna,własność prywatna krajowa,"os. Piastowska 87, 48-300 Nysa",OPOLSKIE,NYSA,NYSA,NYSA,48-300,+48 742 586 913,sekretariat.silesia-invest@onet.pl,https://www.silesia-invest-group.local,64.99.Z,2014-11-29
239636052,1239477676,0000005726,Vistula Fintech SP Z O O,S.A.,własność prywatna krajowa,"Długa 104, 49-300 Brzeg",OPOLSKIE,BRZESKI,BRZEG,BRZEG,49-300,(48) 626204789,firma.vistula-fintech@interia.pl,https://www.vistula-fintech-group.pl,66.22.Z,2019-06-14
239715248,1239556861,0000005823,Astra Finance spółka z ograniczoną odpowiedzialnością,SA,własność krajowa osób fizycznych,"ul. Rynek 121/61, 68-200 Żary",LUBUSKIE,ŻARSKI,ŻARY,ŻARY,68-200,48-789-466-987,kontakt@o2.pl,,62.02.Z,2013-01-20
239794437,1239636057,0000005920,Baltic Med Supply Spółka z ograniczoną odpowiedzialnością,prosta spółka akcyjna,własność krajowa osób fizycznych,"ul Sikorskiego 138, 66-200 Świebodzin",LUBUSKIE,ŚWIEBODZIŃSKI,ŚWIEBODZIN,ŚWIEBODZIN,66-200,(48) 714999333,biuro@proton.me,https://baltic-med-supply.eu,66.22.Z,2011-04-15
239873622,1239715242,0000006017,Helios Markets S.A.,osoba fizyczna prowadząca działalność gospodarczą,własność prywatna krajowa,"ulica Armii Krajowej 155, 78-100 Kołobrzeg",ZACHODNIOPOMORSKIE,KOŁOBRZESKI,KOŁOBRZEG,KOŁOBRZEG,78-100,788939704,office.helios-markets@@wp.pl,https://www.helios-markets-group.local,66.22.Z,2014-04-03
239952818,1239794431,0000006114,Lumen Advisory SA,spółka z ograniczoną odpowiedzialnością,własność krajowa osób fizycznych,"Piłsudskiego 172, 73-110 Stargard",ZACHODNIOPOMORSKIE,STARGARDZKI,STARGARD,STARGARD,73-110,(48) 568532982,kontakt.lumen-advisory@yahoo.com,https://www.lumen-advisory-group.pl,66.22.Z,2025-10-04
240032008,1239873627,0000006211,Nova Data S. A.,sp. z o.o.,własność prywatna krajowa,"ul. Mickiewicza 9/23, 27-600 Sandomierz",ŚWIĘTOKRZYSKIE,SANDOMIERSKI,SANDOMIERZ,SANDOMIERZ,27-600,717 739 814,biuro.nova-data@icloud.com,https://www.nova-data-group.com.pl,66.22.Z,2013-06-22
240111191,1239952812,0000006308,Optima Trade Spółka Akcyjna,sp z oo,własność krajowa osób fizycznych,"ul Sienkiewicza 26, 27-400 Ostrowiec Świętokrzyski",ŚWIĘTOKRZYSKIE,OSTROWIECKI,OSTROWIEC ŚWIĘTOKRZYSKI,OSTROWIEC ŚWIĘTOKRZYSKI,27-400,+48 754 974 964,sekretariat.optima-trade@gmail.com,https://www.optima-trade.eu,62.02.Z,2010-02-26
240190380,1240032000,0000006405,Polaris Capital sp. z o.o.,SP Z O O,własność krajowa osób fizycznych,"ulica Marszałkowska 43, 00-590 Warszawa",MAZOWIECKIE,WARSZAWA,WARSZAWA,WARSZAWA,00-590,527806453,firma.polaris-capital@wp.pl,,66.22.Z,2021-09-29
240269578,1240111194,0000006502,Quantum Services sp z oo,spółka akcyjna,własność prywatna krajowa,"Krakowskie Przedmieście 60, 00-071 Warszawa",MAZOWIECKIE,WARSZAWA,WARSZAWA,WARSZAWA,00-071,48-736-381-765,kontakt@mail_invalid.pl,https://www.quantum-services-group.pl,62.02.Z,2015-10-29
240348763,1240190383,0000006599,Silesia Invest sp. z o. o.,S.A.,własność prywatna krajowa,"ul. Floriańska 77/75, 31-019 Kraków",MAŁOPOLSKIE,KRAKÓW,KRAKÓW,KRAKÓW,31-019,48-575-296-440,biuro@interia.pl,https://www.silesia-invest-group.com.pl,62.01.Z,2019-11-29
240427959,1240269570,0000006696,Vistula Fintech Sp. z o.o.,SA,własność prywatna krajowa,"ul Długa 94, 31-147 Kraków",MAŁOPOLSKIE,KRAKÓW,KRAKÓW,KRAKÓW,31-147,(48) 783861796,office.vistula-fintech@o2.pl,https://www.vistula-fintech-group.eu,62.02.Z,2011-09-02
240507144,1240348766,0000006793,Astra Finance SP Z O O,prosta spółka akcyjna,własność prywatna krajowa,"ulica Piotrkowska 111, 90-102 Łódź",ŁÓDZKIE,ŁÓDŹ,ŁÓDŹ,ŁÓDŹ,90-102,+48 545 278 386,kontakt.astra-finance@proton.me,https://www.astra-finance.local,62.02.Z,2023-05-12
240586333,2240427951,0000006890,Baltic Med Supply spółka z ograniczoną odpowiedzialnością,osoba fizyczna prowadząca działalność gospodarczą,własność prywatna krajowa,"Zachodnia 128, 90-402 Łódź",ŁÓDZKIE,ŁÓDŹ,ŁÓDŹ,ŁÓDŹ,90-402,628914063,biuro.baltic-med-supply@outlook.com,https://baltic-med-supply.pl,62.01.Z,2020-06-09
240665529,1240507147,0000006987,Helios Markets Spółka z ograniczoną odpowiedzialnością,spółka z ograniczoną odpowiedzialnością,własność prywatna krajowa,"ul. Świdnicka 145/37, 50-066 Wrocław",DOLNOŚLĄSKIE,WROCŁAW,WROCŁAW,WROCŁAW,50-066,+48 634 195 117,sekretariat.helios-markets@@wp.pl,,66.22.Z,2023-02-15
240744714,1240586336,0000007084,Lumen Advisory S.A.,sp. z o.o.,własność prywatna krajowa,"ul Legnicka 162, 54-203 Wrocław",DOLNOŚLĄSKIE,WROCŁAW,WROCŁAW,WROCŁAW,54-203,696255149,firma.lumen-advisory@icloud.com,https://www.lumen-advisory-group.eu,62.02.Z,2023-05-13
240903093,1240665521,0000007181,Nova Data SA,sp z oo,własność prywatna krajowa,"ulica Święty Marcin 179, 61-806 Poznań",WIELKOPOLSKIE,POZNAŃ,POZNAŃ,POZNAŃ,61-806,(48) 737168658,kontakt@gmail.com,https://www.nova-data-group.local,64.99.Z,2010-01-13
240903093,1240744717,0000007278,Optima Trade S. A.,SP Z O O,własność prywatna krajowa,"Głogowska 16, 60-734 Poznań",WIELKOPOLSKIE,POZNAŃ,POZNAŃ,POZNAŃ,60-734,48-580-342-692,biuro@wp.pl,https://www.optima-trade.pl,66.22.Z,2022-05-26
240982282,1240823902,0000007375,Polaris Capital Spółka Akcyjna,spółka akcyjna,własność krajowa osób fizycznych,"ul. Długa 33/89, 80-831 Gdańsk",POMORSKIE,GDAŃSK,GDAŃSK,GDAŃSK,80-831,+48 576 175 290,office.polaris-capital@onet.pl,https://polaris-capital.com.pl,62.02.Z,2016-06-08
241061472,1240903096,0000007472,Quantum Services sp. z o.o.,S.A.,własność krajowa osób fizycznych,"ul Grunwaldzka 50, 80-236 Gdańsk",POMORSKIE,GDAŃSK,GDAŃSK,GDAŃSK,80-236,+48 658 529 660,kontakt.quantum-services@mail_invalid.pl,https://www.quantum-services-group.eu,64.99.Z,2023-07-02
241140668,1240982285,0000007569,Silesia Invest sp z oo,SA,własność prywatna krajowa,"ulica Jagiellońska 67, 70-435 Szczecin",ZACHODNIOPOMORSKIE,SZCZECIN,SZCZECIN,SZCZECIN,70-435,+48 582 717 557,biuro.silesia-invest@o2.pl,,62.02.Z,2012-10-24
241219855,1241061475,0000007666,Vistula Fintech sp. z o. o.,prosta spółka akcyjna,własność krajowa osób fizycznych,"Wyszyńskiego 84, 70-200 Szczecin",ZACHODNIOPOMORSKIE,SZCZECIN,SZCZECIN,SZCZECIN,70-200,+48 637 999 556,sekretariat.vistula-fintech@proton.me,https://www.vistula-fintech-group.pl,64.99.Z,2010-06-13
241299044,1241140660,0000007763,Astra Finance Sp. z o.o.,osoba fizyczna prowadząca działalność gospodarczą,własność prywatna krajowa,"ul. Mariacka 101/51, 40-014 Katowice",ŚLĄSKIE,KATOWICE,KATOWICE,KATOWICE,40-014,+48 504 419 636,firma.astra-finance@outlook.com,https://www.astra-finance.com.pl,62.02.Z,2024-09-09
241457425,1241219858,0000007860,Baltic Med Supply SP Z O O,spółka z ograniczoną odpowiedzialnością,własność prywatna krajowa,"ul Warszawska 118, 40-009 Katowice",ŚLĄSKIE,KATOWICE,KATOWICE,KATOWICE,40-009,(48) 675727260,kontakt@yahoo.com,https://baltic-med-supply.eu,62.01.Z,2019-11-16
241457425,1241299047,0000007957,Helios Markets spółka z ograniczoną odpowiedzialnością,sp. z o.o.,własność prywatna krajowa,"ulica Krakowskie Przedmieście 135, 20-002 Lublin",LUBELSKIE,LUBLIN,LUBLIN,LUBLIN,20-002,48-774-762-201,biuro@@wp.pl,https://www.helios-markets-group.local,62.02.Z,2021-10-03
241536610,1241378232,0000008054,Lumen Advisory Spółka z ograniczoną odpowiedzialnością,sp z oo,własność prywatna krajowa,"Narutowicza 152, 20-004",LUBELSKIE,LUBLIN,LUBLIN,,20-004,48-741-651-952,office.lumen-advisory@gmail.com,https://www.lumen-advisory-group.pl,62.02.Z,2017-12-26
241615806,1241457428,0000008151,Nova Data S.A.,SP Z O O,własność prywatna krajowa,"ul. Lipowa 169/13, 15-424 Białystok",PODLASKIE,BIAŁYSTOK,BIAŁYSTOK,BIAŁYSTOK,15-424,+48 795 241 484,kontakt.nova-data@wp.pl,,62.01.Z,2019-07-14
241694993,1241536613,0000008248,Optima Trade SA,spółka akcyjna,własność krajowa osób fizycznych,"ul Sienkiewicza 6, 15-092 Białystok",PODLASKIE,BIAŁYSTOK,BIAŁYSTOK,BIAŁYSTOK,15-092,+48 788 544 840,biuro.optima-trade@onet.pl,https://www.optima-trade.eu,62.02.Z,2015-02-26
241774189,1241615809,0000008345,Polaris Capital S. A.,S.A.,własność prywatna krajowa,"ulica Gdańska 23, 85-005 Bydgoszcz",KUJAWSKO-POMORSKIE,BYDGOSZCZ,BYDGOSZCZ,BYDGOSZCZ,85-005,608382514,sekretariat.polaris-capital@interia.pl,https://polaris-capital.local,64.99.Z,2024-10-09
241853374,1241694996,0000008442,Quantum Services Spółka Akcyjna,SA,własność krajowa osób fizycznych,"os. Dworcowa 40, 85-009 Bydgoszcz",KUJAWSKO-POMORSKIE,BYDGOSZCZ,BYDGOSZCZ,BYDGOSZCZ,85-009,(48) 546782858,firma.quantum-services@mail_invalid.pl,https://www.quantum-services-group.pl,64.99.Z,2011-05-20
242090949,,0000008539,Silesia Invest sp. z o.o.,prosta spółka akcyjna,własność prywatna krajowa,"ul. Szeroka 57/65, 87-100 Toruń",KUJAWSKO-POMORSKIE,TORUŃ,TORUŃ,TORUŃ,87-100,48-714-515-484,kontakt@proton.me,https://www.silesia-invest-group.com.pl,62.02.Z,2013-05-24
342090949,1241853377,0000008636,Vistula Fintech sp z oo,osoba fizyczna prowadząca działalność gospodarczą,własność krajowa osób fizycznych,"ul Chełmińska 74, 87-100 Toruń",KUJAWSKO-POMORSKIE,TORUŃ,TORUŃ,TORUŃ,87-100,503535575,biuro@outlook.com,https://www.vistula-fintech-group.eu,66.22.Z,2020-04-01
242090949,1241932562,0000008733,Astra Finance sp. z o. o.,spółka z ograniczoną odpowiedzialnością,własność krajowa osób fizycznych,"ulica 3 Maja 91, 35-030 Rzeszów",PODKARPACKIE,RZESZÓW,RZESZÓW,RZESZÓW,35-030,+48 572 415 345,office.astra-finance@yahoo.com,,64.99.Z,2020-03-27
242170134,1242011752,0000008830,Baltic Med Supply Sp. z o.o.,sp. z o.o.,własność krajowa osób fizycznych,"Piłsudskiego 108, 35-074 Rzeszów",PODKARPACKIE,RZESZÓW,RZESZÓW,RZESZÓW,35-074,(48) 707113357,kontakt.baltic-med-supply@icloud.com,https://baltic-med-supply.pl,62.02.Z,2023-04-25
242249321,1242090941,0000008927,Helios Markets SP Z O O,sp z oo,własność prywatna krajowa,"ul. Sienkiewicza 125/27, 25-007 Kielce",ŚWIĘTOKRZYSKIE,KIELCE,KIELCE,KIELCE,25-007,48-640-111-570,biuro.helios-markets@@wp.pl,https://www.helios-markets-group.com.pl,66.22.Z,2018-02-12
242328517,1242170137,0000009024,Lumen Advisory spółka z ograniczoną odpowiedzialnością,SP Z O O,własność prywatna krajowa,"ul Warszawska 142, 25-512 Kielce",ŚWIĘTOKRZYSKIE,KIELCE,KIELCE,KIELCE,25-512,48-678-244-296,sekretariat.lumen-advisory@wp.pl,https://www.lumen-advisory-group.eu,62.01.Z,2022-11-05
242407702,1242249324,0000009121,Nova Data Spółka z ograniczoną odpowiedzialnością,spółka akcyjna,własność prywatna krajowa,"ulica Kościuszki 159, 10-504 Olsztyn",WARMIŃSKO-MAZURSKIE,OLSZTYN,OLSZTYN,OLSZTYN,10-504,778202081,firma.nova-data@onet.pl,https://www.nova-data-group.local,62.02.Z,2011-04-24
242566085,1242407705,0000009218,Optima Trade S.A.,S.A.,własność prywatna krajowa,"Dąbrowszczaków 176, 10-540 Olsztyn",WARMIŃSKO-MAZURSKIE,OLSZTYN,OLSZTYN,OLSZTYN,10-540,704992244,kontakt@interia.pl,https://www.optima-trade.pl,64.99.Z,2015-09-11
242566085,1242407705,0000009315,Polaris Capital SA,SA,własność krajowa osób fizycznych,"ul. Krakowska 13/79, 45-018 Opole",OPOLSKIE,OPOLE,OPOLE,OPOLE,45-018,526874664,biuro@o2.pl,,62.02.Z,2013-04-15
242645270,1242486892,0000009412,Quantum Services S. A.,prosta spółka akcyjna,własność prywatna krajowa,"ul Ozimska 30, 45-057 Opole",OPOLSKIE,OPOLE,OPOLE,OPOLE,45-057,(48) 664380277,office.quantum-services@mail_invalid.pl,https://www.quantum-services-group.eu,66.22.Z,2010-07-24
242724466,1242566088,0000009509,Silesia Invest Spółka Akcyjna,osoba fizyczna prowadząca działalność gospodarczą,własność krajowa osób fizycznych,"ulica Bohaterów Westerplatte 47, 65-034 Zielona Góra",LUBUSKIE,ZIELONA GÓRA,ZIELONA GÓRA,ZIELONA GÓRA,65-034,48-544-341-291,kontakt.silesia-invest@outlook.com,https://www.silesia-invest-group.local,62.01.Z,2020-01-10
242803651,1242645273,0000009606,Vistula Fintech sp. z o.o.,spółka z ograniczoną odpowiedzialnością,własność krajowa osób fizycznych,"Kupiecka 64, 65-058 Zielona Góra",LUBUSKIE,ZIELONA GÓRA,ZIELONA GÓRA,ZIELONA GÓRA,65-058,48-599-276-028,biuro.vistula-fintech@yahoo.com,https://www.vistula-fintech-group.pl,66.22.Z,2013-01-13
242882840,1242724469,0000009703,Astra Finance sp z oo,sp. z o.o.,własność krajowa osób fizycznych,"ul. Świętojańska 81/41, 81-372 Gdynia",POMORSKIE,GDYNIA,GDYNIA,GDYNIA,81-372,48-743-197-749,sekretariat.astra-finance@icloud.com,https://www.astra-finance.com.pl,62.01.Z,2010-01-07
242962036,1242803654,0000009800,Baltic Med Supply sp. z o. o.,sp z oo,własność krajowa osób fizycznych,ul 10 Lutego 98,POMORSKIE,GDYNIA,GDYNIA,,,542 191 061,firma.baltic-med-supply@gmail.com,https://baltic-med-supply.eu,66.22.Z,2016-06-01
243041226,1242882843,0000009897,Helios Markets Sp. z o.o.,SP Z O O,własność prywatna krajowa,"ulica Bolesława Prusa 115, 05-800 Pruszków",MAZOWIECKIE,PRUSZKOWSKI,PRUSZKÓW,PRUSZKÓW,05-800,+48 610 228 165,kontakt@@wp.pl,,62.02.Z,2025-02-21
243120411,1242962039,0000009994,Lumen Advisory SP Z O O,spółka akcyjna,własność prywatna krajowa,"Kościuszki 132, 05-500 Piaseczno",MAZOWIECKIE,PIASECZYŃSKI,PIASECZNO,PIASECZNO,05-500,(48) 508399972,biuro@onet.pl,https://www.lumen-advisory-group.pl,62.02.Z,2024-05-30
243199602,1243041229,0000010091,Nova Data spółka z ograniczoną odpowiedzialnością,S.A.,własność krajowa osób fizycznych,"ul. Sienkiewicza 149/3, 32-020 Wieliczka",MAŁOPOLSKIE,WIELICKI,WIELICZKA,WIELICZKA,32-020,(48) 511641332,office.nova-data@interia.pl,https://www.nova-data-group.com.pl,62.01.Z,2016-04-25
243278796,1243120414,0000010188,Optima Trade Spółka z ograniczoną odpowiedzialnością,SA,własność krajowa osób fizycznych,"ul Dąbrowskiego 166, 32-600 Oświęcim",MAŁOPOLSKIE,OŚWIĘCIMSKI,OŚWIĘCIM,OŚWIĘCIM,32-600,502 907 388,kontakt.optima-trade@o2.pl,https://www.optima-trade.eu,66.22.Z,2013-05-19
,1243199605,0000010285,Polaris Capital S.A.,prosta spółka akcyjna,własność prywatna krajowa,"ulica Rynek 3, 38-400 Krosno",PODKARPACKIE,KROŚNIEŃSKI,KROSNO,KROSNO,38-400,+48 586 832 558,biuro.polaris-capital@proton.me,https://polaris-capital.local,64.99.Z,2021-10-16
243437177,1243278799,0000010382,Quantum Services SA,osoba fizyczna prowadząca działalność gospodarczą,własność prywatna rkajowa,"Mickiewicza 20, 39-300 Mielec",PODKARPACKIE,MIELEKCI,MIELEC,MIELEC,39-300,(48) 500440856,sekretariat.quantum-services@mail_invalid.pl,https://www.quantum-services-group.pl,62.01.Z,2025-01-19
243516362,1243357984,0000010479,Silesia Invest S. A.,spółka z ograniczoną odpowiedzialnością,własność prywatna krajowa,"ul. Długa 37/55, 58-100 Świdnica",DOLNOŚLĄSKIE,ŚWIDNICKI,ŚWIDNICA,ŚWIDNICA,58-100,(48) 729387302,firma.silesia-invest@yahoo.com,,62.01.Z,2018-10-30
243595551,1243516365,0000010576,Vistula Fintech Spółka Akcyjna,sp. z o.o.,własność prywatna krajowa,"ul Wojska Polskiego 54, 57-300 Kłodzko",DOLNOŚLĄSKIE,KŁODZKI,KŁODZKO,KŁODZKO,57-300,+48 606 801 795,kontakt@icloud.com,https://www.vistula-fintech-group.eu,64.99.Z,2023-11-21
243674747,1243516365,0000010673,Astra Finance sp. z o.o.,sp z oo,własność krajowa osób fizycznych,"ulica Chrobrego 71, 62-200 Gniezno",WIELKOPOLSKIE,GNIEŹNIEŃSKI,GNIEZNO,GNIEZNO,62-200,48-728-708-387,biuro@gmail.com,https://www.astra-finance.local,62.02.Z,2021-03-20
243753932,1243595554,0000010770,Baltic Med Supply sp z oo,SP Z O O,własność prywatna krajowa,"Słowiańska 88, 64-100 Leszno",WIELKOPOLSKIE,LESZCZYŃSKI,LESZNO,LESZNO,64-100,595717619,office.baltic-med-supply@wp.pl,https://baltic-med-supply.pl,62.01.Z,2022-04-19
243833128,1243753935,0000010867,Helios Markets sp. z o. o.,spółka akcyjna,własność krajowa osób fizycznych,"105/17, 83-110 Tczew",POMORSKIE,TCZEWSKI,TCZEW,TCZEW,83-110,(48) 786655781,kontakt.helios-markets@@wp.pl,https://www.helios-markets-group.com.pl,66.22.Z,2025-08-06
243912313,1243753935,0000010964,Lumen Advisory Sp. z o.o.,S.A.,wlasnosc krajowa osob fizycznych,"ul Sobieskiego 122, 84-200 Wejherowo",POMORSKIE,WEJHEROWSKI,WEJHEROWO,WEJHEROWO,84-200,(48) 639468812,biuro.lumen-advisory@interia.pl,https://www.lumen-advisory-group.eu,64.99.Z,2022-04-15
243991502,1243833120,0000011061,Nova Data SP Z O O,SA,własność krajowa osób fizycznych,"ulica Głęboka 139, 43-400 Cieszyn",ŚLĄSKIE,CIESZYŃSKI,CIESZYN,CIESZYN,43-400,560345865,sekretariat.nova-data@o2.pl,,66.22.Z,2023-11-30
244070690,1243912316,0000011158,Optima Trade spółka z ograniczoną odpowiedzialnością,prosta spółka akcyjna,własność prywatna krajowa,"Małachowskiego 156, 42-500 Będzin",ŚLĄSKIE,BĘDZIŃSKI,BĘDZIN,BĘDZIN,42-500,580 439 227,firma.optima-trade@proton.me,https://www.optima-trade.pl,66.22.Z,2018-09-22
244149888,1243991505,0000011255,Polaris Capital Spółka z ograniczoną odpowiedzialnością,osoba fizyczna prowadząca działalność gospodarczą,własność prywatna krajowa,"os. Królowej Jadwigi 173/69, 88-100 Inowrocław",KUJAWSKO-POMORSKIE,INOWROCŁAWSKI,INOWROCŁAW,INOWROCŁAW,88-100,(48) 603846244,kontakt@outlook.com,https://polaris-capital.com.pl,66.22.Z,2018-11-03
244229073,1244070693,0000011352,Quantum Services S.A.,spółka z ograniczoną odpowiedzialnością,własność krajowa osób fizycznych,"ul Wybickiego 10, 86-300 Grudziądz",KUJAWSKO-POMORSKIE,GRUDZIĄDZ,GRUDZIĄDZ,GRUDZIĄDZ,86-300,(48) 763499544,biuro@mail_invalid.pl,https://www.quantum-services-group.eu,62.01.Z,2019-05-04
244308269,1244149880,0000011449,Silesia Invest SA,sp. z o.o.,własność krajowa osób fizycznych,"ulica Czarnieckiego 27, 14-100 Ostróda",WARMIŃSKO-MAZURSKIE,OSTRÓDZKI,OSTRÓDA,OSTRÓDA,14-100,+48 719 219 555,office.silesia-invest@icloud.com,https://www.silesia-invest-group.local,64.99.Z,2022-10-24
244387458,1244229076,0000011546,Vistula Fintech S. A.,sp z oo,własność krajowa osób fizycznych,"44, Giżycko",WARMIŃSKO-MAZURSKIE,GIŻYCKI,GIŻYCKO,GIŻYCKO,,505343408,kontakt.vistula-fintech@gmail.com,https://www.vistula-fintech-group.pl,62.02.Z,2025-06-28
244466643,1244308261,0000011643,Astra Finance Spółka Akcyjna,SP Z O O,własność prywatna krajowa,"ul. Lubelska 61/31, 24-100 Puławy",LUBELSKIE,PUŁAWSKI,PUŁAWY,PUŁAWY,24-100,48-546-135-883,biuro.astra-finance@wp.pl,,62.02.Z,2021-05-15
244545839,1244387450,0000011740,Baltic Med Supply sp. z o.o.,spółka akcyjna,własność krajowa osób fizycznych,"ul Staszica 78, 22-400 Zamość",LUBELSKIE,ZAMOŚĆ,ZAMOŚĆ,ZAMOŚĆ,22-400,510980828,sekretariat.baltic-med-supply@onet.pl,https://baltic-med-supply.eu,66.22.Z,2015-01-09
244625024,1244466646,0000011837,Helios Markets sp z oo,S.A.,własność krajowa osób fizycznych,"ulica 3 Maja 95, 16-300 Augustów",PODLASKIE,AUGUSTOWSKI,AUGUSTÓW,AUGUSTÓW,16-300,48-614-891-955,firma.helios-markets@@wp.pl,https://www.helios-markets-group.local,62.01.Z,2016-05-06
244783409,1244545831,0000011934,Lumen Advisory sp. z o. o.,SA,własność krajowa osób fizycznych,"Kościuszki 112, 16-400 Suwałki",PODLASKIE,SUWAŁKI,SUWAŁKI,SUWAŁKI,16-400,48-606-466-560,kontakt@o2.pl,https://www.lumen-advisory-group.pl,62.02.Z,2014-01-14
244783409,1244625027,0000012031,Nova Data Sp. z o.o.,prosta spółka akcyjna,własność krajowa osób fizycznych,"ul. Piastowska 129/83, 48-300 Nysa",OPOLSKIE,NYSA,NYSA,NYSA,48-300,(48) 627318915,biuro@proton.me,https://www.nova-data-group.com.pl,64.99.Z,2023-04-06
244862592,1244704212,0000012128,Optima Trade SP Z O O,osoba fizyczna prowadząca działalność gospodarczą,własność prywatna krajowa,"ul Długa 146, 49-300 Brzeg",OPOLSKIE,BRZESKI,BRZEG,BRZEG,49-300,(48) 738480279,office.optima-trade@outlook.com,https://www.optima-trade.eu,66.22.Z,2024-06-21
244941788,1244783401,0000012225,Polaris Capital spółka z ograniczoną odpowiedzialnością,spółka z ograniczoną odpowiedzialnością,własność prywatna krajowa,"163, 68-200 Żary",LUBUSKIE,ŻARSKI,ŻARY,ŻARY,68-200,523256957,kontakt.polaris-capital@yahoo.com,,62.01.Z,2020-10-22
245020978,1244862595,0000012322,Quantum Services Spółka z ograniczoną odpowiedzialnością,sp. z o.o.,własność prywatna krajowa,"Sikorskiego 180, 66-200 Świebodzin",LUBUSKIE,ŚWIEBODZIŃSKI,ŚWIEBODZIN,ŚWIEBODZIN,66-200,+48 629 142 461,biuro.quantum-services@mail_invalid.pl,https://www.quantum-services-group.pl,62.02.Z,2023-02-01
245100163,1244941780,0000012419,Silesia Invest S.A.,sp z oo,własność krajowa osób fizycznych,"ul. Armii Krajowej 17/45, 78-100 Kołobrzeg",ZACHODNIOPOMORSKIE,KOŁOBRZESKI,KOŁOBRZEG,KOŁOBRZEG,78-100,703 132 554,sekretariat.silesia-invest@gmail.com,https://www.silesia-invest-group.com.pl,62.02.Z,2020-07-09
245179354,1245020970,0000012516,Vistula Fintech SA,SP Z O O,własność krajowa osób fizycznych,"ul Piłsudskiego 34, 73-110 Stargard",ZACHODNIOPOMORSKIE,STARGARDZKI,STARGARD,STARGARD,73-110,604615557,firma.vistula-fintech@wp.pl,https://www.vistula-fintech-group.eu,62.02.Z,2011-06-06
245337735,1245100166,0000012613,Astra Finance S. A.,spółka akcyjna,własność krajowa osób fizycznych,"ulica Mickiewicza 51, 27-600 Sandomierz",ŚWIĘTOKRZYSKIE,SANDOMIERSKI,SANDOMIERZ,SANDOMIERZ,27-600,+48 771 718 689,kontakt@onet.pl,https://www.astra-finance.local,64.99.Z,2023-05-23
245337735,1245179357,0000012710,Baltic Med Supply Spółka Akcyjna,S.A.,własność prywatna krajowa,"Sienkiewicza 68, 27-400 Ostrowiec Świętokrzyski",ŚWIĘTOKRZYSKIE,OSTROWIECKI,OSTROWIEC ŚWIĘTOKRZYSKI,OSTROWIEC ŚWIĘTOKRZYSKI,27-400,(48) 730748086,biurofirma.local,https://baltic-med-supply.pl,66.22.Z,2024-03-19
245416920,1245258542,0000012807,Helios Markets sp. z o.o.,SA,własność prywatna krajowa,"ul. Marszałkowska 85/7, 00-590 Warszawa",MAZOWIECKIE,WARSZAWA,WARSZAWA,WARSZAWA,00-590,(48) 777677305,office.helios-markets@interia.pl,,62.01.Z,2018-11-08
245575305,1245337738,0000012904,Lumen Advisory sp z oo,prosta spółka akcyjna,własność prywatna krajowa,"ul Krakowskie Przedmieście 102, 00-071 Warszawa",MAZOWIECKIE,WARSZAWA,WARSZAWA,WARSZAWA,00-071,622975722,kontakt.lumen-advisory@@wp.pl,https://www.lumen-advisory-group.eu,64.99.Z,2017-04-29
245575305,1245416923,0000013001,Nova Data sp. z o. o.,osoba fizyczna prowadząca działalność gospodarczą,własność prywatna krajowa,"ulica Floriańska 119, 31-019 Kraków",MAŁOPOLSKIE,KRAKÓW,KRAKÓW,KRAKÓW,31-019,553984755,biuro.nova-data@proton.me,https://www.nova-data-group.local,66.22.Z,2014-12-24
245654499,1245496112,0000013098,Optima Trade Sp. z o.o.,spółka z ograniczoną odpowiedzialnością,własność prywatna krajowa,"Długa 136, 31-147 Kraków",MAŁOPOLSKIE,KRAKÓW,KRAKÓW,KRAKÓW,31-147,(48) 797333321,sekretariat.optima-trade@outlook.com,https://www.optima-trade.pl,64.99.Z,2015-10-12
245733684,1245575308,0000013195,Polaris Capital SP Z O O,sp. z o.o.,własność prywatna krajowa,"ul. Piotrkowska 153/59, 90-102 Łódź",ŁÓDZKIE,ŁÓDŹ,ŁÓDŹ,ŁÓDŹ,90-102,48-569-428-660,firma.polaris-capital@yahoo.com,https://polaris-capital.com.pl,62.02.Z,2013-12-19
245892069,1245654491,0000013292,Quantum Services spółka z ograniczoną odpowiedzialnością,sp z oo,własność prywatna krajowa,90-402 Łódź,ŁÓDZKIE,ŁÓDŹ,ŁÓDŹ,ŁÓDŹ,90-402,+48 507 575 037,kontakt@icloud.com,https://www.quantum-services-group.eu,62.02.Z,2013-06-06
245892069,1245733687,0000013389,Silesia Invest Spółka z ograniczoną odpowiedzialnością,SP Z O O,własność prywatna krajowa,"ulica Świdnicka 7, 50-066 Wrocław",DOLNOŚLĄSKIE,WROCŁAW,WROCŁAW,WROCŁAW,50-066,719497264,biuro@mail_invalid.pl,,62.01.Z,2011-03-14
245971254,1245812872,0000013486,Vistula Fintech S.A.,spółka akcyjna,własność krajowa osób fizycznych,"Legnicka 24, 54-203 Wrocław",DOLNOŚLĄSKIE,WROCŁAW,WROCŁAW,WROCŁAW,54-203,+48 536 184 713,office.vistula-fintech@wp.pl,https://www.vistula-fintech-group.pl,64.99.Z,2025-04-04
246050444,1245892061,0000013583,Astra Finance SA,S.A.,własność krajowa osób fizycznych,"ul. Święty Marcin 41/21, 61-806 Poznań",WIELKOPOLSKIE,POZNAŃ,POZNAŃ,POZNAŃ,61-806,587506833,kontakt.astra-finance@onet.pl,https://www.astra-finance.com.pl,62.02.Z,2018-01-10
246129631,1245971257,0000013680,Baltic Med Supply S. A.,SA,własność prywatna krajowa,"ul Głogowska 58, 60-734 Poznań",WIELKOPOLSKIE,POZNAŃ,POZNAŃ,POZNAŃ,60-734,48-639-374-975,biuro.baltic-med-supply@interia.pl,https://baltic-med-supply.eu,62.02.Z,2020-10-31
246208827,1246050447,0000013777,Helios Markets Spółka Akcyjna,prosta spółka akcyjna,własność prywatna krajowa,"ulica Długa 75, 80-831 Gdańsk",POMORSKIE,GDAŃSK,GDAŃSK,GDAŃSK,80-831,48-553-927-670,sekretariat.helios-markets@o2.pl,https://www.helios-markets-group.local,62.01.Z,2023-01-21
246288016,1246129634,0000013874,Lumen Advisory sp. z o.o.,osoba fizyczna prowadząca działalność gospodarczą,własność krajowa osób fizycznych,"Grunwaldzka 92, 80-236 Gdańsk",POMORSKIE,GDAŃSK,GDAŃSK,GDAŃSK,80-236,+48 527 499 848,firma.lumen-advisory@@wp.pl,https://www.lumen-advisory-group.pl,66.22.Z,2012-08-11
246367201,1246288019,0000013971,Nova Data sp z oo,spółka z ograniczoną odpowiedzialnością,własność krajowa osób fizycznych,"ul. Jagiellońska 109/73, 70-435 Szczecin",ZACHODNIOPOMORSKIE,SZCZECIN,SZCZECIN,SZCZECIN,70-435,579 444 352,kontakt@outlook.com,,64.99.Z,2016-02-27
246446395,1246288019,0000014068,Optima Trade sp. z o. o.,sp. z o.o.,własność prywatna krajowa,"os. Wyszyńskiego 126, 70-200 Szczecin",ZACHODNIOPOMORSKIE,SZCZECIN,SZCZECIN,SZCZECIN,70-200,48-688-609-166,biuro@yahoo.com,https://www.optima-trade.eu,62.02.Z,2025-07-31
246525580,1246367204,0000014165,Polaris Capital Sp. z o.o.,sp z oo,własność prywatna krajowa,"ulica Mariacka 143, 40-014 Katowice",ŚLĄSKIE,KATOWICE,KATOWICE,KATOWICE,40-014,+48 567 756 191,office.polaris-capital@icloud.com,https://polaris-capital.local,62.02.Z,2012-05-18
246604776,1246446398,0000014262,Quantum Services SP Z O O,SP Z O O,własność prywatna krajowa,"Warszawska 160, 40-009 Katowice",ŚLĄSKIE,KATOWICE,KATOWICE,KATOWICE,40-009,+48 740 749 707,kontakt.quantum-services@gmail.com,https://www.quantum-services-group.pl,62.01.Z,2011-11-23
246683965,1246525583,0000014359,Silesia Invest spółka z ograniczoną odpowiedzialnością,spółka akcyjna,własność krajowa osób fizycznych,"ul. Krakowskie Przedmieście 177/35, 20-002 Lublin",LUBELSKIE,LUBLIN,LUBLIN,LUBLIN,20-002,797820295,biuro.silesia-invest@mail_invalid.pl,https://www.silesia-invest-group.com.pl,64.99.Z,2016-03-06
246763150,1246604779,0000014456,Vistula Fintech Spółka z ograniczoną odpowiedzialnością,S.A.,własność krajowa osób fizycznych,"ul Narutowicza 14, 20-004 Lublin",LUBELSKIE,LUBLIN,LUBLIN,LUBLIN,20-004,774772460,sekretariat.vistula-fintech@onet.pl,https://www.vistula-fintech-group.eu,66.22.Z,2012-04-07
246842346,1246683968,0000014553,Astra Finance S.A.,,,"ulica Lipowa 31, 15-424 Białystok",PODLASKIE,BIAŁYSTOK,BIAŁYSTOK,BIAŁYSTOK,15-424,(48) 746699147,firma.astra-finance@interia.pl,,64.99.Z,2016-06-04
246921531,1246763153,0000014650,Baltic Med Supply SA,prosta spółka akcyjna,własność krajowa osób fizycznych,"Sienkiewicza 48, 15-092 Białystok",PODLASKIE,BIAŁYSTOK,BIAŁYSTOK,BIAŁYSTOK,15-092,48-577-198-830,kontakt@o2.pl,https://baltic-med-supply.pl,62.01.Z,2023-05-22
247000721,1246842349,0000014747,Helios Markets S. A.,osoba fizyczna prowadząca działalność gospodarczą,własność prywatna krajowa,"ul. Gdańska 65/87, 85-005 Bydgoszcz",KUJAWSKO-POMORSKIE,BYDGOSZCZ,BYDGOSZCZ,BYDGOSZCZ,85-005,48-617-940-055,biuro.gmail.com,https://www.helios-markets-group.com.pl,64.99.Z,2017-06-04
247079912,1246921534,0000014844,Lumen Advisory Spółka Akcyjna,spółka z ograniczoną odpowiedzialnością,własność krajowa osób fizycznych,"ul Dworcowa 82, 85-009 Bydgoszcz",KUJAWSKO-POMORSKIE,BYDGOSZCZ,BYDGOSZCZ,BYDGOSZCZ,85-009,+48 649 641 771,office.lumen-advisory@outlook.com,https://www.lumen-advisory-group.eu,64.99.Z,2024-03-24
247159108,1247000724,0000014941,Nova Data sp. z o.o.,sp. z o.o.,własność krajowa osób fizycznych,"ulica Szeroka 99, 87-100 Toruń",KUJAWSKO-POMORSKIE,TORUŃ,TORUŃ,TORUŃ,87-100,629377120,kontakt.nova-data@yahoo.com,https://www.nova-data-group.local,62.02.Z,2018-02-10
247238291,1247079915,0000015038,Optima Trade sp z oo,sp z oo,własność prywatna krajowa,"Chełmińska 116, 87-100 Toruń",KUJAWSKO-POMORSKIE,TORUŃ,TORUŃ,TORUŃ,87-100,604 477 212,biuro.optima-trade@icloud.com,https://www.optima-trade.pl,62.01.Z,2021-03-20
247317487,1247159100,0000015135,Polaris Capital sp. z o. o.,SP Z O O,własność krajowa osób fizycznych,"ul. 3 Maja 133/49, 35-030 Rzeszów",PODKARPACKIE,RZESZÓW,RZESZÓW,RZESZÓW,35-030,608 185 565,sekretariat.polaris-capital@gmail.com,,62.01.Z,2014-10-20
247396676,1247238294,0000015232,Quatnum Services Sp. z o.o.,spółka akcyjna,wałsność prywatan krajowa,"ul Piłsudskiego 150, 35-074 Rzeszów",PODKARPACKIE,RZESZÓW,RZESZÓW,RZESZÓW,35-074,584 821 952,firma.quantum-services@nieistniejaca-domena,https://www.quantum-services-group.eu,66.22.Z,2018-09-16
247475861,1247396679,0000015329,Silesia Invest SP Z O O,S.A.,własność krajowa osób fizycznych,"ulica Sienkiewicza 167, 25-007 Kielce",ŚWIĘTOKRZYSKIE,KIELCE,KIELCE,KIELCE,25-007,+48 777 972 275,kontakt@onet.pl,https://www.silesia-invest-group.local,66.22.Z,2023-04-08
247555057,1247396679,0000015426,Vistula Fintech spółka z ograniczoną odpowiedzialnością,SA,własność krajowa osób fizycznych,"Warszawska 4, 25-512 Kielce",ŚWIĘTOKRZYSKIE,KIELCE,KIELCE,KIELCE,25-512,(48) 549422741,biuro@interia.pl,https://www.vistula-fintech-group.pl,62.01.Z,2010-05-31
247634242,1247475864,0000015523,Astra Finance Spółka z ograniczoną odpowiedzialnością,prosta spółka akcyjna,własność krajowa osób fizycznych,"ul. Kościuszki 21/11, 10-504 Olsztyn",WARMIŃSKO-MAZURSKIE,OLSZTYN,OLSZTYN,OLSZTYN,10-504,(48) 736762068,office.astra-finance@o2.pl,https://www.astra-finance.com.pl,64.99.Z,2021-05-06
247713438,1247634245,0000015620,Baltic Med Supply S.A.,osoba fizyczna prowadząca działalność gospodarczą,własność krajowa osób fizycznych,"ul Dąbrowszczaków 38, 10-540 Olsztyn",WARMIŃSKO-MAZURSKIE,OLSZTYN,OLSZTYN,OLSZTYN,10-540,(48) 607771014,kontakt.baltic-med-supply@proton.me,https://baltic-med-supply.eu,62.01.Z,2018-10-22
247792627,1247634245,0000015717,Helios Markets SA,spółka z ograniczoną odpowiedzialnością,własność prywatna krajowa,"ulica Krakowska 55, 45-018 Opole",OPOLSKIE,OPOLE,OPOLE,OPOLE,45-018,48-618-767-067,biuro.helios-markets.gmail.com,,66.22.Z,2019-12-15
247871812,1247713430,0000015814,Lumen Advisory S. A.,sp. z o.o.,własność prywatna krajowa,"Ozimska 72, 45-057 Opole",OPOLSKIE,OPOLE,OPOLE,OPOLE,45-057,(48) 568107306,sekretariat.lumen-advisory@yahoo.com,https://www.lumen-advisory-group.pl,64.99.Z,2025-11-15
247951008,1247871815,0000015911,Nova Data Spółka Akcyjna,sp z oo,własność krajowa osób fizycznych,"ul. Bohaterów Westerplatte 89/63, 65-034 Zielona Góra",LUBUSKIE,ZIELONA GÓRA,ZIELONA GÓRA,ZIELONA GÓRA,65-034,653435097,firma.nova-data@icloud.com,https://www.nova-data-group.com.pl,66.22.Z,2022-04-26
248030196,1247871815,0000016008,Optima Trade sp. z o.o.,SP Z O O,własność krajowa osób fizycznych,"ul Kupiecka 106, 65-058 Zielona Góra",LUBUSKIE,ZIELONA GÓRA,ZIELONA GÓRA,ZIELONA GÓRA,65-058,(48) 743819757,kontakt@gmail.com,https://www.optima-trade.eu,62.01.Z,2017-09-21
248109383,1247951000,0000016105,Polaris Capital sp z oo,spółka akcyjna,własność prywatna krajowa,"ulica Świętojańska 123, 81-372 Gdynia",POMORSKIE,GDYNIA,GDYNIA,GDYNIA,81-372,607691642,biuro@wp.pl,https://polaris-capital.local,62.02.Z,2013-12-21
248188572,1248030199,0000016202,Quantum Services sp. z o. o.,S.A.,własność prywatna krajowa,"10 Lutego 140, 81-364 Gdynia",POMORSKIE,GDYNIA,GDYNIA,GDYNIA,81-364,774648575,office.quantum-services@nieistniejaca-domena,https://www.quantum-services-group.pl,62.02.Z,2019-08-15
248267768,1248109386,0000016299,Silesia Invest Sp. z o.o.,SA,własność prywatna krajowa,"ul. Bolesława Prusa 157/25, 05-800 Pruszków",MAZOWIECKIE,PRUSZKOWSKI,PRUSZKÓW,PRUSZKÓW,05-800,+48 554 749 049,kontakt.silesia-invest@interia.pl,,64.99.Z,2011-09-21
248346953,1248188575,0000016396,Vistula Fintech SP Z O O,prosta spółka akcyjna,własność krajowa osób fizycznych,"ul Kościuszki 174, 05-500 Piaseczno",MAZOWIECKIE,PIASECZYŃSKI,PIASECZNO,PIASECZNO,05-500,(48) 694527563,biuro.vistula-fintech@o2.pl,https://www.vistula-fintech-group.eu,66.22.Z,2018-10-08
248426149,2248267760,0000016493,Astra Finance spółka z ograniczoną odpowiedzialnością,osoba fizyczna prowadząca działalność gospodarczą,własność prywatna krajowa,"ulica Sienkiewicza 11, 32-020 Wieliczka",MAŁOPOLSKIE,WIELICKI,WIELICZKA,WIELICZKA,32-020,+48 563 865 907,sekretariat.astra-finance@proton.me,https://www.astra-finance.local,64.99.Z,2021-08-02
248505334,1248346956,0000016590,Baltic Med Supply Spółka z ograniczoną odpowiedzialnością,spółka z ograniczoną odpowiedzialnością,własność krajowa osób fizycznych,"Dąbrowskiego 28, 32-600 Oświęcim",MAŁOPOLSKIE,OŚWIĘCIMSKI,OŚWIĘCIM,OŚWIĘCIM,32-600,706915857,firma.baltic-med-supply@outlook.com,https://baltic-med-supply.pl,62.02.Z,2013-07-24
248584523,1248426141,0000016687,Helios Markets S.A.,sp. z o.o.,własność krajowa osób fizycznych,"ul. Rynek 45/77, 38-400 Krosno",PODKARPACKIE,KROŚNIEŃSKI,KROSNO,KROSNO,38-400,+48 532 895 726,kontakt.gmail.com,https://www.helios-markets-group.com.pl,62.02.Z,2022-07-16
248663719,1248505337,0000016784,Lumen Advisory SA,sp z oo,własność prywatna krajowa,"ul Mickiewicza 62, 39-300 Mielec",PODKARPACKIE,MIELECKI,MIELEC,MIELEC,39-300,+48 607 264 282,biuro@icloud.com,https://www.lumen-advisory-group.eu,62.01.Z,2022-05-05
248742904,1248584526,0000016881,Nova Data S. A.,SP Z O O,własność krajowa osób fizycznych,"os. Długa 79, 58-100 Świdnica",DOLNOŚLĄSKIE,ŚWIDNICKI,ŚWIDNICA,ŚWIDNICA,58-100,+48 602 806 610,office.nova-data@gmail.com,,62.02.Z,2017-10-22
248822098,1248663711,0000016978,Optima Trade Spółka Akcyjna,spółka akcyjna,własność krajowa osób fizycznych,"96, 57-300 Kłodzko",DOLNOŚLĄSKIE,KŁODZKI,KŁODZKO,KŁODZKO,57-300,523 210 247,kontakt.optima-trade@wp.pl,https://www.optima-trade.pl,62.02.Z,2022-09-06
248901283,1248742907,0000017075,Polaris Capital sp. z o.o.,S.A.,własność krajowa osób fizycznych,"ul. Chrobrego 113/39, 62-200 Gniezno",WIELKOPOLSKIE,GNIEŹNIEŃSKI,GNIEZNO,GNIEZNO,62-200,(48) 617453300,biuro.polaris-capital@onet.pl,https://polaris-capital.com.pl,64.99.Z,2020-08-09
248980472,1248822090,0000017172,Quantum Services sp z oo,SA,własność krajowa osób fizycznych,"ul Słowiańska 130, 64-100 Leszno",WIELKOPOLSKIE,LESZCZYŃSKI,LESZNO,LESZNO,64-100,687 451 465,sekretariat.quantum-services@nieistniejaca-domena,https://www.quantum-services-group.eu,62.01.Z,2024-09-14
249059664,1248901286,0000017269,Silesia Invest sp. z o. o.,prosta spółka akcyjna,własność prywatna krajowa,"ulica Gdańska 147, 83-110 Tczew",POMORSKIE,TCZEWSKI,TCZEW,TCZEW,83-110,+48 541 463 719,firma.silesia-invest@o2.pl,https://www.silesia-invest-group.local,64.99.Z,2019-02-16
249218045,1248980475,0000017366,Vistula Fintech Sp. z o.o.,osoba fizyczna prowadząca działalność gospodarczą,własność prywatna krajowa,"Sobieskiego 164, 84-200 Wejherowo",POMORSKIE,WEJHEROWSKI,WEJHEROWO,WEJHEROWO,84-200,679248136,kontakt@proton.me,https://www.vistula-fintech-group.pl,64.99.Z,2013-02-01
249218045,1249059667,0000017463,Astra Finance SP Z O O,spółka z ograniczoną odpowiedzialnością,własność prywatna krajowa,"ul. Głęboka 1/1, 43-400 Cieszyn",ŚLĄSKIE,CIESZYŃSKI,CIESZYN,CIESZYN,43-400,567 456 544,biuro@outlook.com,,62.01.Z,2018-11-04
249297234,1249138852,0000017560,Baltic Med Supply spółka z ograniczoną odpowiedzialnością,sp. z o.o.,własność krajowa osób fizycznych,"ul Małachowskiego 18, 42-500 Będzin",ŚLĄSKIE,BĘDZIŃSKI,BĘDZIN,BĘDZIN,42-500,792 335 714,office.baltic-med-supply@yahoo.com,https://baltic-med-supply.eu,64.99.Z,2014-04-01
249455615,1249218048,0000017657,Helios Markets Spółka z ograniczoną odpowiedzialnością,sp z oo,własność prywatna krajowa,"ulica Królowej Jadwigi 35, 88-100 Inowrocław",KUJAWSKO-POMORSKIE,INOWROCŁAWSKI,INOWROCŁAW,INOWROCŁAW,88-100,723 850 420,kontakt.helios-markets.gmail.com,https://www.helios-markets-group.local,62.01.Z,2022-01-06
249455615,1249297237,0000017754,Lumen Advisory S.A.,SP Z O O,własność krajowa osób fizycznych,"Wybickiego 52, 86-300",KUJAWSKO-POMORSKIE,GRUDZIĄDZ,GRUDZIĄDZ,,86-300,+48 552 541 838,biuro.lumen-advisory@gmail.com,https://www.lumen-advisory-group.pl,66.22.Z,2015-01-04
249534800,1249376422,0000017851,Nova Data SA,spółka akcyjna,własność krajowa osób fizycznych,"ul. Czarnieckiego 69/53, 14-100 Ostróda",WARMIŃSKO-MAZURSKIE,OSTRÓDZKI,OSTRÓDA,OSTRÓDA,14-100,+48 545 439 724,sekretariat.nova-data@wp.pl,https://www.nova-data-group.com.pl,62.02.Z,2021-07-20
249613994,1249455618,0000017948,Optima Trade S. A.,S.A.,własność prywatna krajowa,"ul Warszawska 86, 11-500 Giżycko",WARMIŃSKO-MAZURSKIE,GIŻYCKI,GIŻYCKO,GIŻYCKO,11-500,(48) 615298837,firma.optima-trade@onet.pl,https://www.optima-trade.eu,66.22.Z,2024-06-08
249693183,1249534803,0000018045,Polaris Capital Spółka Akcyjna,SA,własność krajowa osób fizycznych,"ulica Nieistniejąca 103, 99-999 Nibylandia",NIEZNANE,NIEISTNIEJĄCY,NIEISTNIEJĄCA,NIBYLANDIA,99-999,48-742-853-229,kontakt@interia.pl,,64.99.Z,2011-01-05
249772379,1249613997,0000018142,Quantum Services sp. z o.o.,prosta spółka akcyjna,własność prywatna krajowa,"Staszica 120, 22-400 Zamość",LUBELSKIE,ZAMOŚĆ,ZAMOŚĆ,ZAMOŚĆ,22-400,693952400,biuro@nieistniejaca-domena,https://www.quantum-services-group.pl,64.99.Z,2012-01-07
249851564,1249693186,0000018239,Silesia Invest sp z oo,osoba fizyczna prowadząca działalność gospodarczą,własność krajowa osób fizycznych,"ul. 3 Maja 137/15, 16-300 Augustów",PODLASKIE,AUGUSTOWSKI,AUGUSTÓW,AUGUSTÓW,16-300,48-590-831-683,office.silesia-invest@proton.me,https://www.silesia-invest-group.com.pl,64.99.Z,2020-03-12
350009941,1249772371,0000018336,Vistula Fintech sp. z o. o.,spółka z ograniczoną odpowiedzialnością,własność krajowa osób fizycznych,"ul Kościuszki 154, 16-400 Suwałki",PODLASKIE,SUWAŁKI,SUWAŁKI,SUWAŁKI,16-400,616786083,kontakt.vistula-fintech@outlook.com,https://www.vistula-fintech-group.eu,64.99.Z,2010-11-01
250009941,1249851567,0000018433,Astra Finance Sp. z o.o.,sp. z o.o.,własność prywatna krajowa,"ulica Piastowska 171, 48-300 Nysa",OPOLSKIE,NYSA,NYSA,NYSA,48-300,741259020,biuro.astra-finance@yahoo.com,https://www.astra-finance.local,62.01.Z,2020-04-11
250089130,1249930752,0000018530,Baltic Med Supply SP Z O O,sp z oo,własność krajowa osób fizycznych,"Długa 8, 49-300 Brzeg",OPOLSKIE,BRZESKI,BRZEG,BRZEG,49-300,(48) 510643973,sekretariat.baltic-med-supply@icloud.com,https://baltic-med-supply.pl,62.01.Z,2023-12-22
250168326,1250009942,0000018627,Helios Markets spółka z ograniczoną odpowiedzialnością,SP Z O O,własność krajowa osób fizycznych,"ul. Rynek 25/67, 68-200 Żary",LUBUSKIE,ŻARSKI,ŻARY,ŻARY,68-200,(48) 774482794,firma.helios-markets.gmail.com,,62.02.Z,2014-03-26
250247511,1250089131,0000018724,Lumen Advisory Spółka z ograniczoną odpowiedzialnością,spółka akcyjna,własność krajowa osób fizycznych,"ul Sikorskiego 42, 66-200 Świebodzin",LUBUSKIE,ŚWIEBODZIŃSKI,ŚWIEBODZIN,ŚWIEBODZIN,66-200,645574497,kontakt@wp.pl,https://www.lumen-advisory-group.eu,64.99.Z,2017-04-10
250326707,1250168327,0000018821,Nova Data S.A.,S.A.,własność krajowa osób fizycznych,"ulica Armii Krajowej 59, 78-100 Kołobrzeg",ZACHODNIOPOMORSKIE,KOŁOBRZESKI,KOŁOBRZEG,KOŁOBRZEG,78-100,673917386,biuro@onet.pl,https://www.nova-data-group.local,62.01.Z,2023-08-17
250405890,1250247512,0000018918,Optima Trade SA,SA,własność prywatna krajowa,"Piłsudskiego 76, 73-110 Stargard",ZACHODNIOPOMORSKIE,STARGARDZKI,STARGARD,STARGARD,73-110,(48) 726301352,office.optima-trade@interia.pl,https://www.optima-trade.pl,64.99.Z,2021-08-01
250564275,1250326708,0000019015,Polaris Capital S. A.,prosta spółka akcyjna,własność prywatna krajowa,"93/29, 27-600 Sandomierz",ŚWIĘTOKRZYSKIE,SANDOMIERSKI,SANDOMIERZ,SANDOMIERZ,27-600,48-671-598-952,kontakt.polaris-capital@o2.pl,https://polaris-capital.com.pl,64.99.Z,2021-09-11
250564275,1250405891,0000019112,Quantum Services Spółka Akcyjna,osoba fizyczna prowadząca działalność gospodarczą,własność krajowa osób fizycznych,"ul Sienkiewicza 110, 27-400 Ostrowiec Świętokrzyski",ŚWIĘTOKRZYSKIE,OSTROWIECKI,OSTROWIEC ŚWIĘTOKRZYSKI,OSTROWIEC ŚWIĘTOKRZYSKI,27-400,+48 737 821 109,biuro.quantum-services@nieistniejaca-domena,https://www.quantum-services-group.eu,62.01.Z,2015-01-11
250643460,1250485080,0000019209,Silesia Invest sp. z o.o.,spółka z ograniczoną odpowiedzialnością,własność krajowa osób fizycznych,"ulica Marszałkowska 127, 00-590 Warszawa",MAZOWIECKIE,WARSZAWA,WARSZAWA,WARSZAWA,00-590,(48) 647356822,sekretariat.silesia-invest@outlook.com,,64.99.Z,2010-07-22
250722656,1250564276,0000019306,Vistula Fintech sp z oo,sp. z o.o.,własność prywatna krajowa,"Krakowskie Przedmieście 144, 00-071 Warszawa",MAZOWIECKIE,WARSZAWA,WARSZAWA,WARSZAWA,00-071,(48) 628946870,firma.vistula-fintech@yahoo.com,https://www.vistula-fintech-group.pl,62.02.Z,2018-11-10
