name,nip,statusVat,regon,pesel,krs,residenceAddress,workingAddress,accountNumbers,hasVirtualAccounts,registrationLegalDate,removalDate
Facebook - Meta,1234805466,AKTYWNY,,60021406849,0000000008,"os. Marszałkowska 1/1, 00-590 Warszawa","os. Marszałkowska 1/1, 00-590 Warszawa",13326270248233305893236880,False,2015/19/07,2015/12/12
Polskie Przetwory sp z oo,1234884655,AKTYWNY,,61032108236,0000000105,"ul Krakowskie Przedmieście 18, 00-071 Warszawa","ul Krakowskie Przedmieście 18, 00-071 Warszawa",04521401942858273810051846,False,26-08-2016,23-08-2021
Hurtownia Nabiału Mleczko sp. z o. o.,1234963840,AKTYWNY,,62042809586,0000000202,"ulica Floriańska 35, 31-019 Kraków","ulica Floriańska 35, 31-019 Kraków",14851461196894955594913303,True,2017-05-09,2017-26-02
Agencja Reklamowa Kreatywni Sp. z o.o.,1235043030,AKTYWNY,,63050710972,0000000299,"Długa 52, 31-147 Kraków","Długa 52, 31-147 Kraków",28155640451735815624364698,False,20181012,20221217
Kancelaria Prawna Sankcja SP Z O O,1235122226,AKTYWNY,,64061412321,0000000396,"ul. Piotrkowska 69/53, 90-102 Łódź","ul. Piotrkowska 69/53, 90-102 Łódź",58832676109275201080501172,False,19/11/2019,01/06/2024
Śląskie Zakłady Mechaniczne spółka z ograniczoną odpowiedzialnością,1235201411,AKTYWNY,,65072113717,0000000493,"ul Zachodnia 86, 90-402 Łódź","ul Zachodnia 86, 90-402 Łódź",15583899266966632022015674,True,2020/26/12,2020/19/05
Fabryka Okien i Drzwi Profil Spółka z ograniczoną odpowiedzialnością,1235280600,AKTYWNY,,66082815068,0000000590,"ulica Świdnicka 103, 50-066 Wrocław","ulica Świdnicka 103, 50-066 Wrocław",75269041247646653999029120,False,05-01-2021,25-01-2020
Przedsiębiorstwo Robót Drogowych S.A.,1235359796,AKTYWNY,,67090716451,0000000687,"Legnicka 120, 54-203 Wrocław","Legnicka 120, 54-203 Wrocław",51903758900026900403365383,True,2022-12-02,2021-11-08
Krakowskie Biuro Nieruchomości SA,1235438981,AKTYWNY,,68101417802,0000000784,"ul. Święty Marcin 137/15, 61-806 Poznań","ul. Święty Marcin 137/15, 61-806 Poznań",15107773585418382603168375,False,20230319,20211113
Salon Samochodowy Auto-Hit S. A.,1235518177,AKTYWNY,,69112119190,0000000881,"ul Głogowska 154, 60-734 Poznań","ul Głogowska 154, 60-734 Poznań",89 7586 6823 3611 8170 6680 9300,False,26/04/2024,19/09/2024
Klinika Stomatologiczna Dent-Med Spółka Akcyjna,1235597366,AKTYWNY,,70122820541,0000000978,"ulica Długa 171, 80-831 Gdańsk","ulica Długa 171, 80-831 Gdańsk",71 7016 3704 6826 7545 5756 4895,True,2025/05/05,2025/26/10
Polski Tytoń sp. z o.o.,1235676551,AKTYWNY,,71010721939,0000001075,"Grunwaldzka 8, 80-236 Gdańsk","Grunwaldzka 8, 80-236 Gdańsk",64 4746 5102 7161 4753 4529 6928,True,12-06-2026,05-11-2026
Gdańska Stocznia Jachtowa sp z oo,1235755747,AKTYWNY,,72021423289,0000001172,"ul. Jagiellońska 25/67, 70-435 Szczecin","ul. Jagiellońska 25/67, 70-435 Szczecin",99 1569 9804 8938 4118 9245 2139,False,2015-19-07,2015-12-12
Wytwórnia Makaronu Jajecznego sp. z o. o.,1235834932,AKTYWNY,,73032124675,0000001269,"ul Wyszyńskiego 42, 70-200 Szczecin","ul Wyszyńskiego 42, 70-200 Szczecin",47850103403013111334862395,False,20160826,20200305
Zakłady Mięsne Tradycja Sp. z o.o.,1235914128,AKTYWNY,,74042826025,0000001366,"ulica Mariacka 59, 40-014 Katowice","ulica Mariacka 59, 40-014 Katowice",22013625243720396504218573,False,05/09/2017,12/04/2021
Spółdzielnia Mleczarska Radomsko SP Z O O,1235993317,AKTYWNY,,75050727418,0000001463,"Warszawska 76, 40-009 Katowice","Warszawska 76, 40-009 Katowice",02403663119255574857101208,False,2018/12/10,2023/13/10
Kancelaria Finansowo-Księgowa Bilans spółka z ograniczoną odpowiedzialnością,1236072507,AKTYWNY,,76061428767,0000001560,"ul. Krakowskie Przedmieście 93/29, 20-002 Lublin","ul. Krakowskie Przedmieście 93/29, 20-002 Lublin",69 5289 3220 9564 2452 5916 2238,True,19-11-2019,12-04-2019
,1236151690,AKTYWNY,,77072130157,0000001657,"ul Narutowicza 110, 20-004 Lublin","ul Narutowicza 110, 20-004 Lublin",,,,
Polskie Linie Oceaniczne S.A.,1236230886,AKTYWNY,,78082831506,0000001754,"ulica Lipowa 127, 15-424 Białystok","ulica Lipowa 127, 15-424 Białystok",54243830408237050705859496,True,20210105,20210628
Hurtownia Materiałów Budowlanych Cegiełka SA,1236310071,AKTYWNY,,79090732890,0000001851,"Sienkiewicza 144, Białystok","Sienkiewicza 144, Białystok",86410193829779756031588842,False,12/02/2022,08/11/2020
PPHU Studio Projektowe Architektura,1236389262,AKTYWNY,,80101434241,0000001948,"ul. Gdańska 161/81, 85-005 Bydgoszcz","ul. Gdańska 161/81, 85-005 Bydgoszcz",16 4888 9356 7436 6465 8802 5553,False,2023/19/03,2023/12/08
Centrum Medycyny Pracy Spółka Akcyjna,1236468458,AKTYWNY,,81112135637,0000002045,"ul Dworcowa 178, 85-009 Bydgoszcz","ul Dworcowa 178, 85-009 Bydgoszcz",92340208575457241735020603,True,26-04-2024,06-11-2021
Przedsiębiorstwo Energetyki Cieplnej sp. z o.o.,1236547643,AKTYWNY,,82122836987,0000002142,"ulica Szeroka 15, 87-100 Toruń","ulica Szeroka 15, 87-100 Toruń",77 5848 3328 6468 6320 9514 2166,False,2025-05-05,2025-26-10
Gospodarstwo Rolno-Ogrodnicze sp z oo,1236626839,AKTYWNY,,83010738376,0000002239,"Chełmińska 32, 87-100 Toruń","Chełmińska 32, 87-100 Toruń",82 7089 9889 6693 6636 9986 6976,False,20260612,20261105
Drukarnia Wielkoformatowa Impress sp. z o. o.,1236706024,AKTYWNY,,84021439724,0000002336,"ul. 3 Maja 49/43, 35-030 Rzeszów","ul. 3 Maja 49/43, 35-030 Rzeszów",32785530116504621220160736,True,19/07/2015,22/07/2023
Klub Fitness Sylwetka Sp. z o.o.,1236785213,AKTYWNY,,85032141114,0000002433,"ul Piłsudskiego 66, 35-074 Rzeszów","ul Piłsudskiego 66, 35-074 Rzeszów",65 9689 9458 1214 3090 7990 5139,True,2016/26/08,2016/19/01
Polska Grupa Energetyczna SP Z O O,1236864409,AKTYWNY,,86042842464,0000002530,"ulica Sienkiewicza 83, 25-007 Kielce","ulica Sienkiewicza 83, 25-007 Kielce",35 2001 1097 4381 2542 3583 6248,True,05-09-2017,26-02-2017
Mazowieckie Zakłady Drobiarskie spółka z ograniczoną odpowiedzialnością,1236943592,AKTYWNY,,87050743857,0000002627,"Warszawska 100, 25-512 Kielce","Warszawska 100, 25-512 Kielce",51 7786 2727 3009 2857 7787 1352,True,2018-12-10,2018-05-03
Hurtownia Farmaceutyczna Aptekarz Spółka z ograniczoną odpowiedzialnością,1237022782,AKTYWNY,,88061445206,0000002724,"ul. Kościuszki 117/5, 10-504 Olsztyn","ul. Kościuszki 117/5, 10-504 Olsztyn",96108201602725630582958242,True,20191119,20240406
Kancelaria Notarialna Lex S.A.,1237101978,AKTYWNY,,89072146593,0000002821,"os. Dąbrowszczaków 134, 10-540 Olsztyn","os. Dąbrowszczaków 134, 10-540 Olsztyn",82112651581052138156023974,True,26/12/2020,19/05/2020
Biuro Podróży Wojażer SA,1237181167,AKTYWNY,,90082847941,0000002918,"ulica Krakowska 151, 45-018 Opole","ulica Krakowska 151, 45-018 Opole",06371769247603596413660581,True,2021/05/01,2021/26/06
Szkoła Języków Obcych Lingua S. A.,1237260352,AKTYWNY,,91090749335,0000003015,"Ozimska 168, 45-057 Opole","Ozimska 168, 45-057 Opole",45 4828 8969 1504 1449 8465 2353,False,12-02-2022,05-07-2022
Centrum Logistyczne Podlasie Spółka Akcyjna,1247339575,AKTYWNY,,92101450680,0000003112,"ul. Bohaterów Westerplatte 5/57, 65-034 Zielona Góra","ul. Bohaterów Westerplatte 5/57, 65-034 Zielona Góra",10 8189 4055 1907 4577 7893 3103,False,2023-19-03,2023-12-08
Fabryka Mebli Drewnianych Dąb sp. z o.o.,1237418735,AKTYWNY,,93112152077,0000003209,"ul Kupiecka 22, 65-058 Zielona Góra","ul Kupiecka 22, 65-058 Zielona Góra",47 1128 8962 5636 7616 7337 6862,True,20240426,20240919
Polskie Sady sp z oo,1237497924,AKTYWNY,,94122853426,0000003306,"ulica Świętojańska 39, 81-372 Gdynia","ulica Świętojańska 39, 81-372 Gdynia",69 3147 5577 5652 9756 7662 7530,False,05/05/2025,26/10/2025
Wielkopolska Hurtownia Stali sp. z o. o.,1247577145,AKTYWNY,,95010754814,0000003403,"10 Lutego 56, 81-364 Gdynia","10 Lutego 56, 81-364 Gdynia",17 1431 1050 1394 6574 5178 2179,True,2026/12/06,2026/05/11
Zakład Oczyszczania Miasta Sp. z o.o.,1237656305,AKTYWNY,,96021456164,0000003500,"ul. Bolesława Prusa 73/19, 05-800 Pruszków","ul. Bolesława Prusa 73/19, 05-800 Pruszków",53 8323 7958 5686 4421 5055 3450,True,19-07-2015,12-12-2015
Przedsiębiorstwo Wodociągów i Kanalizacji SP Z O O,1237735499,AKTYWNY,,97032157550,0000003597,05-500 Piaseczno,05-500 Piaseczno,61 9019 1427 9547 7346 1071 1243,True,2016-26-08,2016-19-01
Instytut Badań Rynkowych spółka z ograniczoną odpowiedzialnością,1237814684,AKTYWNY,,98042858909,0000003694,"ulica Sienkiewicza 107, 32-020 Wieliczka","ulica Sienkiewicza 107, 32-020 Wieliczka",36190135664156966891487285,True,20170905,20221002
Agencja Ochrony Solidna Spółka z ograniczoną odpowiedzialnością,1237893873,AKTYWNY,,99050760297,0000003791,"Dąbrowskiego 124, 32-600 Oświęcim","Dąbrowskiego 124, 32-600 Oświęcim",87 6058 1165 4153 1596 6560 1707,False,12/10/2018,05/03/2018
Instagram - Meta,1237973069,AKTYWNY,,00261461640,0000003888,"ul. Rynek 141/71, 38-400 Krosno","ul. Rynek 141/71, 38-400 Krosno",14424446731522305123680769,False,2019/19/11,2019/12/04
Krajowa Izba Gospodarcza SA,1238052259,AKTYWNY,,01272163037,0000003985,"ul Mickiewicza 158, 39-300 Mielec","ul Mickiewicza 158, 39-300 Mielec",90025651052963670391687079,True,26-12-2020,05-09-2026
Polskie Zakłady Lotnicze S. A.,1238131444,AKTYWNY,,02282864387,0000004082,"175, 58-100 Świdnica","175, 58-100 Świdnica",35 5438 5229 4831 5684 5295 5323,False,2021-05-01,2021-26-06
Hurtownia Elektryczna Wat Spółka Akcyjna,1248210665,AKTYWNY,,03290765770,0000004179,"Wojska Polskiego 12, 57-300 Kłodzko","Wojska Polskiego 12, 57-300 Kłodzko",57 8410 8709 4000 1435 5885 6310,True,20220212,20220705
Centrum Ogrodnicze Zielona Oaza sp. z o.o.,1238289820,AKTYWNY,,04301467122,0000004276,"ul. Chrobrego 29/33, 62-200 Gniezno","ul. Chrobrego 29/33, 62-200 Gniezno",73 7148 2187 2862 8745 8963 8151,True,19/03/2023,12/08/2023
Piekarnia i Cukiernia Chrupiący Rogalik sp z oo,1238369016,AKTYWNY,,05312168518,0000004373,"ul Słowiańska 46, 64-100 Leszno","ul Słowiańska 46, 64-100 Leszno",97842284175870224084854883,True,2024/26/04,2024/28/09
Zakład Usług Komunalnych sp. z o. o.,1238448201,AKTYWNY,,60122869864,0000004470,"ulica Gdańska 63, 83-110 Tczew","ulica Gdańska 63, 83-110 Tczew",40 7660 3984 7536 8384 1341 8155,False,05-05-2025,26-10-2025
Polski Komfort Sp. z o.o.,1238527395,AKTYWNY,,61010771256,0000004567,"Sobieskiego 80, 84-200 Wejherowo","Sobieskiego 80, 84-200 Wejherowo",25719194865260210791113297,False,2026-12-06,2026-05-11
Kancelaria Radców Prawnych Partnerzy SP Z O O,1238606580,AKTYWNY,,62021472604,0000004664,"ul. Głęboka 97/85, 43-400 Cieszyn","ul. Głęboka 97/85, 43-400 Cieszyn",82 3487 5088 3862 7303 5744 1672,True,20150719,20151212
Centrum Dystrybucji Alkoholi spółka z ograniczoną odpowiedzialnością,1248685807,AKTYWNY,,63032173991,0000004761,"114, 42-500 Będzin","114, 42-500 Będzin",99659463854206812171847506,True,26/08/2016,26/09/2022
Przedsiębiorstwo Spedycyjne Ładunek Spółka z ograniczoną odpowiedzialnością,1238764965,AKTYWNY,,64042875341,0000004858,"ulica Królowej Jadwigi 131, 88-100 Inowrocław","ulica Królowej Jadwigi 131, 88-100 Inowrocław",37378645078730931665956661,False,2017/05/09,2017/26/02
Fabryka Tekstyliów Splot S.A.,1238844150,AKTYWNY,,65050776734,0000004955,"Wybickiego 148, 86-300 Grudziądz","Wybickiego 148, 86-300 Grudziądz",45332738620200028199130210,True,12-10-2018,05-03-2018
Górnośląskie Towarzystwo Finansowe SA,1238923346,AKTYWNY,,66061478084,0000005052,"ul. Czarnieckiego 165/47, 14-100 Ostróda","ul. Czarnieckiego 165/47, 14-100 Ostróda",63563954637537244414353152,False,2019-19-11,2019-12-04
Krajowa Agencja Informacyjna S. A.,1239002536,AKTYWNY,,67072179470,0000005149,"ul Nieistniejąca 2, 99-999 Nibylandia","ul Nieistniejąca 2, 99-999 Nibylandia",46 7768 6973 5256 3505 7757 5320,False,20201226,20200519
Polskie Jagody Spółka Akcyjna,1239081725,AKTYWNY,,68082880822,0000005246,"ulica Lubelska 19, 24-100 Puławy","ulica Lubelska 19, 24-100 Puławy",28331918237210162279055664,True,05/01/2021,13/03/2026
Zielony Amber sp. z o.o.,1239160910,AKTYWNY,,69090782216,0000005343,"Staszica 36, 22-400 Zamość","Staszica 36, 22-400 Zamość",91946234142231735286298255,False,2022/12/02,2022/05/07
Niebieski Horyzont sp z oo,1239240106,AKTYWNY,,70101483567,0000005440,"53/9, 16-300 Augustów","53/9, 16-300 Augustów",77 4279 7270 8447 4455 5660 9553,False,19-03-2023,12-08-2023
Złoty Oaza sp. z o. .,1239319291,AKTYWNY,,71112184953,0000005537,"ul Kościuszki 70, 16-400 Suwałki","ul Kościuszki 70, 16-400 Suwałki",74 9603 8320 3304 4933 5205 3129,True,2024-26-04,2024-19-09
Srebrny Zefir Sp. z o.o.,1239398480,AKTYWNY,,72122886303,0000005634,"os. Piastowska 87, 48-300 Nysa","os. Piastowska 87, 48-300 Nysa",17 4565 4833 6115 5248 2621 3897,True,20250505,20251026
Czysty Pilica SP Z O O,1239477676,AKTYWNY,,73010787692,0000005731,"Długa 104, 49-300 Brzeg","Długa 104, 49-300 Brzeg",63559782244445277607572597,True,12/06/2026,01/07/2021
P.P.H.U. Szybki Marmur,1239556861,AKTYWNY,,74021489041,0000005828,"ul. Rynek 121/61, 68-200 Żary","ul. Rynek 121/61, 68-200 Żary",36 2442 8110 1806 1824 6489 3219,True,2015/19/07,2015/12/12
Pewny Giewont Spółka z ograniczoną odpowiedzialnością,1239636057,AKTYWNY,,75032190430,0000005925,"ul Sikorskiego 138, 66-200 Świebodzin","ul Sikorskiego 138, 66-200 Świebodzin",68170234918999794215552758,False,26-08-2016,13-01-2025
Dobry Sudety S.A.,1239715242,AKTYWNY,,76042891780,0000006022,"ulica Armii Krajowej 155, 78-100 Kołobrzeg","ulica Armii Krajowej 155, 78-100 Kołobrzeg",50 9488 9790 1944 9290 5300 3201,False,2017-05-09,2017-26-02
Polski Gryf SA,1239794431,AKTYWNY,,77050793174,0000006119,"Piłsudskiego 172, 73-110 Stargard","Piłsudskiego 172, 73-110 Stargard",34638020113682312261481152,True,20181012,20260813
Europejski Neon S. A.,1239873627,AKTYWNY,,78061494522,0000006216,"ul. Mickiewicza 9/23, 27-600 Sandomierz","ul. Mickiewicza 9/23, 27-600 Sandomierz",63 3719 7156 1422 5574 9175 8254,False,19/11/2019,12/04/2019
Globalny Wektor Spółka Akcyjna,1239952812,AKTYWNY,,79072195918,0000006313,"ul Sienkiewicza 26, 27-400 Ostrowiec Świętokrzyski","ul Sienkiewicza 26, 27-400 Ostrowiec Świętokrzyski",89861186576030950528392644,True,2020/26/12,2024/17/10
Lokalny Noteć sp. z o.o.,1240032000,AKTYWNY,,80082897268,0000006410,"ulica Chmielna 43, 00-020 Warszawa","ulica Chmielna 43, 00-020 Warszawa",77057403208971067722722685,True,05-01-2021,26-06-2021
Nowoczesny Granit sp z oo,1240111194,AKTYWNY,,81090798651,0000006507,"Nowy Świat 60, 00-029 Warszawa","Nowy Świat 60, 00-029 Warszawa",46 6764 3592 3744 7679 7233 3894,False,2022-12-02,2022-05-07
Tradycyjny Narcyz sp. z o. o.,1240190383,AKTYWNY,,82101400006,0000006604,"ul. os. Przyjaźń 77/75, 01-355 Warszawa","ul. os. Przyjaźń 77/75, 01-355 Warszawa",02924480679215350596702581,True,20230319,20260728
Dynamiczny Bałtyk Sp. z o.o.,1240269570,AKTYWNY,,83112101393,0000006701,"ul Jagiellońska 94, 05-120 Legionowo","ul Jagiellońska 94, 05-120 Legionowo",99089058445101873169551369,False,26/04/2024,19/09/2024
Stabilny Falcon SP Z O O,1240348766,AKTYWNY,,84122802742,0000006798,"ulica Piłsudskiego 111, 05-270 Marki","ulica Piłsudskiego 111, 05-270 Marki",61755593946058186960480713,True,2025/05/05,2023/26/11
Innowacyjny Magnolia spółka z ograniczoną odpowiedzialnością,1240427951,AKTYWNY,,85010704131,0000006895,"Andriollego 128, 05-400 Otwock","Andriollego 128, 05-400 Otwock",04100821615474771190136680,False,12-06-2026,08-03-2024
Kreatywny Uran Spółka z ograniczoną odpowiedzialnością,1240507147,AKTYWNY,,86021405480,0000006992,"ul. Żeromskiego 145/37, 26-600 Radom","ul. Żeromskiego 145/37, 26-600 Radom",20674295558925347197511309,False,2015-19-07,2015-12-12
Aktywny Barycz S.A.,1240586336,AKTYWNY,,87032106876,0000007089,"ul Tumska 162, 09-402 Płock","ul Tumska 162, 09-402 Płock",96 5145 1341 5435 3263 3316 5466,True,20160826,20160119
Jasny Topaz SA,1240665521,AKTYWNY,,88042808226,0000007186,"ulica Karmelicka 179, 31-128 Kraków","ulica Karmelicka 179, 31-128 Kraków",91 8896 7598 1976 1090 2487 8812,False,05/09/2017,26/02/2017
Green Krokus S. A.,1240744717,AKTYWNY,,89050709619,0000007283,"os. Na Stoku 16, 31-704 Kraków","os. Na Stoku 16, 31-704 Kraków",29317443034950499440857187,False,2018/12/10,2018/05/03
Blue Karpaty Spółka Akcyjna,1240823902,AKTYWNY,,90061410960,0000007380,"ul. Krupówki 33/89, 34-500 Zakopane","ul. Krupówki 33/89, 34-500 Zakopane",93 2882 3508 3276 7219 9217 8958,True,201911190113,12-04-2019
Gold Echo sp. z o.o.,1240903096,AKTYWNY,,91072112357,0000007477,"50, 34-600 Mordarka","50, 34-600 Mordarka",99 8082 6553 7405 7733 6346 6368,False,2020-26-12,2020-19-05
Silver Lotos sp z oo,1240982285,AKTYWNY,,92082813706,0000007574,"ulica Galicyjska 67, 32-087 Zielonki","ulica Galicyjska 67, 32-087 Zielonki",48281021908976505416990014,False,20210105,20210626
Smart Tytan sp. z o. o.,1241061475,AKTYWNY,,93090715091,0000007671,"84, 32-003 Podłęże","84, 32-003 Podłęże",73 1437 7251 3844 6935 8251 8924,False,12/02/2022,05/07/2022
mBank,1241140660,AKTYWNY,,94101416442,0000007768,"ul. Wałowa 101/51, 33-100 Tarnów","ul. Wałowa 101/51, 33-100 Tarnów",65 2301 1010 8091 1220 4239 7000,True,2023/19/03,2023/12/08
Safe Szmaragd SP Z O O,1241219858,AKTYWNY,,95112117838,0000007865,"ul Narutowicza 118, 90-135 Łódź","ul Narutowicza 118, 90-135 Łódź",20229416686617030795651206,True,26-04-2024,20-04-2023
Best Zorza spółka z ograniczoną odpowiedzialnością,1241299047,AKTYWNY,,96122819189,0000007962,"ulica os. Retkinia 135, 94-004 Łódź","ulica os. Retkinia 135, 94-004 Łódź",26 2399 6551 2838 7620 3194 9893,False,2025-05-05,2025-26-10
Global Bieszczady Spółka z ograniczoną odpowiedzialnością,1241378232,AKTYWNY,,97010720570,0000008059,"Zamkowa 152, 95-200","Zamkowa 152, 95-200",82 2595 4681 5365 8187 2300 2254,True,20260612,20261105
Future Delfin S.A.,1241457428,AKTYWNY,,98021421928,0000008156,"ul. Długa 169/13, 95-100 Zgierz","ul. Długa 169/13, 95-100 Zgierz",28 8880 3064 2404 5535 1429 8219,True,19/07/2015,12/12/2015
Wielkopolski Koral SA,1241536613,AKTYWNY,,99032123315,0000008253,"ul Rynek 6, 50-101 Wrocław","ul Rynek 6, 50-101 Wrocław",35219464533238690069684477,True,2016/26/08,2016/19/01
Śląski Szafir S. A.,1241615809,AKTYWNY,,00242824660,0000008350,"ulica Jedności Narodowej 23, 50-260 Wrocław","ulica Jedności Narodowej 23, 50-260 Wrocław",38 8025 8810 5468 1469 3929 2288,True,05-09-2017,201702260113
Mazowiecki Orzeł Spółka Akcyjna,1241694996,AKTYWNY,,01250726054,0000008447,"os. Konstytucji 3 Maja 40, 58-540 Karpacz","os. Konstytucji 3 Maja 40, 58-540 Karpacz",72284082543517544876775522,False,2018-12-10,2018-05-03
Pomorski Kaktus sp. z o.o.,,AKTYWNY,,02261427402,0000008544,"ul. Odrodzenia 57/65, 59-300 Lubin","ul. Odrodzenia 57/65, 59-300 Lubin",20684139347379931739297210,True,20191119,20251211
Dolnośląski Olimp sp z oo,1241853377,AKTYWNY,,03272128799,0000008641,"ul Słowackiego 74, 58-300 Wałbrzych","ul Słowackiego 74, 58-300 Wałbrzych",57174787384995597817395527,False,26/12/2020,21/08/2024
Karpacki Beskid sp. z o. o.,1241932562,AKTYWNY,,04282830142,0000008738,"ulica Półwiejska 91, 61-888 Poznań","ulica Półwiejska 91, 61-888 Poznań",06128949487563584723139023,False,2021/05/01,2021/26/06
Bałtycki Canyon Sp. z o.o.,1242011752,AKTYWNY,,05290731535,0000008835,"os. Bolesława Chrobrego 108, 60-681 Poznań","os. Bolesława Chrobrego 108, 60-681 Poznań",44732616685724800335230298,True,12-02-2022,26-10-2025
Młody Jantar SP Z O O,1242090941,AKTYWNY,,60101432883,0000008932,"ul. Główny Rynek 125/27, 62-800 Kalisz","ul. Główny Rynek 125/27, 62-800 Kalisz",22 7061 5233 7676 1693 6643 3949,False,2023-19-03,2023-12-08
Wspólny Rubin spółka z ograniczoną odpowiedzialnością,1242170137,AKTYWNY,,61112134270,0000009029,"ul Kaliska 142, 63-400 Ostrów Wielkopolski","ul Kaliska 142, 63-400 Ostrów Wielkopolski",39792053444535653384244136,True,20240426,20260621
Pierwszy Sokół Spółka z ograniczoną odpowiedzialnością,1242249324,AKTYWNY,,62122835629,0000009126,"ulica Ogarna 159, 80-826 Gdańsk","ulica Ogarna 159, 80-826 Gdańsk",32900424536983715809962464,False,05/05/2025,26/10/2025
Zielony Lotos S.A.,1252328545,AKTYWNY,,63010737018,0000009223,"os. Jasień 176, 80-180 Gdańsk","os. Jasień 176, 80-180 Gdańsk",02514786631393229259072490,False,2026/12/06,2026/05/11
Niebieski Tytan SA,1242407705,AKTYWNY,,64021438367,0000009320,"ul. Bohaterów Monte Cassino 13/79, 81-759 Sopot","ul. Bohaterów Monte Cassino 13/79, 81-759 Sopot",81709638469042688673857908,False,19-07-2015,12-12-2015
Złoty Kormoran S. A.,1242486892,AKTYWNY,,65032139753,0000009417,"30, 80-209 Chwaszczyno","30, 80-209 Chwaszczyno",06922131195708448192496904,True,2016-26-08,2016-19-01
Srebrny Szmaragd Spółka Akcyjna,1242566088,AKTYWNY,,66042841106,0000009514,"ulica 3 Maja 47, 40-096 Katowice","ulica 3 Maja 47, 40-096 Katowice",76266814439892730249544777,False,20170905,20170226
Czysty Zorza sp. z o.o.,1242645273,AKTYWNY,,67050742490,0000009611,"os. Paderewskiego 64, 40-282 Katowice","os. Paderewskiego 64, 40-282 Katowice",79 7205 7091 3870 3075 5815 6028,True,12/10/2018,05/03/2018
PPHU Szybki Bieszczady,1242724469,AKTYWNY,,68061443848,0000009708,"ul. Zwycięstwa 81/41, 44-100 Gliwice","ul. Zwycięstwa 81/41, 44-100 Gliwice",42 4776 7407 4938 6962 2234 6635,True,2019/19/11,2019/12/04
Pewny Delfin sp. z o. o.,1242803654,AKTYWNY,,69072145235,0000009805,ul Bocheńskiego 98,ul Bocheńskiego 98,85933161882241401152780367,True,26-12-2020,19-05-2020
Dobry Koral Sp. z o.o.,1242882843,AKTYWNY,,70082846584,0000009902,"ulica Najświętszej Maryi Panny 115, 42-200 Częstochowa","ulica Najświętszej Maryi Panny 115, 42-200 Częstochowa",86752659990606625830354175,False,2021-05-01,2026-12-05
Polski Szafir SP Z O O,1242962039,AKTYWNY,,71090747977,0000009999,"11 Listopada 132, 43-300 Bielsko-Biała","11 Listopada 132, 43-300 Bielsko-Biała",96023753468842729044822717,False,20220212,20220705
Europejski Orzeł spółka z ograniczoną odpowiedzialnością,1243041229,AKTYWNY,,72101449329,0000010096,"149/3, 36-047 Niechobrz","149/3, 36-047 Niechobrz",37 8227 9151 5976 5618 1563 1723,True,19/03/2023,12/08/2023
Globalny Kaktus Spółka z ograniczoną odpowiedzialnością,1243120414,AKTYWNY,,73112150718,0000010193,"ul Franciszkańska 166, 37-700 Przemyśl","ul Franciszkańska 166, 37-700 Przemyśl",86779968859685503289438305,False,2024/26/04,2024/19/09
Lokalny Olimp S.A.,1243199605,AKTYWNY,,74122852069,0000010290,"ulica Kościuszki 3, 38-500 Sanok","ulica Kościuszki 3, 38-500 Sanok",44 8796 1559 8862 4744 9641 8181,True,05-05-2025,26-10-2025
Nowoczesny Beskid SA,1243278799,AKTYWNY,,75010753457,0000010387,"Suraska 20, 15-422 Białystok","Suraska 20, 15-422 Białystok",83380983435618519750472986,True,2026-12-06,2026-05-11
Tradycyjny Canyon S. A.,1243357984,AKTYWNY,,76021454805,0000010484,"37/55, 16-030 Ogrodniczki","37/55, 16-030 Ogrodniczki",46565713819779761895464071,True,20150719,20240126
Dynamiczny Jantar Spółka Akcyjna,1253437207,AKTYWNY,,77032156193,0000010581,"ul 3 Maja 54, 17-200 Hajnówka","ul 3 Maja 54, 17-200 Hajnówka",65 8330 8185 6802 9664 5176 9997,False,26/08/2016,19/01/2016
Stabilny Rubin sp. z o.o.,1243516365,AKTYWNY,,78042857542,0000010678,"ulica os. LSM 71, 20-400 Lublin","ulica os. LSM 71, 20-400 Lublin",35 8961 9161 6172 2780 2792 4364,True,2017/05/09,2017/26/02
Innowacyjny Sokół sp z oo,1243595554,AKTYWNY,,79050758935,0000010775,"88, 24-120 Mięćmierz","88, 24-120 Mięćmierz",43 2645 4639 7633 3561 9380 7751,False,12-10-2018,05-03-2018
Kreatywny Jodełka sp. z o. o.,1253674775,AKTYWNY,,80061460287,0000010872,"ul. Brzeska 105/17, 21-500 Biała Podlaska","ul. Brzeska 105/17, 21-500 Biała Podlaska",42 9795 8042 6512 5171 9190 1427,False,2019-19-11,2019-12-04
Aktywny Zodiak Sp. z o.o.,1243753935,AKTYWNY,,81072161673,0000010969,"ul Rynek Staromiejski 122, 87-100 Toruń","ul Rynek Staromiejski 122, 87-100 Toruń",19 1006 8480 4093 4368 4341 5572,True,20201226,20200519
Jasny Kasprowy SP Z O O,1243833120,AKTYWNY,,82082863023,,"ulica Mostowa 139, 85-110 Bydgoszcz","ulica Mostowa 139, 85-110 Bydgoszcz",01922992128248587963657963,False,05/01/2021,26/06/2021
Green Bizon spółka z ograniczoną odpowiedzialnością,1243912316,AKTYWNY,,83090764416,0000011163,"Stare Miasto 156, 10-026 Olsztyn","Stare Miasto 156, 10-026 Olsztyn",04327899191892167249319636,True,2022/12/02,2022/20/08
Blue Ikar Spółka z ograniczoną odpowiedzialnością,1243991505,AKTYWNY,,84101465768,0000011260,"os. Warszawska 173/69, 11-700 Mrągowo","os. Warszawska 173/69, 11-700 Mrągowo",33 8711 7437 5062 4622 3078 2183,False,19-03-2023,12-08-2023
Gold Pegaz S.A.,1244070693,AKTYWNY,,85112167155,0000011357,"ul Wojska Polskiego 10, 70-470 Szczecin","ul Wojska Polskiego 10, 70-470 Szczecin",26 6981 2908 8961 1068 6748 9860,True,2024-26-04,2024-19-09
Silver Żubr SA,1244149880,AKTYWNY,,86122868504,0000011454,"ulica Monte Cassino 27, 72-600 Świnoujście","ulica Monte Cassino 27, 72-600 Świnoujście",84 9427 9684 9006 4061 1382 5593,False,20250505,20251026
Smart Narew S. A.,1244229076,AKTYWNY,,87010769893,0000011551,"Rynek 44, Opole","Rynek 44, Opole",32531215644135530625764487,False,12/06/2026,05/11/2026
X - Twitter,1244308261,AKTYWNY,,88021471245,0000011648,"ul. Byczyńska 61/31, 46-200 Kluczbork","ul. Byczyńska 61/31, 46-200 Kluczbork",41 6733 7021 8761 7357 3471 7294,False,2015/19/07,2015/12/12
Safe Rysy sp. z o.o.,1244387450,AKTYWNY,,89032172631,0000011745,"ul Chrobrego 78, 66-400 Gorzów Wielkopolski","ul Chrobrego 78, 66-400 Gorzów Wielkopolski",80071522130426450448238687,True,26-08-2016,25-12-2023
Best Amber sp z oo,1244466646,AKTYWNY,,90042873980,0000011842,"ulica 30 Stycznia 95, 66-300 Międzyrzecz","ulica 30 Stycznia 95, 66-300 Międzyrzecz",54801573904874559167621771,False,2017-05-09,2026-23-01
Global Horyzont sp. z o. o.,1244545831,AKTYWNY,,91050775374,0000011939,"Paderewskiego 112, 25-004 Kielce","Paderewskiego 112, 25-004 Kielce",51 8878 3262 2565 4199 9770 3038,False,20181012,20180305
Future Oaza Sp. z o.o.,1244625027,AKTYWNY,,92061476722,0000012036,"ul. 1 Maja 129/83, 28-100 Busko-Zdrój","ul. 1 Maja 129/83, 28-100 Busko-Zdrój",20268512581285263255075493,False,19/11/2019,23/03/2025
Wielkopolski Zefir SP Z O O,1244704212,AKTYWNY,,93072178119,0000012133,"ul Marszałkowska 146, 00-590 Warszawa","ul Marszałkowska 146, 00-590 Warszawa",55564099257571324034280987,False,2020/26/12,2021/25/11
Śląski Pilica spółka z ograniczoną odpowiedzialnością,1244783401,AKTYWNY,,94082879469,0000012230,"ulica Krakowskie Przedmieście 163, 00-071 Warszawa","ulica Krakowskie Przedmieście 163, 00-071 Warszawa",42 2979 6720 4492 5204 8056 7267,True,05-01-2021,26-06-2021
Mazowiecki Marmur Spółka z ograniczoną odpowiedzialnością,1244862595,AKTYWNY,,95090780855,0000012327,"Floriańska 180, 31-019 Kraków","Floriańska 180, 31-019 Kraków",70 8317 7767 8425 1573 1698 1874,True,2022-12-02,2022-05-07
Pomorski Giewont S.A.,1244941780,AKTYWNY,,06101482207,0000012424,"ul. Długa 17/45, 31-147 Kraków","ul. Długa 17/45, 31-147 Kraków",21746261007819245618174103,True,20230319,20220906
Dolnośląski Sudety SA,1245020970,AKTYWNY,,97112183594,0000012521,"ul Piotrkowska 34, 90-102 Łódź","ul Piotrkowska 34, 90-102 Łódź",14 6606 1895 9317 5570 4410 4578,True,26/04/2024,19/09/2024
Karpacki Gryf S. A.,1245100166,AKTYWNY,,98122884943,0000012618,"ulica Zachodnia 51, 90-402 Łódź","ulica Zachodnia 51, 90-402 Łódź",30372773525715980798468997,false,2025/05/05,2026/14/08
Bałtycki Neon Spółka Akcyjna,1245179357,AKTYWNY,,99010786332,0000012715,"Świdnicka 68, 50-066 Wrocław","Świdnicka 68, 50-066 Wrocław",15456931146578539020435018,true,12-06-2026,05-11-2026
Młody Wektor sp. z o.o.,1245258542,AKTYWNY,,00221487686,0000012812,"ul. Legnicka 85/7, 54-203 Wrocław","ul. Legnicka 85/7, 54-203 Wrocław",91437447476601247086007833,true,2015-19-07,2020-30-11
Wspólny Noteć sp z oo,1245337738,AKTYWNY,,01232189073,0000012909,"ul Święty Marcin 102, 61-806 Poznań","ul Święty Marcin 102, 61-806 Poznań",54 9883 7771 3450 1256 2738 7918,false,20160826,20160119
Pierwszy Granit sp. z o. o.,1245416923,AKTYWNY,,02242890425,0000013006,"ulica Głogowska 119, 60-734 Poznań","ulica Głogowska 119, 60-734 Poznań",29 8916 4101 7577 7271 2647 4293,false,05/09/2017,26/02/2017
Zielony Żubr Sp. z o.o.,1245496112,AKTYWNY,,03250791818,0000013103,"Długa 136, 80-831 Gdańsk","Długa 136, 80-831 Gdańsk",95 8947 4265 6102 6130 3151 8961,false,2018/12/10,2018/05/03
Niebieski Narew SP Z O O,1245575308,AKTYWNY,,04261493168,0000013200,"ul. Grunwaldzka 153/59, 80-236 Gdańsk","ul. Grunwaldzka 153/59, 80-236 Gdańsk",59923000812225433070151415,false,19-11-2019,12-04-2019
Złoty Syrena spółka z ograniczoną odpowiedzialnością,1245654491,AKTYWNY,,05272194554,0000013297,70-435 Szczecin,70-435 Szczecin,10 2440 4077 5067 9038 8231 2594,true,2020-26-12,2020-19-05
Srebrny Rysy Spółka z ograniczoną odpowiedzialnością,1245733687,AKTYWNY,,60082895909,0000013394,"ulica Wyszyńskiego 7, 70-200 Szczecin","ulica Wyszyńskiego 7, 70-200 Szczecin",21 8746 8131 5486 1417 4017 4008,false,20210105,20210626
Czysty Amber S.A.,1245812872,AKTYWNY,,61090797294,0000013491,"Mariacka 24, 40-014 Katowice","Mariacka 24, 40-014 Katowice",94 7459 9269 1672 5048 4661 4859,false,12/02/2022,05/07/2022
P.P.H.U. Szybki Horyzont,2245892061,AKTYWNY,,62101498645,0000013588,"ul. Warszawska 41/21, 40-009 Katowice","ul. Warszawska 41/21, 40-009 Katowice",71444473207668291844378048,false,2023/19/03,2023/12/08
Pewny Oaza S. A.,1245971257,AKTYWNY,,63112100035,0000013685,"ul Krakowskie Przedmieście 58, 20-002 Lublin","ul Krakowskie Przedmieście 58, 20-002 Lublin",70 8714 7566 4897 2872 7026 1540,true,26-04-2024,19-09-2024
Dobry Zefir Spółka Akcyjna,1246050447,AKTYWNY,,64122801385,0000013782,"ulica Narutowicza 75, 20-004 Lublin","ulica Narutowicza 75, 20-004 Lublin",34858008885082317317259888,true,2025-05-05,2025-26-10
Polski Pilica sp. z o.o.,1246129634,AKTYWNY,,65010702773,0000013879,"Lipowa 92, 15-424 Białystok","Lipowa 92, 15-424 Białystok",46548207338005641810612693,true,20260612,20261105
Europejski Marmur sp z oo,1256208855,AKTYWNY,,66021404122,0000013976,"ul. Sienkiewicza 109/73, 15-092 Białystok","ul. Sienkiewicza 109/73, 15-092 Białystok",78 4606 8060 9789 8394 5691 8365,true,19/07/2015,12/12/2015
Globalny Giewont sp. z o. o.,1246288019,AKTYWNY,,67032105518,0000014073,"os. Gdańska 126, 85-005 Bydgoszcz","os. Gdańska 126, 85-005 Bydgoszcz",97030725819184977066148249,false,2016/26/08,2016/19/01
Lokalny Sudety Sp. z o.o.,1246367204,AKTYWNY,,68042806868,0000014170,"ulica Dworcowa 143, 85-009 Bydgoszcz","ulica Dworcowa 143, 85-009 Bydgoszcz",27 4554 9969 7385 3861 3683 2045,true,05-09-2017,26-02-2017
Nowoczesny Gryf SP Z O O,1246446398,AKTYWNY,,69050708252,0000014267,"Szeroka 160, 87-100 Toruń","Szeroka 160, 87-100 Toruń",81006821733438256973416968,true,2018-12-10,2018-05-03
Tradycyjny Neon spółka z ograniczoną odpowiedzialnością,1246525583,AKTYWNY,,70061409609,0000014364,"ul. Chełmińska 177/35, 87-100 Toruń","ul. Chełmińska 177/35, 87-100 Toruń",16 3134 6852 4559 1522 9761 5603,true,20191119,20190412
Dynamiczny Wektor Spółka z ograniczoną odpowiedzialnością,1246604779,AKTYWNY,,71072110999,0000014461,"ul 3 Maja 14, 35-030 Rzeszów","ul 3 Maja 14, 35-030 Rzeszów",97 5423 8671 5103 1508 1926 7229,false,26/12/2020,19/05/2020
Amber Budownictwo S.A.,1246683968,AKTYWNY,,72082812349,0000014558,"ulica Piłsudskiego 31, 35-074 Rzeszów",,,,,
Falcon Transport SA,1246763153,AKTYWNY,,73090713732,0000014655,"Sienkiewicza 48, 25-007 Kielce","Sienkiewicza 48, 25-007 Kielce",76904122239339540491286529,true,12-02-2022,05-07-2022
Koral Spedycja S. A.,1246842349,AKTYWNY,,74101415085,0000014752,"ul. Warszawska 65/87, 25-512 Kielce","ul. Warszawska 65/87, 25-512 Kielce",77269446914846797007477978,false,2023-19-03,2022-04-10
Pegaz Logistyka Spółka Akcyjna,1246921534,AKTYWNY,,75112116471,0000014849,"ul Kościuszki 82, 10-504 Olsztyn","ul Kościuszki 82, 10-504 Olsztyn",63635458054631552497336966,false,20240426,20230516
Wektor Handel sp. z o.o.,1247000724,AKTYWNY,,76122817820,0000014946,"ulica Dąbrowszczaków 99, 10-540 Olsztyn","ulica Dąbrowszczaków 99, 10-540 Olsztyn",46 1224 1724 1117 6438 5849 3886,true,05/05/2025,26/10/2025
Kormoran Usługi sp z oo,1247079915,AKTYWNY,,77010719219,0000015043,"Krakowska 116, 45-018 Opole","Krakowska 116, 45-018 Opole",85644876491630629610254158,true,2026/12/06,2021/02/02
Jodełka Finanse sp. z o. o.,1247159100,AKTYWNY,,78021420561,0000015140,"ul. Ozimska 133/49, 45-057 Opole","ul. Ozimska 133/49, 45-057 Opole",37731377103089227957370236,false,19-07-2015,25-04-2024
Marmur Doradztwo Sp. z o.o.,1247238294,AKTYWNY,,79032121957,0000015237,"ul Bohaterów Westerplatte 150, 65-034 Zielona Góra","ul Bohaterów Westerplatte 150, 65-034 Zielona Góra",63023538723756451451936903,true,2016-26-08,2024-23-07
Krokus Szkolenia SP Z O O,1257317517,AKTYWNY,,80042823306,0000015334,"ulica Kupiecka 167, 65-058 Zielona Góra","ulica Kupiecka 167, 65-058 Zielona Góra",99 3140 1147 8611 4622 9856 1126,true,20170905,20170226
Beskid Media spółka z ograniczoną odpowiedzialnością,1247396679,AKTYWNY,,81050724690,0000015431,"Świętojańska 4, 81-372 Gdynia","Świętojańska 4, 81-372 Gdynia",28165807526714661873696464,false,12/10/2018,25/09/2020
Facebook - Meta,1247475864,AKTYWNY,,82061426049,0000015528,"ul. 10 Lutego 21/11, 81-364 Gdynia","ul. 10 Lutego 21/11, 81-364 Gdynia",84 9348 8982 9929 9829 4052 8525,true,2019/19/11,2019/12/04
Falcon Marketing S.A.,1257555085,AKTYWNY,,83072127435,0000015625,"ul Bolesława Prusa 38, 05-800 Pruszków","ul Bolesława Prusa 38, 05-800 Pruszków",88 3030 7630 1293 9321 3998 7119,false,26-12-2020,19-05-2020
Koral Druk SA,1247634245,AKTYWNY,,84082828785,0000015722,"ulica Kościuszki 55, 05-500 Piaseczno","ulica Kościuszki 55, 05-500 Piaseczno",70 4660 4949 2534 2742 7001 5211,false,2021-05-01,2021-26-06
Pegaz Informatyka S. A.,1247713430,AKTYWNY,,85090730172,0000015819,"Sienkiewicza 72, 32-020 Wieliczka","Sienkiewicza 72, 32-020 Wieliczka",91 3317 5977 2990 1247 9358 3521,false,20220212,20220705
Wektor Oprogramowanie Spółka Akcyjna,1257792655,AKTYWNY,,86101431523,0000015916,"ul. Dąbrowskiego 89/63, 32-600 Oświęcim","ul. Dąbrowskiego 89/63, 32-600 Oświęcim",89 6935 3198 8557 1060 8802 8181,false,19/03/2023,12/08/2023
Kormoran Rolnictwo sp. z o.o.,1247871815,AKTYWNY,,87112132919,0000016013,"ul Rynek 106, 38-400 Krosno","ul Rynek 106, 38-400 Krosno",40949677253384186815603886,true,2024/26/04,2024/19/09
Jodełka Ogrodnictwo sp z oo,1247951000,AKTYWNY,,88122834260,000001611,"ulica Mickiewicza 123, 39-300 Mielec","ulica Mickiewicza 123, 39-300 Mielec",17 7492 7631 8096 4536 9267 3320,true,05-05-2025,26-10-2025
Marmur Produkcja sp. z o. o.,1248030199,AKTYWNY,,89010735658,0000016207,"Długa 140, 58-100 Świdnica","Długa 140, 58-100 Świdnica",23 4544 5119 3756 9945 5150 2604,true,2026-12-06,2026-05-11
Krokus Przemysł Sp. z o.o.,1248109386,AKTYWNY,,90021437006,0000016304,"157/25, 57-300 Kłodzko","157/25, 57-300 Kłodzko",95524946706890796384992097,false,20150719,20250121
Beskid Ekologia SP Z O O,1248188575,AKTYWNY,,91032138393,0000016401,"ul Chrobrego 174, 62-200 Gniezno","ul Chrobrego 174, 62-200 Gniezno",32 5350 6628 8782 5290 5454 1986,true,26/08/2016,19/01/2016
Amber Energetyka spółka z ograniczoną odpowiedzialnością,1248267760,AKTYWNY,,92042839742,0000016498,"ulica Słowiańska 11, 64-100 Leszno","ulica Słowiańska 11, 64-100 Leszno",77 6650 5390 3475 1032 8684 7919,true,2017/05/09,2017/26/02
Falcon Instalacje Spółka z ograniczoną odpowiedzialnością,1248346956,AKTYWNY,,93050741139,0000016595,"Gdańska 28, 83-110 Tczew","Gdańska 28, 83-110 Tczew",33733514775306668188099454,false,12-10-2018,09-08-2026
Koral Nieruchomości S.A.,1248426141,AKTYWNY,,94061442488,0000016692,"ul. Sobieskiego 45/77, 84-200 Wejherowo","ul. Sobieskiego 45/77, 84-200 Wejherowo",34 3394 3451 2120 2292 7189 9293,false,2019-19-11,2019-12-04
Pegaz Inwestycje SA,1248505337,AKTYWNY,,95072143874,0000016789,"ul Głęboka 62, 43-400 Cieszyn","ul Głęboka 62, 43-400 Cieszyn",81839212909746117654642674,false,2020-26-12 02:32,20210808
Wektor Medycyna S. A.,1248584526,AKTYWNY,,96082845224,0000016886,"os. Małachowskiego 79, 42-500 Będzin","os. Małachowskiego 79, 42-500 Będzin",27794641493748313892095714,true,05/01/2021,26/06/2021
Kormoran Zdrowie Spółka Akcyjna,1248663711,AKTYWNY,,97090746617,0000016983,"Królowej Jadwigi 96, 88-100 Inowrocław","Królowej Jadwigi 96, 88-100 Inowrocław",23 2755 8375 6263 2275 8105 9241,true,2022/12/02,2022/05/07
Jodełka Urody sp. z o.o.,1248742907,AKTYWNY,,98101447969,0000017080,"ul. Wybickiego 113/39, 86-300 Grudziądz","ul. Wybickiego 113/39, 86-300 Grudziądz",92 5855 9519 2519 5275 8841 4653,true,19-03-2023,12-08-2023
Marmur Turystyka sp z oo,1248822090,AKTYWNY,,99112149356,0000017177,"ul Czarnieckiego 130, 14-100 Ostróda","ul Czarnieckiego 130, 14-100 Ostróda",50832067304508470543166766,true,2024-26-04,2022-06-10
Krokus Rozrywka sp. z o. o.,1248901286,AKTYWNY,,00322850703,0000017274,"ulica Warszawska 147, 11-500 Giżycko","ulica Warszawska 147, 11-500 Giżycko",25690959364937422179528006,false,20250505,20251026
Beskid Gastronomia Sp. z o.o.,1248980475,AKTYWNY,,01210752093,0000017371,"Lubelska 164, 24-100 Puławy","Lubelska 164, 24-100 Puławy",70 2707 9057 1283 9619 9319 1602,true,12/06/2026,05/11/2026
PPHU Amber Moda,1249059667,AKTYWNY,,02221453441,0000017468,"ul. Staszica 1/1, 22-400 Zamość","ul. Staszica 1/1, 22-400 Zamość",38340352807333614111711356,true,2015/19/07,2025/02/10
Falcon Tekstylia spółka z ograniczoną odpowiedzialnością,1249138852,AKTYWNY,,03232154837,0000017565,"ul 3 Maja 18, 16-300 Augustów","ul 3 Maja 18, 16-300 Augustów",42 2189 8923 7363 7623 1822 7982,false,26-08-2016,19-01-2016
Koral Motoryzacja Spółka z ograniczoną odpowiedzialnością,1249218048,AKTYWNY,,04242856188,0000017662,"ulica Kościuszki 35, 16-400 Suwałki","ulica Kościuszki 35, 16-400 Suwałki",98 7975 5149 5545 3612 2183 7232,false,2017-05-09,2017-26-02
Pegaz Ubezpieczenia S.A.,1249297237,AKTYWNY,,05250757571,0000017759,"Piastowska 52, 48-300","Piastowska 52, 48-300",37 9781 3645 1298 9500 8592 1449,true,20181012,2018-05-03 02:32
Wektor Spawalnictwo SA,1249376422,AKTYWNY,,60061458925,0000017856,"ul. Długa 69/53, 49-300 Brzeg","ul. Długa 69/53, 49-300 Brzeg",20319205223165700913814020,true,19/11/2019,07/07/2025
Kormoran Ślusarstwo S. A.,1249455618,AKTYWNY,,61072160315,0000017953,"ul Rynek 86, 68-200 Żary","ul Rynek 86, 68-200 Żary",88 8792 7984 6648 1982 2137 3187,false,2020/26/12,2020/19/05
Jodełka Krawiectwo Spółka Akcyjna,1249534803,AKTYWNY,,62082861665,0000018050,"ulica Nieistniejąca 103, 99-999 Nibylandia","ulica Nieistniejąca 103, 99-999 Nibylandia",74505395028316768829288521,true,05-01-2021,31-01-2021
Marmur Ochrona sp. z o.o.,1249613997,AKTYWNY,,63090763059,0000018147,"Armii Krajowej 120, 78-100 Kołobrzeg","Armii Krajowej 120, 78-100 Kołobrzeg",51 8302 7499 3548 9290 6111 9859,false,2022-12-02,2022-05-07
Krokus Catering sp z oo,1249693186,AKTYWNY,,64101464400,0000018244,"ul. Piłsudskiego 137/15, 73-110 Stargard","ul. Piłsudskiego 137/15, 73-110 Stargard",28256876783997790144654289,false,20230319,20230812
Beskid Księgowość sp. z o. o.,1249772371,AKTYWNY,,65112165797,0000018341,"154, 27-600 Sandomierz","154, 27-600 Sandomierz",35 4169 5949 5009 9379 8565 2720,true,26/04/2024,19/09/2024
Jantar Budownictwo Sp. z o.o.,1249851567,AKTYWNY,,66122867147,0000018438,"ulica Sienkiewicza 171, 27-400 Ostrowiec Świętokrzyski","ulica Sienkiewicza 171, 27-400 Ostrowiec Świętokrzyski",61 8132 5431 7085 1509 3842 5237,true,2025/05/05,2025/26/10
Oaza Transport SP Z O O,1249930752,AKTYWNY,,67010768535,0000018535,"Chmielna 8, 00-020 Warszawa","Chmielna 8, 00-020 Warszawa",92 9302 7292 5097 3611 7958 2679,false,12-06-2026,05-11-2026
Uran Spedycja spółka z ograniczoną odpowiedzialnością,1250009942,AKTYWNY,,68021469884,0000018632,"ul. Nowy Świat 25/67, 00-029 Warszawa","ul. Nowy Świat 25/67, 00-029 Warszawa",83735290138916512856444647,true,2015-19-07,2015-12-12
Orzeł Logistyka Spółka z ograniczoną odpowiedzialnością,1250089131,AKTYWNY,,69032171274,0000018729,"ul os. Przyjaźń 42, 01-355 Warszawa","ul os. Przyjaźń 42, 01-355 Warszawa",30 6745 9696 2245 5637 7554 9775,true,20160826,20160119
Narew Handel S.A.,1250168327,AKTYWNY,,70042872622,0000018826,"ulica Jagiellońska 59, 05-120 Legionowo","ulica Jagiellońska 59, 05-120 Legionowo",98 8610 8425 2242 3722 7364 8829,false,05/09/2017,26/02/2017
Granit Usługi SA,1250247512,AKTYWNY,,71050774016,0000018923,"Piłsudskiego 76, 05-270 Marki","Piłsudskiego 76, 05-270 Marki",69 8589 1077 9060 8315 9937 7818,false,2018/12/10,2018/05/03
Zorza Finanse S. A.,1250326708,AKTYWNY,,72061475365,0000019020,"ul. Andriollego 93/29, 05-400 Otwock","ul. Andriollego 93/29, 05-400 Otwock",59 7432 3740 7678 5764 1651 6398,true,19-11-2019,12-04-2019
Kasprowy Doradztwo Spółka Akcyjna,1250405891,AKTYWNY,,73072176751,0000019117,"ul Żeromskiego 110, 26-600 Radom","ul Żeromskiego 110, 26-600 Radom",80 6870 4547 4782 8684 6272 2833,false,2020-26-12,2020-19-05
Sudety Szkolenia sp. z o.o.,1250485080,AKTYWNY,,74082878101,0000019214,"ulica Tumska 127, 09-402 Płock","ulica Tumska 127, 09-402 Płock",26390738853874611842602361,false,20210105,20210626
Echo Media sp z oo,1250564276,AKTYWNY,,75090779495,0000019311,"Karmelicka 144, 31-128 Kraków","Karmelicka 144, 31-128 Kraków",18023522000679527742976253,true,12/02/2022,05/07/2022
